"Time stamp","Tablero A   (kW)","OLG02 - CDMX Santa Fe - 204 temperatures (℃)"
"2019-05-01 00:00","0.0","14.8"
"2019-05-01 00:15","0.0","14.8"
"2019-05-01 00:30","0.0","14.8"
"2019-05-01 00:45","0.0","14.8"
"2019-05-01 01:00","0.0","14.8"
"2019-05-01 01:15","0.0","14.8"
"2019-05-01 01:30","0.0","14.8"
"2019-05-01 01:45","0.0","14.8"
"2019-05-01 02:00","0.0","14.29"
"2019-05-01 02:15","0.0","14.29"
"2019-05-01 02:30","0.0","14.29"
"2019-05-01 02:45","0.0","14.29"
"2019-05-01 03:00","0.0","12.47"
"2019-05-01 03:15","0.0","12.47"
"2019-05-01 03:30","0.0","12.47"
"2019-05-01 03:45","0.0","12.47"
"2019-05-01 04:00","0.0","11.14"
"2019-05-01 04:15","0.0","11.14"
"2019-05-01 04:30","0.0","11.14"
"2019-05-01 04:45","0.0","11.14"
"2019-05-01 05:00","0.0","11.14"
"2019-05-01 05:15","0.0","11.14"
"2019-05-01 05:30","0.0","11.14"
"2019-05-01 05:45","0.0","11.14"
"2019-05-01 06:00","0.0","10.27"
"2019-05-01 06:15","0.0","10.27"
"2019-05-01 06:30","0.0","10.27"
"2019-05-01 06:45","1.51","10.27"
"2019-05-01 07:00","2.25","9.38"
"2019-05-01 07:15","2.57","9.38"
"2019-05-01 07:30","3.35","9.38"
"2019-05-01 07:45","3.48","9.38"
"2019-05-01 08:00","3.33","12.14"
"2019-05-01 08:15","3.38","12.14"
"2019-05-01 08:30","3.46","12.14"
"2019-05-01 08:45","3.35","12.14"
"2019-05-01 09:00","3.45","14.17"
"2019-05-01 09:15","3.42","14.17"
"2019-05-01 09:30","3.53","14.17"
"2019-05-01 09:45","3.5","14.17"
"2019-05-01 10:00","3.63","17.56"
"2019-05-01 10:15","3.72","17.56"
"2019-05-01 10:30","3.76","17.56"
"2019-05-01 10:45","3.7","17.56"
"2019-05-01 11:00","3.75","20.46"
"2019-05-01 11:15","3.87","20.46"
"2019-05-01 11:30","3.83","20.46"
"2019-05-01 11:45","3.85","20.46"
"2019-05-01 12:00","3.89","23.56"
"2019-05-01 12:15","4.06","23.56"
"2019-05-01 12:30","4.11","23.56"
"2019-05-01 12:45","3.95","23.56"
"2019-05-01 13:00","4.08","25.63"
"2019-05-01 13:15","4.19","25.63"
"2019-05-01 13:30","4.17","25.63"
"2019-05-01 13:45","4.13","25.63"
"2019-05-01 14:00","4.1","26.97"
"2019-05-01 14:15","4.01","26.97"
"2019-05-01 14:30","4.11","26.97"
"2019-05-01 14:45","4.04","26.97"
"2019-05-01 15:00","4.07","28.02"
"2019-05-01 15:15","4.12","28.02"
"2019-05-01 15:30","4.14","28.02"
"2019-05-01 15:45","4.06","28.02"
"2019-05-01 16:00","4.1","28.82"
"2019-05-01 16:15","0.2687","28.82"
"2019-05-01 16:30","0.0","28.82"
"2019-05-01 16:45","0.0","28.82"
"2019-05-01 17:00","0.0","28.47"
"2019-05-01 17:15","0.0","28.47"
"2019-05-01 17:30","0.0","28.47"
"2019-05-01 17:45","0.0","28.47"
"2019-05-01 18:00","0.0","26.78"
"2019-05-01 18:15","0.0","26.78"
"2019-05-01 18:30","0.0","26.78"
"2019-05-01 18:45","0.0","26.78"
"2019-05-01 19:00","0.0","25.61"
"2019-05-01 19:15","0.0","25.61"
"2019-05-01 19:30","0.0","25.61"
"2019-05-01 19:45","0.0","25.61"
"2019-05-01 20:00","0.0","23.19"
"2019-05-01 20:15","0.0","23.19"
"2019-05-01 20:30","0.0","23.19"
"2019-05-01 20:45","0.0","23.19"
"2019-05-01 21:00","0.0","19.08"
"2019-05-01 21:15","0.3138","19.08"
"2019-05-01 21:30","2.37","19.08"
"2019-05-01 21:45","0.771","19.08"
"2019-05-01 22:00","0.0","17.56"
"2019-05-01 22:15","0.0","17.56"
"2019-05-01 22:30","0.0","17.56"
"2019-05-01 22:45","0.0","17.56"
"2019-05-01 23:00","0.0","16.85"
"2019-05-01 23:15","0.0","16.85"
"2019-05-01 23:30","0.0","16.85"
"2019-05-01 23:45","0.0","16.85"
"2019-05-02 00:00","0.0","16.5"
"2019-05-02 00:15","0.0","16.5"
"2019-05-02 00:30","0.0","16.5"
"2019-05-02 00:45","0.0","16.5"
"2019-05-02 01:00","0.0","16.49"
"2019-05-02 01:15","0.0","16.49"
"2019-05-02 01:30","0.0","16.49"
"2019-05-02 01:45","0.0","16.49"
"2019-05-02 02:00","0.0","16.17"
"2019-05-02 02:15","0.0","16.17"
"2019-05-02 02:30","0.0","16.17"
"2019-05-02 02:45","0.0","16.17"
"2019-05-02 03:00","0.0","15.48"
"2019-05-02 03:15","0.0","15.48"
"2019-05-02 03:30","0.0","15.48"
"2019-05-02 03:45","0.0","15.48"
"2019-05-02 04:00","0.0","15.77"
"2019-05-02 04:15","0.0","15.77"
"2019-05-02 04:30","0.0","15.77"
"2019-05-02 04:45","0.0","15.77"
"2019-05-02 05:00","0.0","15.08"
"2019-05-02 05:15","0.0","15.08"
"2019-05-02 05:30","0.0","15.08"
"2019-05-02 05:45","0.0","15.08"
"2019-05-02 06:00","0.0","14.41"
"2019-05-02 06:15","0.0","14.41"
"2019-05-02 06:30","0.0","14.41"
"2019-05-02 06:45","0.3118","14.41"
"2019-05-02 07:00","2.61","13.3"
"2019-05-02 07:15","2.59","13.3"
"2019-05-02 07:30","2.62","13.3"
"2019-05-02 07:45","3.75","13.3"
"2019-05-02 08:00","3.89","15.14"
"2019-05-02 08:15","3.81","15.14"
"2019-05-02 08:30","3.81","15.14"
"2019-05-02 08:45","3.67","15.14"
"2019-05-02 09:00","3.51","16.86"
"2019-05-02 09:15","3.6","16.86"
"2019-05-02 09:30","3.56","16.86"
"2019-05-02 09:45","3.56","16.86"
"2019-05-02 10:00","3.93","20.19"
"2019-05-02 10:15","3.93","20.19"
"2019-05-02 10:30","3.95","20.19"
"2019-05-02 10:45","4.05","20.19"
"2019-05-02 11:00","4.03","21.21"
"2019-05-02 11:15","3.96","21.21"
"2019-05-02 11:30","3.86","21.21"
"2019-05-02 11:45","3.85","21.21"
"2019-05-02 12:00","3.95","24.03"
"2019-05-02 12:15","3.97","24.03"
"2019-05-02 12:30","3.98","24.03"
"2019-05-02 12:45","4.18","24.03"
"2019-05-02 13:00","4.36","25.7"
"2019-05-02 13:15","4.27","25.7"
"2019-05-02 13:30","4.19","25.7"
"2019-05-02 13:45","4.26","25.7"
"2019-05-02 14:00","4.23","27.0"
"2019-05-02 14:15","4.17","27.0"
"2019-05-02 14:30","4.14","27.0"
"2019-05-02 14:45","4.08","27.0"
"2019-05-02 15:00","4.05","28.04"
"2019-05-02 15:15","4.11","28.04"
"2019-05-02 15:30","4.07","28.04"
"2019-05-02 15:45","4.04","28.04"
"2019-05-02 16:00","4.19","28.24"
"2019-05-02 16:15","4.07","28.24"
"2019-05-02 16:30","4.03","28.24"
"2019-05-02 16:45","4.05","28.24"
"2019-05-02 17:00","4.01","27.27"
"2019-05-02 17:15","4.07","27.27"
"2019-05-02 17:30","4.09","27.27"
"2019-05-02 17:45","4.07","27.27"
"2019-05-02 18:00","3.78","25.13"
"2019-05-02 18:15","3.73","25.13"
"2019-05-02 18:30","3.7","25.13"
"2019-05-02 18:45","3.75","25.13"
"2019-05-02 19:00","3.79","26.25"
"2019-05-02 19:15","3.78","26.25"
"2019-05-02 19:30","3.75","26.25"
"2019-05-02 19:45","3.68","26.25"
"2019-05-02 20:00","3.69","24.09"
"2019-05-02 20:15","3.67","24.09"
"2019-05-02 20:30","3.63","24.09"
"2019-05-02 20:45","3.61","24.09"
"2019-05-02 21:00","3.64","20.0"
"2019-05-02 21:15","1.45","20.0"
"2019-05-02 21:30","0.073","20.0"
"2019-05-02 21:45","0.0","20.0"
"2019-05-02 22:00","0.0","19.62"
"2019-05-02 22:15","0.0","19.62"
"2019-05-02 22:30","0.0","19.62"
"2019-05-02 22:45","0.0","19.62"
"2019-05-02 23:00","0.0","17.56"
"2019-05-02 23:15","0.0","17.56"
"2019-05-02 23:30","0.0","17.56"
"2019-05-02 23:45","0.0","17.56"
"2019-05-03 00:00","0.0","16.84"
"2019-05-03 00:15","0.0","16.84"
"2019-05-03 00:30","0.0","16.84"
"2019-05-03 00:45","0.0","16.84"
"2019-05-03 01:00","0.0","16.87"
"2019-05-03 01:15","0.0","16.87"
"2019-05-03 01:30","0.0","16.87"
"2019-05-03 01:45","0.0","16.87"
"2019-05-03 02:00","0.0","15.78"
"2019-05-03 02:15","0.0","15.78"
"2019-05-03 02:30","0.0","15.78"
"2019-05-03 02:45","0.0","15.78"
"2019-05-03 03:00","0.0","15.09"
"2019-05-03 03:15","0.0","15.09"
"2019-05-03 03:30","0.0","15.09"
"2019-05-03 03:45","0.0","15.09"
"2019-05-03 04:00","0.0","13.94"
"2019-05-03 04:15","0.0","13.94"
"2019-05-03 04:30","0.0","13.94"
"2019-05-03 04:45","0.0","13.94"
"2019-05-03 05:00","0.0","12.23"
"2019-05-03 05:15","0.0","12.23"
"2019-05-03 05:30","0.0","12.23"
"2019-05-03 05:45","0.0","12.23"
"2019-05-03 06:00","0.0","12.98"
"2019-05-03 06:15","0.0","12.98"
"2019-05-03 06:30","0.0","12.98"
"2019-05-03 06:45","0.4869","12.98"
"2019-05-03 07:00","4.41","12.65"
"2019-05-03 07:15","4.46","12.65"
"2019-05-03 07:30","4.47","12.65"
"2019-05-03 07:45","4.47","12.65"
"2019-05-03 08:00","4.56","14.38"
"2019-05-03 08:15","4.59","14.38"
"2019-05-03 08:30","4.54","14.38"
"2019-05-03 08:45","4.52","14.38"
"2019-05-03 09:00","4.32","15.4"
"2019-05-03 09:15","4.27","15.4"
"2019-05-03 09:30","4.29","15.4"
"2019-05-03 09:45","4.31","15.4"
"2019-05-03 10:00","4.11","17.73"
"2019-05-03 10:15","4.53","17.73"
"2019-05-03 10:30","4.56","17.73"
"2019-05-03 10:45","4.6","17.73"
"2019-05-03 11:00","4.64","21.45"
"2019-05-03 11:15","4.76","21.45"
"2019-05-03 11:30","4.6","21.45"
"2019-05-03 11:45","4.81","21.45"
"2019-05-03 12:00","4.87","23.98"
"2019-05-03 12:15","4.86","23.98"
"2019-05-03 12:30","4.74","23.98"
"2019-05-03 12:45","4.8","23.98"
"2019-05-03 13:00","4.7","25.91"
"2019-05-03 13:15","4.71","25.91"
"2019-05-03 13:30","4.7","25.91"
"2019-05-03 13:45","4.71","25.91"
"2019-05-03 14:00","4.73","26.97"
"2019-05-03 14:15","4.72","26.97"
"2019-05-03 14:30","4.85","26.97"
"2019-05-03 14:45","4.73","26.97"
"2019-05-03 15:00","4.73","27.74"
"2019-05-03 15:15","4.69","27.74"
"2019-05-03 15:30","4.67","27.74"
"2019-05-03 15:45","4.65","27.74"
"2019-05-03 16:00","4.8","26.0"
"2019-05-03 16:15","4.68","26.0"
"2019-05-03 16:30","4.81","26.0"
"2019-05-03 16:45","4.74","26.0"
"2019-05-03 17:00","4.63","26.92"
"2019-05-03 17:15","4.56","26.92"
"2019-05-03 17:30","4.46","26.92"
"2019-05-03 17:45","4.64","26.92"
"2019-05-03 18:00","4.31","24.48"
"2019-05-03 18:15","4.28","24.48"
"2019-05-03 18:30","4.32","24.48"
"2019-05-03 18:45","4.23","24.48"
"2019-05-03 19:00","4.32","23.46"
"2019-05-03 19:15","4.37","23.46"
"2019-05-03 19:30","4.34","23.46"
"2019-05-03 19:45","4.33","23.46"
"2019-05-03 20:00","4.33","24.31"
"2019-05-03 20:15","4.36","24.31"
"2019-05-03 20:30","4.25","24.31"
"2019-05-03 20:45","1.58","24.31"
"2019-05-03 21:00","1.13","21.49"
"2019-05-03 21:15","1.17","21.49"
"2019-05-03 21:30","1.19","21.49"
"2019-05-03 21:45","0.3499","21.49"
"2019-05-03 22:00","0.0","21.14"
"2019-05-03 22:15","0.0","21.14"
"2019-05-03 22:30","0.0","21.14"
"2019-05-03 22:45","0.0","21.14"
"2019-05-03 23:00","0.0","20.07"
"2019-05-03 23:15","0.0","20.07"
"2019-05-03 23:30","0.0","20.07"
"2019-05-03 23:45","0.0","20.07"
"2019-05-04 00:00","0.0","19.01"
"2019-05-04 00:15","0.0","19.01"
"2019-05-04 00:30","0.0","19.01"
"2019-05-04 00:45","0.0","19.01"
"2019-05-04 01:00","0.0","17.97"
"2019-05-04 01:15","0.0","17.97"
"2019-05-04 01:30","0.0","17.97"
"2019-05-04 01:45","0.0","17.97"
"2019-05-04 02:00","0.0","17.62"
"2019-05-04 02:15","0.0","17.62"
"2019-05-04 02:30","0.0","17.62"
"2019-05-04 02:45","0.0","17.62"
"2019-05-04 03:00","0.0","17.09"
"2019-05-04 03:15","0.0","17.09"
"2019-05-04 03:30","0.0","17.09"
"2019-05-04 03:45","0.0","17.09"
"2019-05-04 04:00","0.0","15.39"
"2019-05-04 04:15","0.0","15.39"
"2019-05-04 04:30","0.0","15.39"
"2019-05-04 04:45","0.0","15.39"
"2019-05-04 05:00","0.0","14.67"
"2019-05-04 05:15","0.0","14.67"
"2019-05-04 05:30","0.0","14.67"
"2019-05-04 05:45","0.0","14.67"
"2019-05-04 06:00","0.0","14.01"
"2019-05-04 06:15","0.0","14.01"
"2019-05-04 06:30","0.0","14.01"
"2019-05-04 06:45","0.0","14.01"
"2019-05-04 07:00","0.0","13.33"
"2019-05-04 07:15","0.0","13.33"
"2019-05-04 07:30","0.0","13.33"
"2019-05-04 07:45","0.0","13.33"
"2019-05-04 08:00","0.0","15.06"
"2019-05-04 08:15","0.0","15.06"
"2019-05-04 08:30","3.52","15.06"
"2019-05-04 08:45","4.26","15.06"
"2019-05-04 09:00","4.16","16.41"
"2019-05-04 09:15","4.31","16.41"
"2019-05-04 09:30","4.21","16.41"
"2019-05-04 09:45","4.21","16.41"
"2019-05-04 10:00","4.2","20.04"
"2019-05-04 10:15","4.65","20.04"
"2019-05-04 10:30","4.73","20.04"
"2019-05-04 10:45","4.85","20.04"
"2019-05-04 11:00","4.86","21.36"
"2019-05-04 11:15","4.86","21.36"
"2019-05-04 11:30","4.83","21.36"
"2019-05-04 11:45","4.78","21.36"
"2019-05-04 12:00","4.91","24.79"
"2019-05-04 12:15","4.84","24.79"
"2019-05-04 12:30","4.71","24.79"
"2019-05-04 12:45","4.67","24.79"
"2019-05-04 13:00","4.65","25.41"
"2019-05-04 13:15","4.57","25.41"
"2019-05-04 13:30","4.52","25.41"
"2019-05-04 13:45","4.58","25.41"
"2019-05-04 14:00","4.7","27.27"
"2019-05-04 14:15","4.87","27.27"
"2019-05-04 14:30","4.81","27.27"
"2019-05-04 14:45","4.83","27.27"
"2019-05-04 15:00","4.78","27.98"
"2019-05-04 15:15","4.82","27.98"
"2019-05-04 15:30","4.84","27.98"
"2019-05-04 15:45","4.77","27.98"
"2019-05-04 16:00","4.77","27.78"
"2019-05-04 16:15","4.81","27.78"
"2019-05-04 16:30","4.67","27.78"
"2019-05-04 16:45","4.74","27.78"
"2019-05-04 17:00","4.88","26.99"
"2019-05-04 17:15","4.75","26.99"
"2019-05-04 17:30","4.72","26.99"
"2019-05-04 17:45","4.74","26.99"
"2019-05-04 18:00","4.39","26.66"
"2019-05-04 18:15","4.34","26.66"
"2019-05-04 18:30","4.37","26.66"
"2019-05-04 18:45","4.35","26.66"
"2019-05-04 19:00","4.41","25.93"
"2019-05-04 19:15","4.51","25.93"
"2019-05-04 19:30","4.46","25.93"
"2019-05-04 19:45","4.53","25.93"
"2019-05-04 20:00","4.5","25.23"
"2019-05-04 20:15","4.38","25.23"
"2019-05-04 20:30","3.89","25.23"
"2019-05-04 20:45","4.28","25.23"
"2019-05-04 21:00","3.73","20.38"
"2019-05-04 21:15","0.2275","20.38"
"2019-05-04 21:30","0.0","20.38"
"2019-05-04 21:45","0.0","20.38"
"2019-05-04 22:00","0.0","20.11"
"2019-05-04 22:15","0.0","20.11"
"2019-05-04 22:30","0.0","20.11"
"2019-05-04 22:45","0.0","20.11"
"2019-05-04 23:00","0.0","19.28"
"2019-05-04 23:15","0.0","19.28"
"2019-05-04 23:30","0.0","19.28"
"2019-05-04 23:45","0.0","19.28"
"2019-05-05 00:00","0.0","18.59"
"2019-05-05 00:15","0.0","18.59"
"2019-05-05 00:30","0.0","18.59"
"2019-05-05 00:45","0.0","18.59"
"2019-05-05 01:00","0.0","17.54"
"2019-05-05 01:15","0.0","17.54"
"2019-05-05 01:30","0.0","17.54"
"2019-05-05 01:45","0.0","17.54"
"2019-05-05 02:00","0.0","16.83"
"2019-05-05 02:15","0.0","16.83"
"2019-05-05 02:30","0.0","16.83"
"2019-05-05 02:45","0.0","16.83"
"2019-05-05 03:00","0.0","16.79"
"2019-05-05 03:15","0.0","16.79"
"2019-05-05 03:30","0.0","16.79"
"2019-05-05 03:45","0.0","16.79"
"2019-05-05 04:00","0.0","16.81"
"2019-05-05 04:15","0.0","16.81"
"2019-05-05 04:30","0.0","16.81"
"2019-05-05 04:45","0.0","16.81"
"2019-05-05 05:00","0.0","15.4"
"2019-05-05 05:15","0.0","15.4"
"2019-05-05 05:30","0.0","15.4"
"2019-05-05 05:45","0.0","15.4"
"2019-05-05 06:00","0.0","15.07"
"2019-05-05 06:15","0.0","15.07"
"2019-05-05 06:30","0.0","15.07"
"2019-05-05 06:45","0.0","15.07"
"2019-05-05 07:00","0.0","14.02"
"2019-05-05 07:15","0.0","14.02"
"2019-05-05 07:30","0.0","14.02"
"2019-05-05 07:45","0.0","14.02"
"2019-05-05 08:00","0.0","15.73"
"2019-05-05 08:15","0.9176","15.73"
"2019-05-05 08:30","2.4","15.73"
"2019-05-05 08:45","2.3","15.73"
"2019-05-05 09:00","2.35","16.18"
"2019-05-05 09:15","2.93","16.18"
"2019-05-05 09:30","3.82","16.18"
"2019-05-05 09:45","3.76","16.18"
"2019-05-05 10:00","3.79","18.89"
"2019-05-05 10:15","3.77","18.89"
"2019-05-05 10:30","3.92","18.89"
"2019-05-05 10:45","3.88","18.89"
"2019-05-05 11:00","3.88","21.49"
"2019-05-05 11:15","3.91","21.49"
"2019-05-05 11:30","3.83","21.49"
"2019-05-05 11:45","4.08","21.49"
"2019-05-05 12:00","4.09","23.28"
"2019-05-05 12:15","4.28","23.28"
"2019-05-05 12:30","4.36","23.28"
"2019-05-05 12:45","4.29","23.28"
"2019-05-05 13:00","4.21","25.69"
"2019-05-05 13:15","4.25","25.69"
"2019-05-05 13:30","4.1","25.69"
"2019-05-05 13:45","4.14","25.69"
"2019-05-05 14:00","4.18","26.97"
"2019-05-05 14:15","4.19","26.97"
"2019-05-05 14:30","4.14","26.97"
"2019-05-05 14:45","4.1","26.97"
"2019-05-05 15:00","4.16","27.72"
"2019-05-05 15:15","4.16","27.72"
"2019-05-05 15:30","4.22","27.72"
"2019-05-05 15:45","4.34","27.72"
"2019-05-05 16:00","4.36","27.07"
"2019-05-05 16:15","4.28","27.07"
"2019-05-05 16:30","4.43","27.07"
"2019-05-05 16:45","4.75","27.07"
"2019-05-05 17:00","5.04","26.11"
"2019-05-05 17:15","4.92","26.11"
"2019-05-05 17:30","4.96","26.11"
"2019-05-05 17:45","4.91","26.11"
"2019-05-05 18:00","4.58","23.85"
"2019-05-05 18:15","4.52","23.85"
"2019-05-05 18:30","4.45","23.85"
"2019-05-05 18:45","4.51","23.85"
"2019-05-05 19:00","4.48","21.88"
"2019-05-05 19:15","4.56","21.88"
"2019-05-05 19:30","4.49","21.88"
"2019-05-05 19:45","4.33","21.88"
"2019-05-05 20:00","4.43","25.12"
"2019-05-05 20:15","4.51","25.12"
"2019-05-05 20:30","4.42","25.12"
"2019-05-05 20:45","4.4","25.12"
"2019-05-05 21:00","4.33","20.86"
"2019-05-05 21:15","3.85","20.86"
"2019-05-05 21:30","0.0","20.86"
"2019-05-05 21:45","0.0","20.86"
"2019-05-05 22:00","0.0","19.63"
"2019-05-05 22:15","0.0","19.63"
"2019-05-05 22:30","0.0","19.63"
"2019-05-05 22:45","0.0","19.63"
"2019-05-05 23:00","0.0","18.91"
"2019-05-05 23:15","0.0","18.91"
"2019-05-05 23:30","0.0","18.91"
"2019-05-05 23:45","0.0","18.91"
"2019-05-06 00:00","0.0","17.12"
"2019-05-06 00:15","0.0","17.12"
"2019-05-06 00:30","0.0","17.12"
"2019-05-06 00:45","0.0","17.12"
"2019-05-06 01:00","0.0","16.79"
"2019-05-06 01:15","0.0","16.79"
"2019-05-06 01:30","0.0","16.79"
"2019-05-06 01:45","0.0","16.79"
"2019-05-06 02:00","0.0","15.74"
"2019-05-06 02:15","0.0","15.74"
"2019-05-06 02:30","0.0","15.74"
"2019-05-06 02:45","0.0","15.74"
"2019-05-06 03:00","0.0","15.07"
"2019-05-06 03:15","0.0","15.07"
"2019-05-06 03:30","0.0","15.07"
"2019-05-06 03:45","0.0","15.07"
"2019-05-06 04:00","0.0","14.39"
"2019-05-06 04:15","0.0","14.39"
"2019-05-06 04:30","0.0","14.39"
"2019-05-06 04:45","0.0","14.39"
"2019-05-06 05:00","0.0","12.97"
"2019-05-06 05:15","0.0","12.97"
"2019-05-06 05:30","0.0","12.97"
"2019-05-06 05:45","0.0","12.97"
"2019-05-06 06:00","0.0","12.08"
"2019-05-06 06:15","0.0","12.08"
"2019-05-06 06:30","0.0","12.08"
"2019-05-06 06:45","2.0","12.08"
"2019-05-06 07:00","2.23","12.11"
"2019-05-06 07:15","2.27","12.11"
"2019-05-06 07:30","3.66","12.11"
"2019-05-06 07:45","3.62","12.11"
"2019-05-06 08:00","3.61","14.28"
"2019-05-06 08:15","3.61","14.28"
"2019-05-06 08:30","3.93","14.28"
"2019-05-06 08:45","3.78","14.28"
"2019-05-06 09:00","3.91","15.85"
"2019-05-06 09:15","3.85","15.85"
"2019-05-06 09:30","3.75","15.85"
"2019-05-06 09:45","3.84","15.85"
"2019-05-06 10:00","3.73","18.95"
"2019-05-06 10:15","3.87","18.95"
"2019-05-06 10:30","4.03","18.95"
"2019-05-06 10:45","4.01","18.95"
"2019-05-06 11:00","3.91","18.7"
"2019-05-06 11:15","4.0","18.7"
"2019-05-06 11:30","3.7","18.7"
"2019-05-06 11:45","3.86","18.7"
"2019-05-06 12:00","3.94","23.45"
"2019-05-06 12:15","3.94","23.45"
"2019-05-06 12:30","3.99","23.45"
"2019-05-06 12:45","4.2","23.45"
"2019-05-06 13:00","4.33","24.92"
"2019-05-06 13:15","4.31","24.92"
"2019-05-06 13:30","4.34","24.92"
"2019-05-06 13:45","4.23","24.92"
"2019-05-06 14:00","4.28","26.21"
"2019-05-06 14:15","4.23","26.21"
"2019-05-06 14:30","4.24","26.21"
"2019-05-06 14:45","4.28","26.21"
"2019-05-06 15:00","4.29","27.0"
"2019-05-06 15:15","4.21","27.0"
"2019-05-06 15:30","4.26","27.0"
"2019-05-06 15:45","4.18","27.0"
"2019-05-06 16:00","4.15","27.53"
"2019-05-06 16:15","4.32","27.53"
"2019-05-06 16:30","4.27","27.53"
"2019-05-06 16:45","4.3","27.53"
"2019-05-06 17:00","4.29","27.28"
"2019-05-06 17:15","4.32","27.28"
"2019-05-06 17:30","4.25","27.28"
"2019-05-06 17:45","4.27","27.28"
"2019-05-06 18:00","4.06","26.24"
"2019-05-06 18:15","4.04","26.24"
"2019-05-06 18:30","3.89","26.24"
"2019-05-06 18:45","4.0","26.24"
"2019-05-06 19:00","4.03","24.97"
"2019-05-06 19:15","4.01","24.97"
"2019-05-06 19:30","3.88","24.97"
"2019-05-06 19:45","3.77","24.97"
"2019-05-06 20:00","3.37","24.77"
"2019-05-06 20:15","3.43","24.77"
"2019-05-06 20:30","3.2","24.77"
"2019-05-06 20:45","0.8075","24.77"
"2019-05-06 21:00","0.8016","21.17"
"2019-05-06 21:15","0.7931","21.17"
"2019-05-06 21:30","0.796","21.17"
"2019-05-06 21:45","0.7802","21.17"
"2019-05-06 22:00","0.7912","19.77"
"2019-05-06 22:15","0.208","19.77"
"2019-05-06 22:30","0.0","19.77"
"2019-05-06 22:45","0.0","19.77"
"2019-05-06 23:00","0.0","18.4"
"2019-05-06 23:15","0.0","18.4"
"2019-05-06 23:30","0.0","18.4"
"2019-05-06 23:45","0.0","18.4"
"2019-05-07 00:00","0.0","17.85"
"2019-05-07 00:15","0.0","17.85"
"2019-05-07 00:30","0.0","17.85"
"2019-05-07 00:45","0.0","17.85"
"2019-05-07 01:00","0.0","16.83"
"2019-05-07 01:15","0.0","16.83"
"2019-05-07 01:30","0.0","16.83"
"2019-05-07 01:45","0.0","16.83"
"2019-05-07 02:00","0.0","15.8"
"2019-05-07 02:15","0.0","15.8"
"2019-05-07 02:30","0.0","15.8"
"2019-05-07 02:45","0.0","15.8"
"2019-05-07 03:00","0.0","15.08"
"2019-05-07 03:15","0.0","15.08"
"2019-05-07 03:30","0.0","15.08"
"2019-05-07 03:45","0.0","15.08"
"2019-05-07 04:00","0.0","14.39"
"2019-05-07 04:15","0.0","14.39"
"2019-05-07 04:30","0.0","14.39"
"2019-05-07 04:45","0.0","14.39"
"2019-05-07 05:00","0.0","11.83"
"2019-05-07 05:15","0.0","11.83"
"2019-05-07 05:30","0.0","11.83"
"2019-05-07 05:45","0.0","11.83"
"2019-05-07 06:00","0.0","11.8"
"2019-05-07 06:15","0.0","11.8"
"2019-05-07 06:30","0.0","11.8"
"2019-05-07 06:45","0.933","11.8"
"2019-05-07 07:00","2.54","7.78"
"2019-05-07 07:15","3.46","7.78"
"2019-05-07 07:30","3.91","7.78"
"2019-05-07 07:45","3.89","7.78"
"2019-05-07 08:00","4.02","8.29"
"2019-05-07 08:15","3.99","8.29"
"2019-05-07 08:30","3.99","8.29"
"2019-05-07 08:45","3.89","8.29"
"2019-05-07 09:00","3.75","13.04"
"2019-05-07 09:15","3.95","13.04"
"2019-05-07 09:30","4.0","13.04"
"2019-05-07 09:45","3.7","13.04"
"2019-05-07 10:00","3.83","18.86"
"2019-05-07 10:15","4.03","18.86"
"2019-05-07 10:30","3.87","18.86"
"2019-05-07 10:45","3.75","18.86"
"2019-05-07 11:00","3.89","21.92"
"2019-05-07 11:15","3.76","21.92"
"2019-05-07 11:30","3.76","21.92"
"2019-05-07 11:45","3.84","21.92"
"2019-05-07 12:00","3.81","25.06"
"2019-05-07 12:15","3.87","25.06"
"2019-05-07 12:30","3.99","25.06"
"2019-05-07 12:45","4.02","25.06"
"2019-05-07 13:00","4.09","25.16"
"2019-05-07 13:15","3.99","25.16"
"2019-05-07 13:30","4.02","25.16"
"2019-05-07 13:45","4.05","25.16"
"2019-05-07 14:00","4.01","27.92"
"2019-05-07 14:15","3.96","27.92"
"2019-05-07 14:30","3.92","27.92"
"2019-05-07 14:45","4.01","27.92"
"2019-05-07 15:00","4.0","27.14"
"2019-05-07 15:15","4.11","27.14"
"2019-05-07 15:30","4.12","27.14"
"2019-05-07 15:45","4.13","27.14"
"2019-05-07 16:00","4.15","27.17"
"2019-05-07 16:15","4.12","27.17"
"2019-05-07 16:30","4.01","27.17"
"2019-05-07 16:45","4.04","27.17"
"2019-05-07 17:00","4.07","29.03"
"2019-05-07 17:15","3.98","29.03"
"2019-05-07 17:30","4.05","29.03"
"2019-05-07 17:45","4.11","29.03"
"2019-05-07 18:00","3.82","29.08"
"2019-05-07 18:15","3.83","29.08"
"2019-05-07 18:30","3.9","29.08"
"2019-05-07 18:45","3.81","29.08"
"2019-05-07 19:00","3.76","29.07"
"2019-05-07 19:15","3.81","29.07"
"2019-05-07 19:30","3.88","29.07"
"2019-05-07 19:45","3.89","29.07"
"2019-05-07 20:00","3.88","27.6"
"2019-05-07 20:15","3.71","27.6"
"2019-05-07 20:30","1.72","27.6"
"2019-05-07 20:45","0.4308","27.6"
"2019-05-07 21:00","0.1538","22.83"
"2019-05-07 21:15","0.0","22.83"
"2019-05-07 21:30","0.0","22.83"
"2019-05-07 21:45","0.0","22.83"
"2019-05-07 22:00","0.0","21.84"
"2019-05-07 22:15","0.0","21.84"
"2019-05-07 22:30","0.0","21.84"
"2019-05-07 22:45","0.0","21.84"
"2019-05-07 23:00","0.0","21.14"
"2019-05-07 23:15","0.0","21.14"
"2019-05-07 23:30","0.0","21.14"
"2019-05-07 23:45","0.0","21.14"
"2019-05-08 00:00","0.0","19.74"
"2019-05-08 00:15","0.0","19.74"
"2019-05-08 00:30","0.0","19.74"
"2019-05-08 00:45","0.0","19.74"
"2019-05-08 01:00","0.0","18.72"
"2019-05-08 01:15","0.0","18.72"
"2019-05-08 01:30","0.0","18.72"
"2019-05-08 01:45","0.0","18.72"
"2019-05-08 02:00","0.0","16.33"
"2019-05-08 02:15","0.0","16.33"
"2019-05-08 02:30","0.0","16.33"
"2019-05-08 02:45","0.0","16.33"
"2019-05-08 03:00","0.0","13.96"
"2019-05-08 03:15","0.0","13.96"
"2019-05-08 03:30","0.0","13.96"
"2019-05-08 03:45","0.0","13.96"
"2019-05-08 04:00","0.0","14.69"
"2019-05-08 04:15","0.0","14.69"
"2019-05-08 04:30","0.0","14.69"
"2019-05-08 04:45","0.0","14.69"
"2019-05-08 05:00","0.0","13.3"
"2019-05-08 05:15","0.0","13.3"
"2019-05-08 05:30","0.0","13.3"
"2019-05-08 05:45","0.0","13.3"
"2019-05-08 06:00","0.0","12.97"
"2019-05-08 06:15","0.0","12.97"
"2019-05-08 06:30","0.0","12.97"
"2019-05-08 06:45","0.0","12.97"
"2019-05-08 07:00","3.54","12.63"
"2019-05-08 07:15","4.22","12.63"
"2019-05-08 07:30","4.36","12.63"
"2019-05-08 07:45","4.19","12.63"
"2019-05-08 08:00","4.52","12.22"
"2019-05-08 08:15","4.35","12.22"
"2019-05-08 08:30","4.33","12.22"
"2019-05-08 08:45","4.48","12.22"
"2019-05-08 09:00","4.44","13.21"
"2019-05-08 09:15","4.5","13.21"
"2019-05-08 09:30","4.48","13.21"
"2019-05-08 09:45","4.52","13.21"
"2019-05-08 10:00","4.31","19.57"
"2019-05-08 10:15","4.33","19.57"
"2019-05-08 10:30","4.36","19.57"
"2019-05-08 10:45","4.43","19.57"
"2019-05-08 11:00","4.33","22.69"
"2019-05-08 11:15","4.47","22.69"
"2019-05-08 11:30","3.84","22.69"
"2019-05-08 11:45","4.3","22.69"
"2019-05-08 12:00","4.65","25.71"
"2019-05-08 12:15","4.62","25.71"
"2019-05-08 12:30","4.56","25.71"
"2019-05-08 12:45","4.6","25.71"
"2019-05-08 13:00","4.79","26.7"
"2019-05-08 13:15","4.9","26.7"
"2019-05-08 13:30","4.81","26.7"
"2019-05-08 13:45","4.77","26.7"
"2019-05-08 14:00","4.72","28.42"
"2019-05-08 14:15","4.74","28.42"
"2019-05-08 14:30","4.79","28.42"
"2019-05-08 14:45","4.86","28.42"
"2019-05-08 15:00","4.83","29.05"
"2019-05-08 15:15","4.91","29.05"
"2019-05-08 15:30","4.77","29.05"
"2019-05-08 15:45","4.81","29.05"
"2019-05-08 16:00","4.78","29.27"
"2019-05-08 16:15","4.69","29.27"
"2019-05-08 16:30","4.67","29.27"
"2019-05-08 16:45","4.65","29.27"
"2019-05-08 17:00","4.57","29.58"
"2019-05-08 17:15","4.48","29.58"
"2019-05-08 17:30","4.69","29.58"
"2019-05-08 17:45","4.65","29.58"
"2019-05-08 18:00","4.4","29.78"
"2019-05-08 18:15","4.32","29.78"
"2019-05-08 18:30","4.44","29.78"
"2019-05-08 18:45","4.48","29.78"
"2019-05-08 19:00","4.51","29.34"
"2019-05-08 19:15","4.4","29.34"
"2019-05-08 19:30","4.5","29.34"
"2019-05-08 19:45","4.48","29.34"
"2019-05-08 20:00","4.61","27.34"
"2019-05-08 20:15","4.49","27.34"
"2019-05-08 20:30","4.34","27.34"
"2019-05-08 20:45","4.35","27.34"
"2019-05-08 21:00","4.27","23.9"
"2019-05-08 21:15","1.98","23.9"
"2019-05-08 21:30","0.1011","23.9"
"2019-05-08 21:45","0.0","23.9"
"2019-05-08 22:00","0.0","22.19"
"2019-05-08 22:15","0.0","22.19"
"2019-05-08 22:30","0.0","22.19"
"2019-05-08 22:45","0.0","22.19"
"2019-05-08 23:00","0.0","20.49"
"2019-05-08 23:15","0.0","20.49"
"2019-05-08 23:30","0.0","20.49"
"2019-05-08 23:45","0.0","20.49"
"2019-05-09 00:00","0.0","19.1"
"2019-05-09 00:15","0.0","19.1"
"2019-05-09 00:30","0.0","19.1"
"2019-05-09 00:45","0.0","19.1"
"2019-05-09 01:00","0.0","17.31"
"2019-05-09 01:15","0.0","17.31"
"2019-05-09 01:30","0.0","17.31"
"2019-05-09 01:45","0.0","17.31"
"2019-05-09 02:00","0.0","16.86"
"2019-05-09 02:15","0.0","16.86"
"2019-05-09 02:30","0.0","16.86"
"2019-05-09 02:45","0.0","16.86"
"2019-05-09 03:00","0.0","15.11"
"2019-05-09 03:15","0.0","15.11"
"2019-05-09 03:30","0.0","15.11"
"2019-05-09 03:45","0.0","15.11"
"2019-05-09 04:00","0.0","13.67"
"2019-05-09 04:15","0.0","13.67"
"2019-05-09 04:30","0.0","13.67"
"2019-05-09 04:45","0.0","13.67"
"2019-05-09 05:00","0.0","12.69"
"2019-05-09 05:15","0.0","12.69"
"2019-05-09 05:30","0.0","12.69"
"2019-05-09 05:45","0.0","12.69"
"2019-05-09 06:00","0.0","12.59"
"2019-05-09 06:15","0.0","12.59"
"2019-05-09 06:30","0.0","12.59"
"2019-05-09 06:45","1.67","12.59"
"2019-05-09 07:00","2.18","12.28"
"2019-05-09 07:15","2.99","12.28"
"2019-05-09 07:30","3.79","12.28"
"2019-05-09 07:45","3.83","12.28"
"2019-05-09 08:00","3.78","14.3"
"2019-05-09 08:15","3.87","14.3"
"2019-05-09 08:30","3.77","14.3"
"2019-05-09 08:45","3.67","14.3"
"2019-05-09 09:00","3.73","15.57"
"2019-05-09 09:15","3.81","15.57"
"2019-05-09 09:30","3.87","15.57"
"2019-05-09 09:45","3.83","15.57"
"2019-05-09 10:00","3.33","18.24"
"2019-05-09 10:15","3.8","18.24"
"2019-05-09 10:30","3.79","18.24"
"2019-05-09 10:45","3.89","18.24"
"2019-05-09 11:00","3.95","21.09"
"2019-05-09 11:15","4.01","21.09"
"2019-05-09 11:30","4.07","21.09"
"2019-05-09 11:45","4.04","21.09"
"2019-05-09 12:00","4.1","24.87"
"2019-05-09 12:15","4.24","24.87"
"2019-05-09 12:30","4.14","24.87"
"2019-05-09 12:45","4.19","24.87"
"2019-05-09 13:00","4.24","26.61"
"2019-05-09 13:15","4.23","26.61"
"2019-05-09 13:30","4.21","26.61"
"2019-05-09 13:45","4.25","26.61"
"2019-05-09 14:00","4.08","28.02"
"2019-05-09 14:15","4.07","28.02"
"2019-05-09 14:30","4.06","28.02"
"2019-05-09 14:45","3.93","28.02"
"2019-05-09 15:00","4.02","28.66"
"2019-05-09 15:15","4.08","28.66"
"2019-05-09 15:30","4.16","28.66"
"2019-05-09 15:45","4.06","28.66"
"2019-05-09 16:00","4.06","29.08"
"2019-05-09 16:15","3.93","29.08"
"2019-05-09 16:30","3.71","29.08"
"2019-05-09 16:45","3.89","29.08"
"2019-05-09 17:00","4.27","29.29"
"2019-05-09 17:15","4.17","29.29"
"2019-05-09 17:30","3.89","29.29"
"2019-05-09 17:45","3.81","29.29"
"2019-05-09 18:00","3.57","28.59"
"2019-05-09 18:15","3.61","28.59"
"2019-05-09 18:30","3.7","28.59"
"2019-05-09 18:45","3.82","28.59"
"2019-05-09 19:00","3.72","28.07"
"2019-05-09 19:15","3.84","28.07"
"2019-05-09 19:30","3.81","28.07"
"2019-05-09 19:45","3.67","28.07"
"2019-05-09 20:00","3.87","26.92"
"2019-05-09 20:15","3.73","26.92"
"2019-05-09 20:30","3.72","26.92"
"2019-05-09 20:45","3.73","26.92"
"2019-05-09 21:00","0.7591","22.53"
"2019-05-09 21:15","0.0","22.53"
"2019-05-09 21:30","0.0","22.53"
"2019-05-09 21:45","0.0","22.53"
"2019-05-09 22:00","0.0","21.11"
"2019-05-09 22:15","0.0","21.11"
"2019-05-09 22:30","0.0","21.11"
"2019-05-09 22:45","0.0","21.11"
"2019-05-09 23:00","0.0","18.94"
"2019-05-09 23:15","0.0","18.94"
"2019-05-09 23:30","0.0","18.94"
"2019-05-09 23:45","0.0","18.94"
"2019-05-10 00:00","0.0","17.99"
"2019-05-10 00:15","0.0","17.99"
"2019-05-10 00:30","0.0","17.99"
"2019-05-10 00:45","0.0","17.99"
"2019-05-10 01:00","0.0","17.62"
"2019-05-10 01:15","0.0","17.62"
"2019-05-10 01:30","0.0","17.62"
"2019-05-10 01:45","0.0","17.62"
"2019-05-10 02:00","0.0","17.66"
"2019-05-10 02:15","0.0","17.66"
"2019-05-10 02:30","0.0","17.66"
"2019-05-10 02:45","0.0","17.66"
"2019-05-10 03:00","0.0","16.42"
"2019-05-10 03:15","0.0","16.42"
"2019-05-10 03:30","0.0","16.42"
"2019-05-10 03:45","0.0","16.42"
"2019-05-10 04:00","0.0","16.1"
"2019-05-10 04:15","0.0","16.1"
"2019-05-10 04:30","0.0","16.1"
"2019-05-10 04:45","0.0","16.1"
"2019-05-10 05:00","0.0","15.4"
"2019-05-10 05:15","0.0","15.4"
"2019-05-10 05:30","0.0","15.4"
"2019-05-10 05:45","0.0","15.4"
"2019-05-10 06:00","0.0","13.3"
"2019-05-10 06:15","0.0","13.3"
"2019-05-10 06:30","1.24","13.3"
"2019-05-10 06:45","2.12","13.3"
"2019-05-10 07:00","2.04","12.24"
"2019-05-10 07:15","2.03","12.24"
"2019-05-10 07:30","2.67","12.24"
"2019-05-10 07:45","3.81","12.24"
"2019-05-10 08:00","3.86","13.4"
"2019-05-10 08:15","3.98","13.4"
"2019-05-10 08:30","3.83","13.4"
"2019-05-10 08:45","3.82","13.4"
"2019-05-10 09:00","3.92","16.58"
"2019-05-10 09:15","4.01","16.58"
"2019-05-10 09:30","4.07","16.58"
"2019-05-10 09:45","4.24","16.58"
"2019-05-10 10:00","4.01","20.73"
"2019-05-10 10:15","4.19","20.73"
"2019-05-10 10:30","4.05","20.73"
"2019-05-10 10:45","3.98","20.73"
"2019-05-10 11:00","4.18","22.48"
"2019-05-10 11:15","4.17","22.48"
"2019-05-10 11:30","4.02","22.48"
"2019-05-10 11:45","4.09","22.48"
"2019-05-10 12:00","4.07","24.61"
"2019-05-10 12:15","4.12","24.61"
"2019-05-10 12:30","4.15","24.61"
"2019-05-10 12:45","4.16","24.61"
"2019-05-10 13:00","4.24","25.95"
"2019-05-10 13:15","4.26","25.95"
"2019-05-10 13:30","4.17","25.95"
"2019-05-10 13:45","4.33","25.95"
"2019-05-10 14:00","4.3","28.24"
"2019-05-10 14:15","4.36","28.24"
"2019-05-10 14:30","4.19","28.24"
"2019-05-10 14:45","4.28","28.24"
"2019-05-10 15:00","4.32","29.05"
"2019-05-10 15:15","4.25","29.05"
"2019-05-10 15:30","4.22","29.05"
"2019-05-10 15:45","4.15","29.05"
"2019-05-10 16:00","4.26","29.56"
"2019-05-10 16:15","4.17","29.56"
"2019-05-10 16:30","4.16","29.56"
"2019-05-10 16:45","4.37","29.56"
"2019-05-10 17:00","4.29","29.51"
"2019-05-10 17:15","4.39","29.51"
"2019-05-10 17:30","4.31","29.51"
"2019-05-10 17:45","4.39","29.51"
"2019-05-10 18:00","4.15","29.68"
"2019-05-10 18:15","4.07","29.68"
"2019-05-10 18:30","4.0","29.68"
"2019-05-10 18:45","3.92","29.68"
"2019-05-10 19:00","4.09","28.87"
"2019-05-10 19:15","4.01","28.87"
"2019-05-10 19:30","3.97","28.87"
"2019-05-10 19:45","3.92","28.87"
"2019-05-10 20:00","3.9","26.96"
"2019-05-10 20:15","3.96","26.96"
"2019-05-10 20:30","3.97","26.96"
"2019-05-10 20:45","3.91","26.96"
"2019-05-10 21:00","3.94","25.3"
"2019-05-10 21:15","4.05","25.3"
"2019-05-10 21:30","4.01","25.3"
"2019-05-10 21:45","3.73","25.3"
"2019-05-10 22:00","1.9","23.81"
"2019-05-10 22:15","0.0","23.81"
"2019-05-10 22:30","0.0","23.81"
"2019-05-10 22:45","0.0","23.81"
"2019-05-10 23:00","0.0","21.78"
"2019-05-10 23:15","0.0","21.78"
"2019-05-10 23:30","0.0","21.78"
"2019-05-10 23:45","0.0","21.78"
"2019-05-11 00:00","0.0","19.05"
"2019-05-11 00:15","0.0","19.05"
"2019-05-11 00:30","0.0","19.05"
"2019-05-11 00:45","0.0","19.05"
"2019-05-11 01:00","0.0","18.37"
"2019-05-11 01:15","0.0","18.37"
"2019-05-11 01:30","0.0","18.37"
"2019-05-11 01:45","0.0","18.37"
"2019-05-11 02:00","0.0","17.47"
"2019-05-11 02:15","0.0","17.47"
"2019-05-11 02:30","0.0","17.47"
"2019-05-11 02:45","0.0","17.47"
"2019-05-11 03:00","0.0","16.45"
"2019-05-11 03:15","0.0","16.45"
"2019-05-11 03:30","0.0","16.45"
"2019-05-11 03:45","0.0","16.45"
"2019-05-11 04:00","0.0","15.43"
"2019-05-11 04:15","0.0","15.43"
"2019-05-11 04:30","0.0","15.43"
"2019-05-11 04:45","0.0","15.43"
"2019-05-11 05:00","0.0","17.45"
"2019-05-11 05:15","0.0","17.45"
"2019-05-11 05:30","0.0","17.45"
"2019-05-11 05:45","0.0","17.45"
"2019-05-11 06:00","0.0","10.98"
"2019-05-11 06:15","0.0","10.98"
"2019-05-11 06:30","0.0","10.98"
"2019-05-11 06:45","0.0","10.98"
"2019-05-11 07:00","0.0","10.35"
"2019-05-11 07:15","0.0","10.35"
"2019-05-11 07:30","0.0","10.35"
"2019-05-11 07:45","0.0","10.35"
"2019-05-11 08:00","0.5757","14.03"
"2019-05-11 08:15","2.98","14.03"
"2019-05-11 08:30","3.0","14.03"
"2019-05-11 08:45","2.99","14.03"
"2019-05-11 09:00","3.11","17.48"
"2019-05-11 09:15","3.39","17.48"
"2019-05-11 09:30","3.66","17.48"
"2019-05-11 09:45","4.02","17.48"
"2019-05-11 10:00","3.81","20.55"
"2019-05-11 10:15","4.08","20.55"
"2019-05-11 10:30","4.15","20.55"
"2019-05-11 10:45","3.9","20.55"
"2019-05-11 11:00","3.68","23.25"
"2019-05-11 11:15","3.78","23.25"
"2019-05-11 11:30","3.88","23.25"
"2019-05-11 11:45","3.81","23.25"
"2019-05-11 12:00","3.82","23.85"
"2019-05-11 12:15","3.85","23.85"
"2019-05-11 12:30","3.94","23.85"
"2019-05-11 12:45","3.72","23.85"
"2019-05-11 13:00","3.91","25.7"
"2019-05-11 13:15","3.89","25.7"
"2019-05-11 13:30","3.95","25.7"
"2019-05-11 13:45","0.2593","25.7"
"2019-05-11 14:00","0.0","26.75"
"2019-05-11 14:15","0.0","26.75"
"2019-05-11 14:30","0.0","26.75"
"2019-05-11 14:45","0.0","26.75"
"2019-05-11 15:00","0.0","27.51"
"2019-05-11 15:15","0.0","27.51"
"2019-05-11 15:30","0.0","27.51"
"2019-05-11 15:45","0.0","27.51"
"2019-05-11 16:00","0.0","28.63"
"2019-05-11 16:15","0.0","28.63"
"2019-05-11 16:30","0.0","28.63"
"2019-05-11 16:45","0.0","28.63"
"2019-05-11 17:00","0.0","28.86"
"2019-05-11 17:15","0.0","28.86"
"2019-05-11 17:30","0.0","28.86"
"2019-05-11 17:45","0.0","28.86"
"2019-05-11 18:00","0.0","29.36"
"2019-05-11 18:15","0.0","29.36"
"2019-05-11 18:30","0.0","29.36"
"2019-05-11 18:45","0.0","29.36"
"2019-05-11 19:00","2.18","28.1"
"2019-05-11 19:15","4.66","28.1"
"2019-05-11 19:30","4.69","28.1"
"2019-05-11 19:45","4.79","28.1"
"2019-05-11 20:00","4.64","27.02"
"2019-05-11 20:15","4.67","27.02"
"2019-05-11 20:30","4.78","27.02"
"2019-05-11 20:45","4.79","27.02"
"2019-05-11 21:00","4.32","23.04"
"2019-05-11 21:15","0.0995","23.04"
"2019-05-11 21:30","0.0","23.04"
"2019-05-11 21:45","0.0","23.04"
"2019-05-11 22:00","0.0","22.0"
"2019-05-11 22:15","0.0","22.0"
"2019-05-11 22:30","0.0","22.0"
"2019-05-11 22:45","0.0","22.0"
"2019-05-11 23:00","0.0","21.23"
"2019-05-11 23:15","0.0","21.23"
"2019-05-11 23:30","0.0","21.23"
"2019-05-11 23:45","0.0","21.23"
"2019-05-12 00:00","0.0","20.11"
"2019-05-12 00:15","0.0","20.11"
"2019-05-12 00:30","0.0","20.11"
"2019-05-12 00:45","0.0","20.11"
"2019-05-12 01:00","0.0","18.36"
"2019-05-12 01:15","0.0","18.36"
"2019-05-12 01:30","0.0","18.36"
"2019-05-12 01:45","0.0","18.36"
"2019-05-12 02:00","0.0","17.45"
"2019-05-12 02:15","0.0","17.45"
"2019-05-12 02:30","0.0","17.45"
"2019-05-12 02:45","0.0","17.45"
"2019-05-12 03:00","0.0","16.46"
"2019-05-12 03:15","0.0","16.46"
"2019-05-12 03:30","0.0","16.46"
"2019-05-12 03:45","0.0","16.46"
"2019-05-12 04:00","0.0","15.08"
"2019-05-12 04:15","0.0","15.08"
"2019-05-12 04:30","0.0","15.08"
"2019-05-12 04:45","0.0","15.08"
"2019-05-12 05:00","0.0","14.31"
"2019-05-12 05:15","0.0","14.31"
"2019-05-12 05:30","0.0","14.31"
"2019-05-12 05:45","0.0","14.31"
"2019-05-12 06:00","0.0","13.66"
"2019-05-12 06:15","0.0","13.66"
"2019-05-12 06:30","0.0","13.66"
"2019-05-12 06:45","0.0","13.66"
"2019-05-12 07:00","0.0","12.8"
"2019-05-12 07:15","0.0","12.8"
"2019-05-12 07:30","0.0","12.8"
"2019-05-12 07:45","0.0","12.8"
"2019-05-12 08:00","0.0","14.34"
"2019-05-12 08:15","0.0","14.34"
"2019-05-12 08:30","1.79","14.34"
"2019-05-12 08:45","2.4","14.34"
"2019-05-12 09:00","2.34","15.42"
"2019-05-12 09:15","2.27","15.42"
"2019-05-12 09:30","2.53","15.42"
"2019-05-12 09:45","3.87","15.42"
"2019-05-12 10:00","3.96","18.69"
"2019-05-12 10:15","3.84","18.69"
"2019-05-12 10:30","3.77","18.69"
"2019-05-12 10:45","3.79","18.69"
"2019-05-12 11:00","3.83","20.73"
"2019-05-12 11:15","3.72","20.73"
"2019-05-12 11:30","3.64","20.73"
"2019-05-12 11:45","3.8","20.73"
"2019-05-12 12:00","3.96","23.49"
"2019-05-12 12:15","3.92","23.49"
"2019-05-12 12:30","3.86","23.49"
"2019-05-12 12:45","4.03","23.49"
"2019-05-12 13:00","3.91","26.14"
"2019-05-12 13:15","3.98","26.14"
"2019-05-12 13:30","4.05","26.14"
"2019-05-12 13:45","4.05","26.14"
"2019-05-12 14:00","4.23","27.44"
"2019-05-12 14:15","4.21","27.44"
"2019-05-12 14:30","4.12","27.44"
"2019-05-12 14:45","4.05","27.44"
"2019-05-12 15:00","4.14","28.51"
"2019-05-12 15:15","4.1","28.51"
"2019-05-12 15:30","4.11","28.51"
"2019-05-12 15:45","4.2","28.51"
"2019-05-12 16:00","4.24","27.9"
"2019-05-12 16:15","4.21","27.9"
"2019-05-12 16:30","4.05","27.9"
"2019-05-12 16:45","4.0","27.9"
"2019-05-12 17:00","4.09","29.25"
"2019-05-12 17:15","4.1","29.25"
"2019-05-12 17:30","4.07","29.25"
"2019-05-12 17:45","3.97","29.25"
"2019-05-12 18:00","3.94","28.81"
"2019-05-12 18:15","4.01","28.81"
"2019-05-12 18:30","3.75","28.81"
"2019-05-12 18:45","3.81","28.81"
"2019-05-12 19:00","3.8","27.9"
"2019-05-12 19:15","3.83","27.9"
"2019-05-12 19:30","3.84","27.9"
"2019-05-12 19:45","3.78","27.9"
"2019-05-12 20:00","3.94","27.22"
"2019-05-12 20:15","3.93","27.22"
"2019-05-12 20:30","2.78","27.22"
"2019-05-12 20:45","2.66","27.22"
"2019-05-12 21:00","2.5","22.83"
"2019-05-12 21:15","2.49","22.83"
"2019-05-12 21:30","0.8154","22.83"
"2019-05-12 21:45","0.0","22.83"
"2019-05-12 22:00","0.0","21.82"
"2019-05-12 22:15","0.0","21.82"
"2019-05-12 22:30","0.0","21.82"
"2019-05-12 22:45","0.0","21.82"
"2019-05-12 23:00","0.0","20.04"
"2019-05-12 23:15","0.0","20.04"
"2019-05-12 23:30","0.0","20.04"
"2019-05-12 23:45","0.0","20.04"
"2019-05-13 00:00","0.0","19.36"
"2019-05-13 00:15","0.0","19.36"
"2019-05-13 00:30","0.0","19.36"
"2019-05-13 00:45","0.0","19.36"
"2019-05-13 01:00","0.0","19.01"
"2019-05-13 01:15","0.0","19.01"
"2019-05-13 01:30","0.0","19.01"
"2019-05-13 01:45","0.0","19.01"
"2019-05-13 02:00","0.0","18.34"
"2019-05-13 02:15","0.0","18.34"
"2019-05-13 02:30","0.0","18.34"
"2019-05-13 02:45","0.0","18.34"
"2019-05-13 03:00","0.0","16.41"
"2019-05-13 03:15","0.0","16.41"
"2019-05-13 03:30","0.0","16.41"
"2019-05-13 03:45","0.0","16.41"
"2019-05-13 04:00","0.0","15.37"
"2019-05-13 04:15","0.0","15.37"
"2019-05-13 04:30","0.0","15.37"
"2019-05-13 04:45","0.0","15.37"
"2019-05-13 05:00","0.0","14.99"
"2019-05-13 05:15","0.0","14.99"
"2019-05-13 05:30","0.0","14.99"
"2019-05-13 05:45","0.0","14.99"
"2019-05-13 06:00","0.0","14.75"
"2019-05-13 06:15","0.0","14.75"
"2019-05-13 06:30","1.49","14.75"
"2019-05-13 06:45","2.23","14.75"
"2019-05-13 07:00","2.07","12.1"
"2019-05-13 07:15","2.34","12.1"
"2019-05-13 07:30","3.53","12.1"
"2019-05-13 07:45","3.71","12.1"
"2019-05-13 08:00","3.8","10.26"
"2019-05-13 08:15","3.99","10.26"
"2019-05-13 08:30","4.06","10.26"
"2019-05-13 08:45","3.94","10.26"
"2019-05-13 09:00","3.94","12.96"
"2019-05-13 09:15","3.82","12.96"
"2019-05-13 09:30","4.02","12.96"
"2019-05-13 09:45","3.96","12.96"
"2019-05-13 10:00","3.85","17.1"
"2019-05-13 10:15","3.88","17.1"
"2019-05-13 10:30","3.77","17.1"
"2019-05-13 10:45","3.92","17.1"
"2019-05-13 11:00","3.88","21.14"
"2019-05-13 11:15","3.81","21.14"
"2019-05-13 11:30","3.85","21.14"
"2019-05-13 11:45","3.76","21.14"
"2019-05-13 12:00","3.97","24.09"
"2019-05-13 12:15","3.96","24.09"
"2019-05-13 12:30","3.98","24.09"
"2019-05-13 12:45","4.1","24.09"
"2019-05-13 13:00","4.07","26.08"
"2019-05-13 13:15","4.14","26.08"
"2019-05-13 13:30","4.05","26.08"
"2019-05-13 13:45","4.03","26.08"
"2019-05-13 14:00","4.03","27.44"
"2019-05-13 14:15","4.11","27.44"
"2019-05-13 14:30","4.18","27.44"
"2019-05-13 14:45","4.18","27.44"
"2019-05-13 15:00","4.18","28.48"
"2019-05-13 15:15","4.25","28.48"
"2019-05-13 15:30","4.27","28.48"
"2019-05-13 15:45","4.29","28.48"
"2019-05-13 16:00","4.33","29.03"
"2019-05-13 16:15","4.42","29.03"
"2019-05-13 16:30","4.28","29.03"
"2019-05-13 16:45","4.37","29.03"
"2019-05-13 17:00","4.25","29.06"
"2019-05-13 17:15","4.25","29.06"
"2019-05-13 17:30","4.2","29.06"
"2019-05-13 17:45","4.16","29.06"
"2019-05-13 18:00","3.91","29.08"
"2019-05-13 18:15","3.84","29.08"
"2019-05-13 18:30","3.85","29.08"
"2019-05-13 18:45","3.96","29.08"
"2019-05-13 19:00","3.82","28.58"
"2019-05-13 19:15","3.74","28.58"
"2019-05-13 19:30","3.69","28.58"
"2019-05-13 19:45","3.7","28.58"
"2019-05-13 20:00","3.5","27.56"
"2019-05-13 20:15","3.47","27.56"
"2019-05-13 20:30","2.8","27.56"
"2019-05-13 20:45","2.19","27.56"
"2019-05-13 21:00","2.19","23.89"
"2019-05-13 21:15","1.43","23.89"
"2019-05-13 21:30","0.2979","23.89"
"2019-05-13 21:45","0.2572","23.89"
"2019-05-13 22:00","0.0","22.86"
"2019-05-13 22:15","0.0","22.86"
"2019-05-13 22:30","0.0","22.86"
"2019-05-13 22:45","0.0","22.86"
"2019-05-13 23:00","0.0","20.38"
"2019-05-13 23:15","0.0","20.38"
"2019-05-13 23:30","0.0","20.38"
"2019-05-13 23:45","0.0","20.38"
"2019-05-14 00:00","0.0","19.41"
"2019-05-14 00:15","0.0","19.41"
"2019-05-14 00:30","0.0","19.41"
"2019-05-14 00:45","0.0","19.41"
"2019-05-14 01:00","0.0","18.01"
"2019-05-14 01:15","0.0","18.01"
"2019-05-14 01:30","0.0","18.01"
"2019-05-14 01:45","0.0","18.01"
"2019-05-14 02:00","0.0","17.09"
"2019-05-14 02:15","0.0","17.09"
"2019-05-14 02:30","0.0","17.09"
"2019-05-14 02:45","0.0","17.09"
"2019-05-14 03:00","0.0","16.06"
"2019-05-14 03:15","0.0","16.06"
"2019-05-14 03:30","0.0","16.06"
"2019-05-14 03:45","0.0","16.06"
"2019-05-14 04:00","0.0","14.36"
"2019-05-14 04:15","0.0","14.36"
"2019-05-14 04:30","0.0","14.36"
"2019-05-14 04:45","0.0","14.36"
"2019-05-14 05:00","0.0","13.26"
"2019-05-14 05:15","0.0","13.26"
"2019-05-14 05:30","0.0","13.26"
"2019-05-14 05:45","0.0","13.26"
"2019-05-14 06:00","0.0","9.14"
"2019-05-14 06:15","0.0","9.14"
"2019-05-14 06:30","0.0","9.14"
"2019-05-14 06:45","0.0","9.14"
"2019-05-14 07:00","0.0","10.23"
"2019-05-14 07:15","2.46","10.23"
"2019-05-14 07:30","4.18","10.23"
"2019-05-14 07:45","4.12","10.23"
"2019-05-14 08:00","4.25","12.89"
"2019-05-14 08:15","4.14","12.89"
"2019-05-14 08:30","4.16","12.89"
"2019-05-14 08:45","4.15","12.89"
"2019-05-14 09:00","4.15","13.35"
"2019-05-14 09:15","4.19","13.35"
"2019-05-14 09:30","4.17","13.35"
"2019-05-14 09:45","4.19","13.35"
"2019-05-14 10:00","4.39","18.32"
"2019-05-14 10:15","4.55","18.32"
"2019-05-14 10:30","4.48","18.32"
"2019-05-14 10:45","2.72","18.32"
"2019-05-14 11:00","0.0","19.35"
"2019-05-14 11:15","0.0","19.35"
"2019-05-14 11:30","0.0","19.35"
"2019-05-14 11:45","0.0","19.35"
"2019-05-14 12:00","0.0","24.25"
"2019-05-14 12:15","0.0","24.25"
"2019-05-14 12:30","0.0","24.25"
"2019-05-14 12:45","0.0","24.25"
"2019-05-14 13:00","0.0","25.4"
"2019-05-14 13:15","0.0","25.4"
"2019-05-14 13:30","0.0","25.4"
"2019-05-14 13:45","0.0","25.4"
"2019-05-14 14:00","0.0","28.19"
"2019-05-14 14:15","0.0","28.19"
"2019-05-14 14:30","0.0","28.19"
"2019-05-14 14:45","0.0","28.19"
"2019-05-14 15:00","0.0","29.48"
"2019-05-14 15:15","0.0","29.48"
"2019-05-14 15:30","0.0","29.48"
"2019-05-14 15:45","0.0","29.48"
"2019-05-14 16:00","0.0","28.33"
"2019-05-14 16:15","0.0","28.33"
"2019-05-14 16:30","0.0","28.33"
"2019-05-14 16:45","0.0","28.33"
"2019-05-14 17:00","0.0","30.34"
"2019-05-14 17:15","0.0","30.34"
"2019-05-14 17:30","0.0","30.34"
"2019-05-14 17:45","0.0","30.34"
"2019-05-14 18:00","0.0","29.5"
"2019-05-14 18:15","0.0","29.5"
"2019-05-14 18:30","0.0","29.5"
"2019-05-14 18:45","0.0","29.5"
"2019-05-14 19:00","0.0","29.08"
"2019-05-14 19:15","0.0","29.08"
"2019-05-14 19:30","0.0","29.08"
"2019-05-14 19:45","0.0","29.08"
"2019-05-14 20:00","0.0","28.21"
"2019-05-14 20:15","0.0","28.21"
"2019-05-14 20:30","0.0","28.21"
"2019-05-14 20:45","0.0","28.21"
"2019-05-14 21:00","0.0","24.61"
"2019-05-14 21:15","0.0","24.61"
"2019-05-14 21:30","0.0","24.61"
"2019-05-14 21:45","0.0","24.61"
"2019-05-14 22:00","0.0","22.87"
"2019-05-14 22:15","0.0","22.87"
"2019-05-14 22:30","0.0","22.87"
"2019-05-14 22:45","0.0","22.87"
"2019-05-14 23:00","0.0","21.48"
"2019-05-14 23:15","0.0","21.48"
"2019-05-14 23:30","0.0","21.48"
"2019-05-14 23:45","0.0","21.48"
"2019-05-15 00:00","0.0","19.75"
"2019-05-15 00:15","0.0","19.75"
"2019-05-15 00:30","0.0","19.75"
"2019-05-15 00:45","0.0","19.75"
"2019-05-15 01:00","0.0","18.7"
"2019-05-15 01:15","0.0","18.7"
"2019-05-15 01:30","0.0","18.7"
"2019-05-15 01:45","0.0","18.7"
"2019-05-15 02:00","0.0","17.84"
"2019-05-15 02:15","0.0","17.84"
"2019-05-15 02:30","0.0","17.84"
"2019-05-15 02:45","0.0","17.84"
"2019-05-15 03:00","0.0","16.14"
"2019-05-15 03:15","0.0","16.14"
"2019-05-15 03:30","0.0","16.14"
"2019-05-15 03:45","0.0","16.14"
"2019-05-15 04:00","0.0","13.97"
"2019-05-15 04:15","0.0","13.97"
"2019-05-15 04:30","0.0","13.97"
"2019-05-15 04:45","0.0","13.97"
"2019-05-15 05:00","0.0","14.71"
"2019-05-15 05:15","0.0","14.71"
"2019-05-15 05:30","0.0","14.71"
"2019-05-15 05:45","0.0","14.71"
"2019-05-15 06:00","0.0","14.02"
"2019-05-15 06:15","0.0","14.02"
"2019-05-15 06:30","0.0","14.02"
"2019-05-15 06:45","0.0","14.02"
"2019-05-15 07:00","0.0","11.79"
"2019-05-15 07:15","0.0","11.79"
"2019-05-15 07:30","0.0","11.79"
"2019-05-15 07:45","0.0","11.79"
"2019-05-15 08:00","0.0","10.26"
"2019-05-15 08:15","0.0","10.26"
"2019-05-15 08:30","0.0","10.26"
"2019-05-15 08:45","0.0","10.26"
"2019-05-15 09:00","0.0","13.33"
"2019-05-15 09:15","0.0","13.33"
"2019-05-15 09:30","0.0","13.33"
"2019-05-15 09:45","1.41","13.33"
"2019-05-15 10:00","3.61","18.9"
"2019-05-15 10:15","3.65","18.9"
"2019-05-15 10:30","4.61","18.9"
"2019-05-15 10:45","4.64","18.9"
"2019-05-15 11:00","4.52","19.01"
"2019-05-15 11:15","4.58","19.01"
"2019-05-15 11:30","4.21","19.01"
"2019-05-15 11:45","4.29","19.01"
"2019-05-15 12:00","4.39","23.55"
"2019-05-15 12:15","4.48","23.55"
"2019-05-15 12:30","4.52","23.55"
"2019-05-15 12:45","4.54","23.55"
"2019-05-15 13:00","4.63","23.08"
"2019-05-15 13:15","4.6","23.08"
"2019-05-15 13:30","4.56","23.08"
"2019-05-15 13:45","4.49","23.08"
"2019-05-15 14:00","4.39","26.47"
"2019-05-15 14:15","4.6","26.47"
"2019-05-15 14:30","4.69","26.47"
"2019-05-15 14:45","4.66","26.47"
"2019-05-15 15:00","4.73","27.98"
"2019-05-15 15:15","4.77","27.98"
"2019-05-15 15:30","4.65","27.98"
"2019-05-15 15:45","4.61","27.98"
"2019-05-15 16:00","4.62","28.73"
"2019-05-15 16:15","4.63","28.73"
"2019-05-15 16:30","4.53","28.73"
"2019-05-15 16:45","4.53","28.73"
"2019-05-15 17:00","4.5","29.1"
"2019-05-15 17:15","4.48","29.1"
"2019-05-15 17:30","4.51","29.1"
"2019-05-15 17:45","4.45","29.1"
"2019-05-15 18:00","4.27","28.6"
"2019-05-15 18:15","4.25","28.6"
"2019-05-15 18:30","4.34","28.6"
"2019-05-15 18:45","4.26","28.6"
"2019-05-15 19:00","4.3","25.69"
"2019-05-15 19:15","4.19","25.69"
"2019-05-15 19:30","4.24","25.69"
"2019-05-15 19:45","4.25","25.69"
"2019-05-15 20:00","4.29","23.49"
"2019-05-15 20:15","3.83","23.49"
"2019-05-15 20:30","3.78","23.49"
"2019-05-15 20:45","3.67","23.49"
"2019-05-15 21:00","3.99","17.16"
"2019-05-15 21:15","0.8135","17.16"
"2019-05-15 21:30","0.0","17.16"
"2019-05-15 21:45","0.0","17.16"
"2019-05-15 22:00","0.0","17.98"
"2019-05-15 22:15","0.0","17.98"
"2019-05-15 22:30","0.0","17.98"
"2019-05-15 22:45","0.0","17.98"
"2019-05-15 23:00","0.0","17.56"
"2019-05-15 23:15","0.0","17.56"
"2019-05-15 23:30","0.0","17.56"
"2019-05-15 23:45","0.0","17.56"
"2019-05-16 00:00","0.0","17.49"
"2019-05-16 00:15","0.0","17.49"
"2019-05-16 00:30","0.0","17.49"
"2019-05-16 00:45","0.0","17.49"
"2019-05-16 01:00","0.0","17.22"
"2019-05-16 01:15","0.0","17.22"
"2019-05-16 01:30","0.0","17.22"
"2019-05-16 01:45","0.0","17.22"
"2019-05-16 02:00","0.0","15.9"
"2019-05-16 02:15","0.0","15.9"
"2019-05-16 02:30","0.0","15.9"
"2019-05-16 02:45","0.0","15.9"
"2019-05-16 03:00","0.0","15.08"
"2019-05-16 03:15","0.0","15.08"
"2019-05-16 03:30","0.0","15.08"
"2019-05-16 03:45","0.0","15.08"
"2019-05-16 04:00","0.0","14.76"
"2019-05-16 04:15","0.0","14.76"
"2019-05-16 04:30","0.0","14.76"
"2019-05-16 04:45","0.0","14.76"
"2019-05-16 05:00","0.0","14.06"
"2019-05-16 05:15","0.0","14.06"
"2019-05-16 05:30","0.0","14.06"
"2019-05-16 05:45","0.0","14.06"
"2019-05-16 06:00","0.0","12.22"
"2019-05-16 06:15","0.0","12.22"
"2019-05-16 06:30","0.0","12.22"
"2019-05-16 06:45","1.77","12.22"
"2019-05-16 07:00","3.44","12.99"
"2019-05-16 07:15","3.52","12.99"
"2019-05-16 07:30","4.15","12.99"
"2019-05-16 07:45","4.7","12.99"
"2019-05-16 08:00","4.54","15.42"
"2019-05-16 08:15","4.57","15.42"
"2019-05-16 08:30","4.54","15.42"
"2019-05-16 08:45","4.56","15.42"
"2019-05-16 09:00","4.53","16.77"
"2019-05-16 09:15","4.64","16.77"
"2019-05-16 09:30","4.47","16.77"
"2019-05-16 09:45","4.46","16.77"
"2019-05-16 10:00","4.44","18.33"
"2019-05-16 10:15","4.5","18.33"
"2019-05-16 10:30","4.58","18.33"
"2019-05-16 10:45","4.56","18.33"
"2019-05-16 11:00","4.6","20.36"
"2019-05-16 11:15","4.55","20.36"
"2019-05-16 11:30","4.51","20.36"
"2019-05-16 11:45","4.53","20.36"
"2019-05-16 12:00","4.6","23.18"
"2019-05-16 12:15","4.66","23.18"
"2019-05-16 12:30","4.71","23.18"
"2019-05-16 12:45","4.49","23.18"
"2019-05-16 13:00","4.53","25.08"
"2019-05-16 13:15","4.69","25.08"
"2019-05-16 13:30","4.78","25.08"
"2019-05-16 13:45","4.78","25.08"
"2019-05-16 14:00","4.72","26.73"
"2019-05-16 14:15","4.71","26.73"
"2019-05-16 14:30","4.68","26.73"
"2019-05-16 14:45","4.78","26.73"
"2019-05-16 15:00","4.66","25.84"
"2019-05-16 15:15","4.85","25.84"
"2019-05-16 15:30","4.87","25.84"
"2019-05-16 15:45","4.9","25.84"
"2019-05-16 16:00","4.8","28.13"
"2019-05-16 16:15","4.77","28.13"
"2019-05-16 16:30","4.81","28.13"
"2019-05-16 16:45","4.86","28.13"
"2019-05-16 17:00","4.76","25.77"
"2019-05-16 17:15","4.68","25.77"
"2019-05-16 17:30","4.79","25.77"
"2019-05-16 17:45","4.8","25.77"
"2019-05-16 18:00","4.41","25.43"
"2019-05-16 18:15","4.35","25.43"
"2019-05-16 18:30","4.35","25.43"
"2019-05-16 18:45","4.35","25.43"
"2019-05-16 19:00","4.35","25.49"
"2019-05-16 19:15","4.43","25.49"
"2019-05-16 19:30","4.44","25.49"
"2019-05-16 19:45","4.46","25.49"
"2019-05-16 20:00","4.44","23.58"
"2019-05-16 20:15","4.4","23.58"
"2019-05-16 20:30","4.39","23.58"
"2019-05-16 20:45","4.25","23.58"
"2019-05-16 21:00","2.84","20.43"
"2019-05-16 21:15","0.2835","20.43"
"2019-05-16 21:30","0.1532","20.43"
"2019-05-16 21:45","0.0","20.43"
"2019-05-16 22:00","0.0","17.1"
"2019-05-16 22:15","0.0","17.1"
"2019-05-16 22:30","0.0","17.1"
"2019-05-16 22:45","0.0","17.1"
"2019-05-16 23:00","0.0","16.07"
"2019-05-16 23:15","0.0","16.07"
"2019-05-16 23:30","0.0","16.07"
"2019-05-16 23:45","0.0","16.07"
"2019-05-17 00:00","0.0","16.04"
"2019-05-17 00:15","0.0","16.04"
"2019-05-17 00:30","0.0","16.04"
"2019-05-17 00:45","0.0","16.04"
"2019-05-17 01:00","0.0","15.41"
"2019-05-17 01:15","0.0","15.41"
"2019-05-17 01:30","0.0","15.41"
"2019-05-17 01:45","0.0","15.41"
"2019-05-17 02:00","0.0","14.98"
"2019-05-17 02:15","0.0","14.98"
"2019-05-17 02:30","0.0","14.98"
"2019-05-17 02:45","0.0","14.98"
"2019-05-17 03:00","0.0","15.49"
"2019-05-17 03:15","0.0","15.49"
"2019-05-17 03:30","0.0","15.49"
"2019-05-17 03:45","0.0","15.49"
"2019-05-17 04:00","0.0","14.8"
"2019-05-17 04:15","0.0","14.8"
"2019-05-17 04:30","0.0","14.8"
"2019-05-17 04:45","0.0","14.8"
"2019-05-17 05:00","0.0","12.81"
"2019-05-17 05:15","0.0","12.81"
"2019-05-17 05:30","0.0","12.81"
"2019-05-17 05:45","0.0","12.81"
"2019-05-17 06:00","0.0","11.89"
"2019-05-17 06:15","0.0","11.89"
"2019-05-17 06:30","0.0","11.89"
"2019-05-17 06:45","0.2798","11.89"
"2019-05-17 07:00","4.35","11.95"
"2019-05-17 07:15","4.42","11.95"
"2019-05-17 07:30","4.5","11.95"
"2019-05-17 07:45","4.38","11.95"
"2019-05-17 08:00","4.47","14.76"
"2019-05-17 08:15","4.59","14.76"
"2019-05-17 08:30","4.47","14.76"
"2019-05-17 08:45","4.54","14.76"
"2019-05-17 09:00","4.5","16.09"
"2019-05-17 09:15","4.48","16.09"
"2019-05-17 09:30","4.5","16.09"
"2019-05-17 09:45","4.54","16.09"
"2019-05-17 10:00","4.37","18.32"
"2019-05-17 10:15","4.58","18.32"
"2019-05-17 10:30","4.62","18.32"
"2019-05-17 10:45","4.62","18.32"
"2019-05-17 11:00","4.67","20.43"
"2019-05-17 11:15","4.73","20.43"
"2019-05-17 11:30","4.64","20.43"
"2019-05-17 11:45","4.58","20.43"
"2019-05-17 12:00","4.64","22.78"
"2019-05-17 12:15","4.68","22.78"
"2019-05-17 12:30","4.64","22.78"
"2019-05-17 12:45","4.67","22.78"
"2019-05-17 13:00","4.78","24.05"
"2019-05-17 13:15","4.61","24.05"
"2019-05-17 13:30","4.59","24.05"
"2019-05-17 13:45","4.64","24.05"
"2019-05-17 14:00","4.65","25.34"
"2019-05-17 14:15","4.59","25.34"
"2019-05-17 14:30","4.68","25.34"
"2019-05-17 14:45","4.73","25.34"
"2019-05-17 15:00","4.73","26.1"
"2019-05-17 15:15","4.78","26.1"
"2019-05-17 15:30","4.81","26.1"
"2019-05-17 15:45","4.81","26.1"
"2019-05-17 16:00","4.82","23.76"
"2019-05-17 16:15","4.95","23.76"
"2019-05-17 16:30","4.81","23.76"
"2019-05-17 16:45","4.83","23.76"
"2019-05-17 17:00","4.78","23.22"
"2019-05-17 17:15","4.77","23.22"
"2019-05-17 17:30","4.78","23.22"
"2019-05-17 17:45","4.79","23.22"
"2019-05-17 18:00","4.43","23.23"
"2019-05-17 18:15","4.43","23.23"
"2019-05-17 18:30","4.51","23.23"
"2019-05-17 18:45","4.6","23.23"
"2019-05-17 19:00","4.63","22.67"
"2019-05-17 19:15","4.55","22.67"
"2019-05-17 19:30","4.53","22.67"
"2019-05-17 19:45","4.46","22.67"
"2019-05-17 20:00","4.47","22.19"
"2019-05-17 20:15","4.29","22.19"
"2019-05-17 20:30","4.21","22.19"
"2019-05-17 20:45","3.94","22.19"
"2019-05-17 21:00","0.1001","19.09"
"2019-05-17 21:15","0.0","19.09"
"2019-05-17 21:30","0.0","19.09"
"2019-05-17 21:45","0.0","19.09"
"2019-05-17 22:00","0.0","19.14"
"2019-05-17 22:15","0.0","19.14"
"2019-05-17 22:30","0.0","19.14"
"2019-05-17 22:45","0.0","19.14"
"2019-05-17 23:00","0.0","17.82"
"2019-05-17 23:15","0.0","17.82"
"2019-05-17 23:30","0.0","17.82"
"2019-05-17 23:45","0.0","17.82"
"2019-05-18 00:00","0.0","17.16"
"2019-05-18 00:15","0.0","17.16"
"2019-05-18 00:30","0.0","17.16"
"2019-05-18 00:45","0.0","17.16"
"2019-05-18 01:00","0.0","16.44"
"2019-05-18 01:15","0.0","16.44"
"2019-05-18 01:30","0.0","16.44"
"2019-05-18 01:45","0.0","16.44"
"2019-05-18 02:00","0.0","16.43"
"2019-05-18 02:15","0.0","16.43"
"2019-05-18 02:30","0.0","16.43"
"2019-05-18 02:45","0.0","16.43"
"2019-05-18 03:00","0.0","15.76"
"2019-05-18 03:15","0.0","15.76"
"2019-05-18 03:30","0.0","15.76"
"2019-05-18 03:45","0.0","15.76"
"2019-05-18 04:00","0.0","15.11"
"2019-05-18 04:15","0.0","15.11"
"2019-05-18 04:30","0.0","15.11"
"2019-05-18 04:45","0.0","15.11"
"2019-05-18 05:00","0.0","12.75"
"2019-05-18 05:15","0.0","12.75"
"2019-05-18 05:30","0.0","12.75"
"2019-05-18 05:45","0.0","12.75"
"2019-05-18 06:00","0.0","13.35"
"2019-05-18 06:15","0.0","13.35"
"2019-05-18 06:30","0.0","13.35"
"2019-05-18 06:45","0.0","13.35"
"2019-05-18 07:00","0.0","13.02"
"2019-05-18 07:15","0.0","13.02"
"2019-05-18 07:30","0.0","13.02"
"2019-05-18 07:45","0.0","13.02"
"2019-05-18 08:00","0.0","14.92"
"2019-05-18 08:15","0.0","14.92"
"2019-05-18 08:30","2.55","14.92"
"2019-05-18 08:45","4.76","14.92"
"2019-05-18 09:00","4.76","16.07"
"2019-05-18 09:15","4.68","16.07"
"2019-05-18 09:30","4.52","16.07"
"2019-05-18 09:45","4.6","16.07"
"2019-05-18 10:00","4.43","18.9"
"2019-05-18 10:15","4.6","18.9"
"2019-05-18 10:30","4.61","18.9"
"2019-05-18 10:45","4.59","18.9"
"2019-05-18 11:00","4.57","21.54"
"2019-05-18 11:15","4.61","21.54"
"2019-05-18 11:30","4.44","21.54"
"2019-05-18 11:45","4.43","21.54"
"2019-05-18 12:00","4.63","22.84"
"2019-05-18 12:15","4.75","22.84"
"2019-05-18 12:30","4.76","22.84"
"2019-05-18 12:45","4.68","22.84"
"2019-05-18 13:00","4.62","23.8"
"2019-05-18 13:15","4.58","23.8"
"2019-05-18 13:30","4.6","23.8"
"2019-05-18 13:45","4.61","23.8"
"2019-05-18 14:00","4.76","25.95"
"2019-05-18 14:15","4.74","25.95"
"2019-05-18 14:30","4.86","25.95"
"2019-05-18 14:45","4.86","25.95"
"2019-05-18 15:00","4.84","28.0"
"2019-05-18 15:15","4.83","28.0"
"2019-05-18 15:30","4.99","28.0"
"2019-05-18 15:45","4.84","28.0"
"2019-05-18 16:00","4.78","28.26"
"2019-05-18 16:15","4.72","28.26"
"2019-05-18 16:30","4.79","28.26"
"2019-05-18 16:45","4.71","28.26"
"2019-05-18 17:00","4.82","28.78"
"2019-05-18 17:15","4.77","28.78"
"2019-05-18 17:30","4.72","28.78"
"2019-05-18 17:45","4.77","28.78"
"2019-05-18 18:00","4.52","27.02"
"2019-05-18 18:15","4.38","27.02"
"2019-05-18 18:30","4.29","27.02"
"2019-05-18 18:45","4.46","27.02"
"2019-05-18 19:00","4.49","26.13"
"2019-05-18 19:15","4.5","26.13"
"2019-05-18 19:30","4.5","26.13"
"2019-05-18 19:45","4.47","26.13"
"2019-05-18 20:00","4.51","25.61"
"2019-05-18 20:15","4.47","25.61"
"2019-05-18 20:30","4.5","25.61"
"2019-05-18 20:45","4.14","25.61"
"2019-05-18 21:00","2.34","22.21"
"2019-05-18 21:15","2.41","22.21"
"2019-05-18 21:30","2.3","22.21"
"2019-05-18 21:45","2.12","22.21"
"2019-05-18 22:00","0.0","17.73"
"2019-05-18 22:15","0.0","17.73"
"2019-05-18 22:30","0.0","17.73"
"2019-05-18 22:45","0.0","17.73"
"2019-05-18 23:00","0.0","18.89"
"2019-05-18 23:15","0.0","18.89"
"2019-05-18 23:30","0.0","18.89"
"2019-05-18 23:45","0.0","18.89"
"2019-05-19 00:00","0.0","17.88"
"2019-05-19 00:15","0.0","17.88"
"2019-05-19 00:30","0.0","17.88"
"2019-05-19 00:45","0.0","17.88"
"2019-05-19 01:00","0.0","17.17"
"2019-05-19 01:15","0.0","17.17"
"2019-05-19 01:30","0.0","17.17"
"2019-05-19 01:45","0.0","17.17"
"2019-05-19 02:00","0.0","16.15"
"2019-05-19 02:15","0.0","16.15"
"2019-05-19 02:30","0.0","16.15"
"2019-05-19 02:45","0.0","16.15"
"2019-05-19 03:00","0.0","14.44"
"2019-05-19 03:15","0.0","14.44"
"2019-05-19 03:30","0.0","14.44"
"2019-05-19 03:45","0.0","14.44"
"2019-05-19 04:00","0.0","13.9"
"2019-05-19 04:15","0.0","13.9"
"2019-05-19 04:30","0.0","13.9"
"2019-05-19 04:45","0.0","13.9"
"2019-05-19 05:00","0.0","13.4"
"2019-05-19 05:15","0.0","13.4"
"2019-05-19 05:30","0.0","13.4"
"2019-05-19 05:45","0.0","13.4"
"2019-05-19 06:00","0.0","12.38"
"2019-05-19 06:15","0.0","12.38"
"2019-05-19 06:30","0.0","12.38"
"2019-05-19 06:45","0.0","12.38"
"2019-05-19 07:00","0.0","12.93"
"2019-05-19 07:15","0.0","12.93"
"2019-05-19 07:30","0.0","12.93"
"2019-05-19 07:45","0.0","12.93"
"2019-05-19 08:00","0.0","14.51"
"2019-05-19 08:15","0.0","14.51"
"2019-05-19 08:30","0.0","14.51"
"2019-05-19 08:45","0.0","14.51"
"2019-05-19 09:00","0.7612","15.13"
"2019-05-19 09:15","2.61","15.13"
"2019-05-19 09:30","3.88","15.13"
"2019-05-19 09:45","3.68","15.13"
"2019-05-19 10:00","3.8","18.6"
"2019-05-19 10:15","3.91","18.6"
"2019-05-19 10:30","3.81","18.6"
"2019-05-19 10:45","3.82","18.6"
"2019-05-19 11:00","3.82","20.91"
"2019-05-19 11:15","3.71","20.91"
"2019-05-19 11:30","3.89","20.91"
"2019-05-19 11:45","4.05","20.91"
"2019-05-19 12:00","4.09","22.98"
"2019-05-19 12:15","4.21","22.98"
"2019-05-19 12:30","4.12","22.98"
"2019-05-19 12:45","4.13","22.98"
"2019-05-19 13:00","4.12","24.79"
"2019-05-19 13:15","4.22","24.79"
"2019-05-19 13:30","4.08","24.79"
"2019-05-19 13:45","4.05","24.79"
"2019-05-19 14:00","4.06","26.41"
"2019-05-19 14:15","4.02","26.41"
"2019-05-19 14:30","4.12","26.41"
"2019-05-19 14:45","4.15","26.41"
"2019-05-19 15:00","4.14","27.54"
"2019-05-19 15:15","4.16","27.54"
"2019-05-19 15:30","4.12","27.54"
"2019-05-19 15:45","4.13","27.54"
"2019-05-19 16:00","4.15","27.99"
"2019-05-19 16:15","4.06","27.99"
"2019-05-19 16:30","4.1","27.99"
"2019-05-19 16:45","4.09","27.99"
"2019-05-19 17:00","4.15","27.91"
"2019-05-19 17:15","4.09","27.91"
"2019-05-19 17:30","4.09","27.91"
"2019-05-19 17:45","4.1","27.91"
"2019-05-19 18:00","3.89","27.89"
"2019-05-19 18:15","3.78","27.89"
"2019-05-19 18:30","3.86","27.89"
"2019-05-19 18:45","3.97","27.89"
"2019-05-19 19:00","3.88","26.5"
"2019-05-19 19:15","3.9","26.5"
"2019-05-19 19:30","3.88","26.5"
"2019-05-19 19:45","3.78","26.5"
"2019-05-19 20:00","3.86","27.75"
"2019-05-19 20:15","3.95","27.75"
"2019-05-19 20:30","4.01","27.75"
"2019-05-19 20:45","3.83","27.75"
"2019-05-19 21:00","3.85","23.17"
"2019-05-19 21:15","3.88","23.17"
"2019-05-19 21:30","3.66","23.17"
"2019-05-19 21:45","3.69","23.17"
"2019-05-19 22:00","2.69","21.85"
"2019-05-19 22:15","2.69","21.85"
"2019-05-19 22:30","1.46","21.85"
"2019-05-19 22:45","0.0","21.85"
"2019-05-19 23:00","0.0","19.72"
"2019-05-19 23:15","0.0","19.72"
"2019-05-19 23:30","0.0","19.72"
"2019-05-19 23:45","0.0","19.72"
"2019-05-20 00:00","0.0","19.46"
"2019-05-20 00:15","0.0","19.46"
"2019-05-20 00:30","0.0","19.46"
"2019-05-20 00:45","0.0","19.46"
"2019-05-20 01:00","0.0","19.44"
"2019-05-20 01:15","0.0","19.44"
"2019-05-20 01:30","0.0","19.44"
"2019-05-20 01:45","0.0","19.44"
"2019-05-20 02:00","0.0","18.26"
"2019-05-20 02:15","0.0","18.26"
"2019-05-20 02:30","0.0","18.26"
"2019-05-20 02:45","0.0","18.26"
"2019-05-20 03:00","0.0","17.19"
"2019-05-20 03:15","0.0","17.19"
"2019-05-20 03:30","0.0","17.19"
"2019-05-20 03:45","0.0","17.19"
"2019-05-20 04:00","0.0","16.47"
"2019-05-20 04:15","0.0","16.47"
"2019-05-20 04:30","0.0","16.47"
"2019-05-20 04:45","0.0","16.47"
"2019-05-20 05:00","0.0","16.05"
"2019-05-20 05:15","0.0","16.05"
"2019-05-20 05:30","0.0","16.05"
"2019-05-20 05:45","0.0","16.05"
"2019-05-20 06:00","0.0","15.09"
"2019-05-20 06:15","0.0","15.09"
"2019-05-20 06:30","1.04","15.09"
"2019-05-20 06:45","2.3","15.09"
"2019-05-20 07:00","2.14","14.72"
"2019-05-20 07:15","3.24","14.72"
"2019-05-20 07:30","3.97","14.72"
"2019-05-20 07:45","3.88","14.72"
"2019-05-20 08:00","3.92","14.68"
"2019-05-20 08:15","3.95","14.68"
"2019-05-20 08:30","3.88","14.68"
"2019-05-20 08:45","3.98","14.68"
"2019-05-20 09:00","3.9","17.21"
"2019-05-20 09:15","3.91","17.21"
"2019-05-20 09:30","3.84","17.21"
"2019-05-20 09:45","3.87","17.21"
"2019-05-20 10:00","3.92","21.53"
"2019-05-20 10:15","3.96","21.53"
"2019-05-20 10:30","3.89","21.53"
"2019-05-20 10:45","3.96","21.53"
"2019-05-20 11:00","4.02","22.71"
"2019-05-20 11:15","4.21","22.71"
"2019-05-20 11:30","4.1","22.71"
"2019-05-20 11:45","4.23","22.71"
"2019-05-20 12:00","4.25","24.28"
"2019-05-20 12:15","4.12","24.28"
"2019-05-20 12:30","4.04","24.28"
"2019-05-20 12:45","4.03","24.28"
"2019-05-20 13:00","4.11","25.67"
"2019-05-20 13:15","4.07","25.67"
"2019-05-20 13:30","3.97","25.67"
"2019-05-20 13:45","3.93","25.67"
"2019-05-20 14:00","4.03","26.99"
"2019-05-20 14:15","4.06","26.99"
"2019-05-20 14:30","4.11","26.99"
"2019-05-20 14:45","4.15","26.99"
"2019-05-20 15:00","4.16","27.73"
"2019-05-20 15:15","4.14","27.73"
"2019-05-20 15:30","4.22","27.73"
"2019-05-20 15:45","4.2","27.73"
"2019-05-20 16:00","4.2","28.29"
"2019-05-20 16:15","4.24","28.29"
"2019-05-20 16:30","4.33","28.29"
"2019-05-20 16:45","4.32","28.29"
"2019-05-20 17:00","4.12","29.55"
"2019-05-20 17:15","4.19","29.55"
"2019-05-20 17:30","4.15","29.55"
"2019-05-20 17:45","3.93","29.55"
"2019-05-20 18:00","3.65","28.61"
"2019-05-20 18:15","3.72","28.61"
"2019-05-20 18:30","3.76","28.61"
"2019-05-20 18:45","3.77","28.61"
"2019-05-20 19:00","3.89","27.53"
"2019-05-20 19:15","3.81","27.53"
"2019-05-20 19:30","3.89","27.53"
"2019-05-20 19:45","3.83","27.53"
"2019-05-20 20:00","3.88","27.07"
"2019-05-20 20:15","3.81","27.07"
"2019-05-20 20:30","2.91","27.07"
"2019-05-20 20:45","2.59","27.07"
"2019-05-20 21:00","1.53","21.03"
"2019-05-20 21:15","0.0","21.03"
"2019-05-20 21:30","0.0","21.03"
"2019-05-20 21:45","0.0","21.03"
"2019-05-20 22:00","0.0","19.65"
"2019-05-20 22:15","0.0","19.65"
"2019-05-20 22:30","0.0","19.65"
"2019-05-20 22:45","0.0","19.65"
"2019-05-20 23:00","0.0","19.41"
"2019-05-20 23:15","0.0","19.41"
"2019-05-20 23:30","0.0","19.41"
"2019-05-20 23:45","0.0","19.41"
"2019-05-21 00:00","0.0","18.71"
"2019-05-21 00:15","0.0","18.71"
"2019-05-21 00:30","0.0","18.71"
"2019-05-21 00:45","0.0","18.71"
"2019-05-21 01:00","0.0","17.46"
"2019-05-21 01:15","0.0","17.46"
"2019-05-21 01:30","0.0","17.46"
"2019-05-21 01:45","0.0","17.46"
"2019-05-21 02:00","0.0","16.84"
"2019-05-21 02:15","0.0","16.84"
"2019-05-21 02:30","0.0","16.84"
"2019-05-21 02:45","0.0","16.84"
"2019-05-21 03:00","0.0","15.38"
"2019-05-21 03:15","0.0","15.38"
"2019-05-21 03:30","0.0","15.38"
"2019-05-21 03:45","0.0","15.38"
"2019-05-21 04:00","0.0","15.05"
"2019-05-21 04:15","0.0","15.05"
"2019-05-21 04:30","0.0","15.05"
"2019-05-21 04:45","0.0","15.05"
"2019-05-21 05:00","0.0","14.73"
"2019-05-21 05:15","0.0","14.73"
"2019-05-21 05:30","0.0","14.73"
"2019-05-21 05:45","0.0","14.73"
"2019-05-21 06:00","0.0","11.51"
"2019-05-21 06:15","0.0","11.51"
"2019-05-21 06:30","0.0","11.51"
"2019-05-21 06:45","0.0","11.51"
"2019-05-21 07:00","0.0","13.35"
"2019-05-21 07:15","0.6132","13.35"
"2019-05-21 07:30","3.07","13.35"
"2019-05-21 07:45","4.26","13.35"
"2019-05-21 08:00","4.39","13.7"
"2019-05-21 08:15","4.35","13.7"
"2019-05-21 08:30","4.42","13.7"
"2019-05-21 08:45","4.45","13.7"
"2019-05-21 09:00","4.39","13.98"
"2019-05-21 09:15","4.36","13.98"
"2019-05-21 09:30","4.34","13.98"
"2019-05-21 09:45","4.41","13.98"
"2019-05-21 10:00","4.41","19.88"
"2019-05-21 10:15","4.43","19.88"
"2019-05-21 10:30","4.42","19.88"
"2019-05-21 10:45","4.46","19.88"
"2019-05-21 11:00","4.56","21.94"
"2019-05-21 11:15","4.56","21.94"
"2019-05-21 11:30","4.19","21.94"
"2019-05-21 11:45","4.42","21.94"
"2019-05-21 12:00","4.37","21.82"
"2019-05-21 12:15","4.48","21.82"
"2019-05-21 12:30","4.39","21.82"
"2019-05-21 12:45","4.45","21.82"
"2019-05-21 13:00","4.53","24.32"
"2019-05-21 13:15","4.68","24.32"
"2019-05-21 13:30","4.06","24.32"
"2019-05-21 13:45","4.68","24.32"
"2019-05-21 14:00","4.68","26.7"
"2019-05-21 14:15","4.64","26.7"
"2019-05-21 14:30","4.64","26.7"
"2019-05-21 14:45","4.68","26.7"
"2019-05-21 15:00","4.67","27.97"
"2019-05-21 15:15","4.71","27.97"
"2019-05-21 15:30","4.69","27.97"
"2019-05-21 15:45","4.82","27.97"
"2019-05-21 16:00","4.73","29.0"
"2019-05-21 16:15","4.64","29.0"
"2019-05-21 16:30","4.59","29.0"
"2019-05-21 16:45","4.59","29.0"
"2019-05-21 17:00","4.63","29.58"
"2019-05-21 17:15","4.67","29.58"
"2019-05-21 17:30","4.71","29.58"
"2019-05-21 17:45","4.77","29.58"
"2019-05-21 18:00","4.54","29.03"
"2019-05-21 18:15","4.49","29.03"
"2019-05-21 18:30","4.28","29.03"
"2019-05-21 18:45","4.34","29.03"
"2019-05-21 19:00","4.43","28.58"
"2019-05-21 19:15","4.4","28.58"
"2019-05-21 19:30","4.34","28.58"
"2019-05-21 19:45","4.46","28.58"
"2019-05-21 20:00","4.56","26.1"
"2019-05-21 20:15","4.43","26.1"
"2019-05-21 20:30","4.41","26.1"
"2019-05-21 20:45","4.34","26.1"
"2019-05-21 21:00","4.01","19.18"
"2019-05-21 21:15","2.05","19.18"
"2019-05-21 21:30","1.27","19.18"
"2019-05-21 21:45","0.0","19.18"
"2019-05-21 22:00","0.0","17.55"
"2019-05-21 22:15","0.0","17.55"
"2019-05-21 22:30","0.0","17.55"
"2019-05-21 22:45","0.0","17.55"
"2019-05-21 23:00","0.0","15.38"
"2019-05-21 23:15","0.0","15.38"
"2019-05-21 23:30","0.0","15.38"
"2019-05-21 23:45","0.0","15.38"
"2019-05-22 00:00","0.0","15.0"
"2019-05-22 00:15","0.0","15.0"
"2019-05-22 00:30","0.0","15.0"
"2019-05-22 00:45","0.0","15.0"
"2019-05-22 01:00","0.0","15.0"
"2019-05-22 01:15","0.0","15.0"
"2019-05-22 01:30","0.0","15.0"
"2019-05-22 01:45","0.0","15.0"
"2019-05-22 02:00","0.0","14.98"
"2019-05-22 02:15","0.0","14.98"
"2019-05-22 02:30","0.0","14.98"
"2019-05-22 02:45","0.0","14.98"
"2019-05-22 03:00","0.0","15.48"
"2019-05-22 03:15","0.0","15.48"
"2019-05-22 03:30","0.0","15.48"
"2019-05-22 03:45","0.0","15.48"
"2019-05-22 04:00","0.0","13.95"
"2019-05-22 04:15","0.0","13.95"
"2019-05-22 04:30","0.0","13.95"
"2019-05-22 04:45","0.0","13.95"
"2019-05-22 05:00","0.0","13.36"
"2019-05-22 05:15","0.0","13.36"
"2019-05-22 05:30","0.0","13.36"
"2019-05-22 05:45","0.0","13.36"
"2019-05-22 06:00","0.0","13.43"
"2019-05-22 06:15","0.0","13.43"
"2019-05-22 06:30","0.0","13.43"
"2019-05-22 06:45","0.0","13.43"
"2019-05-22 07:00","3.02","11.9"
"2019-05-22 07:15","4.54","11.9"
"2019-05-22 07:30","4.81","11.9"
"2019-05-22 07:45","4.65","11.9"
"2019-05-22 08:00","4.52","11.82"
"2019-05-22 08:15","4.57","11.82"
"2019-05-22 08:30","4.61","11.82"
"2019-05-22 08:45","4.53","11.82"
"2019-05-22 09:00","4.57","15.57"
"2019-05-22 09:15","4.63","15.57"
"2019-05-22 09:30","4.54","15.57"
"2019-05-22 09:45","4.52","15.57"
"2019-05-22 10:00","4.45","18.06"
"2019-05-22 10:15","4.59","18.06"
"2019-05-22 10:30","4.58","18.06"
"2019-05-22 10:45","4.49","18.06"
"2019-05-22 11:00","4.44","21.0"
"2019-05-22 11:15","4.52","21.0"
"2019-05-22 11:30","4.59","21.0"
"2019-05-22 11:45","4.69","21.0"
"2019-05-22 12:00","4.72","23.23"
"2019-05-22 12:15","4.67","23.23"
"2019-05-22 12:30","4.64","23.23"
"2019-05-22 12:45","4.61","23.23"
"2019-05-22 13:00","4.72","25.37"
"2019-05-22 13:15","4.72","25.37"
"2019-05-22 13:30","4.75","25.37"
"2019-05-22 13:45","4.7","25.37"
"2019-05-22 14:00","4.79","25.84"
"2019-05-22 14:15","4.83","25.84"
"2019-05-22 14:30","4.7","25.84"
"2019-05-22 14:45","4.81","25.84"
"2019-05-22 15:00","4.77","27.23"
"2019-05-22 15:15","4.71","27.23"
"2019-05-22 15:30","4.73","27.23"
"2019-05-22 15:45","4.68","27.23"
"2019-05-22 16:00","4.68","29.27"
"2019-05-22 16:15","4.67","29.27"
"2019-05-22 16:30","4.68","29.27"
"2019-05-22 16:45","4.74","29.27"
"2019-05-22 17:00","4.65","29.51"
"2019-05-22 17:15","4.68","29.51"
"2019-05-22 17:30","4.72","29.51"
"2019-05-22 17:45","4.81","29.51"
"2019-05-22 18:00","4.46","29.84"
"2019-05-22 18:15","4.45","29.84"
"2019-05-22 18:30","4.47","29.84"
"2019-05-22 18:45","4.52","29.84"
"2019-05-22 19:00","4.43","27.82"
"2019-05-22 19:15","4.46","27.82"
"2019-05-22 19:30","4.38","27.82"
"2019-05-22 19:45","4.51","27.82"
"2019-05-22 20:00","4.52","26.93"
"2019-05-22 20:15","4.47","26.93"
"2019-05-22 20:30","4.49","26.93"
"2019-05-22 20:45","4.49","26.93"
"2019-05-22 21:00","4.5","22.82"
"2019-05-22 21:15","2.59","22.82"
"2019-05-22 21:30","1.23","22.82"
"2019-05-22 21:45","0.0","22.82"
"2019-05-22 22:00","0.0","21.42"
"2019-05-22 22:15","0.0","21.42"
"2019-05-22 22:30","0.0","21.42"
"2019-05-22 22:45","0.0","21.42"
"2019-05-22 23:00","0.0","20.15"
"2019-05-22 23:15","0.0","20.15"
"2019-05-22 23:30","0.0","20.15"
"2019-05-22 23:45","0.0","20.15"
"2019-05-23 00:00","0.0","19.79"
"2019-05-23 00:15","0.0","19.79"
"2019-05-23 00:30","0.0","19.79"
"2019-05-23 00:45","0.0","19.79"
"2019-05-23 01:00","0.0","18.74"
"2019-05-23 01:15","0.0","18.74"
"2019-05-23 01:30","0.0","18.74"
"2019-05-23 01:45","0.0","18.74"
"2019-05-23 02:00","0.0","17.69"
"2019-05-23 02:15","0.0","17.69"
"2019-05-23 02:30","0.0","17.69"
"2019-05-23 02:45","0.0","17.69"
"2019-05-23 03:00","0.0","17.16"
"2019-05-23 03:15","0.0","17.16"
"2019-05-23 03:30","0.0","17.16"
"2019-05-23 03:45","0.0","17.16"
"2019-05-23 04:00","0.0","16.45"
"2019-05-23 04:15","0.0","16.45"
"2019-05-23 04:30","0.0","16.45"
"2019-05-23 04:45","0.0","16.45"
"2019-05-23 05:00","0.0","14.02"
"2019-05-23 05:15","0.0","14.02"
"2019-05-23 05:30","0.0","14.02"
"2019-05-23 05:45","0.0","14.02"
"2019-05-23 06:00","0.0","14.7"
"2019-05-23 06:15","0.1361","14.7"
"2019-05-23 06:30","0.3386","14.7"
"2019-05-23 06:45","1.05","14.7"
"2019-05-23 07:00","2.57","14.05"
"2019-05-23 07:15","3.63","14.05"
"2019-05-23 07:30","3.78","14.05"
"2019-05-23 07:45","3.8","14.05"
"2019-05-23 08:00","3.67","16.23"
"2019-05-23 08:15","3.69","16.23"
"2019-05-23 08:30","3.67","16.23"
"2019-05-23 08:45","3.74","16.23"
"2019-05-23 09:00","3.67","17.35"
"2019-05-23 09:15","3.67","17.35"
"2019-05-23 09:30","3.62","17.35"
"2019-05-23 09:45","3.69","17.35"
"2019-05-23 10:00","3.98","20.15"
"2019-05-23 10:15","3.99","20.15"
"2019-05-23 10:30","4.01","20.15"
"2019-05-23 10:45","4.08","20.15"
"2019-05-23 11:00","4.12","21.72"
"2019-05-23 11:15","4.07","21.72"
"2019-05-23 11:30","3.68","21.72"
"2019-05-23 11:45","4.0","21.72"
"2019-05-23 12:00","3.96","24.27"
"2019-05-23 12:15","3.87","24.27"
"2019-05-23 12:30","3.93","24.27"
"2019-05-23 12:45","3.97","24.27"
"2019-05-23 13:00","4.13","25.42"
"2019-05-23 13:15","4.18","25.42"
"2019-05-23 13:30","4.11","25.42"
"2019-05-23 13:45","4.14","25.42"
"2019-05-23 14:00","4.22","26.7"
"2019-05-23 14:15","4.15","26.7"
"2019-05-23 14:30","4.14","26.7"
"2019-05-23 14:45","4.17","26.7"
"2019-05-23 15:00","4.15","28.04"
"2019-05-23 15:15","4.19","28.04"
"2019-05-23 15:30","4.15","28.04"
"2019-05-23 15:45","4.19","28.04"
"2019-05-23 16:00","4.24","28.51"
"2019-05-23 16:15","4.25","28.51"
"2019-05-23 16:30","4.18","28.51"
"2019-05-23 16:45","4.22","28.51"
"2019-05-23 17:00","4.12","29.3"
"2019-05-23 17:15","4.01","29.3"
"2019-05-23 17:30","4.17","29.3"
"2019-05-23 17:45","4.12","29.3"
"2019-05-23 18:00","3.88","29.23"
"2019-05-23 18:15","3.73","29.23"
"2019-05-23 18:30","3.82","29.23"
"2019-05-23 18:45","3.84","29.23"
"2019-05-23 19:00","3.84","27.57"
"2019-05-23 19:15","3.82","27.57"
"2019-05-23 19:30","3.83","27.57"
"2019-05-23 19:45","3.85","27.57"
"2019-05-23 20:00","3.87","25.09"
"2019-05-23 20:15","3.87","25.09"
"2019-05-23 20:30","3.87","25.09"
"2019-05-23 20:45","3.87","25.09"
"2019-05-23 21:00","3.76","20.0"
"2019-05-23 21:15","3.7","20.0"
"2019-05-23 21:30","3.76","20.0"
"2019-05-23 21:45","2.86","20.0"
"2019-05-23 22:00","0.0375","17.76"
"2019-05-23 22:15","0.0","17.76"
"2019-05-23 22:30","0.0","17.76"
"2019-05-23 22:45","0.0","17.76"
"2019-05-23 23:00","0.0","16.4"
"2019-05-23 23:15","0.0","16.4"
"2019-05-23 23:30","0.0","16.4"
"2019-05-23 23:45","0.0","16.4"
"2019-05-24 00:00","0.0","16.49"
"2019-05-24 00:15","0.0","16.49"
"2019-05-24 00:30","0.0","16.49"
"2019-05-24 00:45","0.0","16.49"
"2019-05-24 01:00","0.0","16.36"
"2019-05-24 01:15","0.0","16.36"
"2019-05-24 01:30","0.0","16.36"
"2019-05-24 01:45","0.0","16.36"
"2019-05-24 02:00","0.0","14.85"
"2019-05-24 02:15","0.0","14.85"
"2019-05-24 02:30","0.0","14.85"
"2019-05-24 02:45","0.0","14.85"
"2019-05-24 03:00","0.0","15.38"
"2019-05-24 03:15","0.0","15.38"
"2019-05-24 03:30","0.0","15.38"
"2019-05-24 03:45","0.0","15.38"
"2019-05-24 04:00","0.0","14.46"
"2019-05-24 04:15","0.0","14.46"
"2019-05-24 04:30","0.0","14.46"
"2019-05-24 04:45","0.0","14.46"
"2019-05-24 05:00","0.0","14.41"
"2019-05-24 05:15","0.0","14.41"
"2019-05-24 05:30","0.0","14.41"
"2019-05-24 05:45","0.0","14.41"
"2019-05-24 06:00","0.0","13.55"
"2019-05-24 06:15","0.0","13.55"
"2019-05-24 06:30","0.5814","13.55"
"2019-05-24 06:45","2.29","13.55"
"2019-05-24 07:00","2.23","13.2"
"2019-05-24 07:15","2.2","13.2"
"2019-05-24 07:30","3.66","13.2"
"2019-05-24 07:45","3.96","13.2"
"2019-05-24 08:00","3.78","14.86"
"2019-05-24 08:15","3.92","14.86"
"2019-05-24 08:30","3.8","14.86"
"2019-05-24 08:45","3.8","14.86"
"2019-05-24 09:00","3.98","15.57"
"2019-05-24 09:15","4.02","15.57"
"2019-05-24 09:30","4.09","15.57"
"2019-05-24 09:45","4.06","15.57"
"2019-05-24 10:00","3.84","17.28"
"2019-05-24 10:15","3.92","17.28"
"2019-05-24 10:30","3.93","17.28"
"2019-05-24 10:45","3.85","17.28"
"2019-05-24 11:00","3.84","19.7"
"2019-05-24 11:15","3.87","19.7"
"2019-05-24 11:30","3.92","19.7"
"2019-05-24 11:45","4.02","19.7"
"2019-05-24 12:00","4.03","21.76"
"2019-05-24 12:15","3.93","21.76"
"2019-05-24 12:30","3.94","21.76"
"2019-05-24 12:45","3.98","21.76"
"2019-05-24 13:00","3.95","23.0"
"2019-05-24 13:15","4.02","23.0"
"2019-05-24 13:30","4.08","23.0"
"2019-05-24 13:45","4.03","23.0"
"2019-05-24 14:00","4.02","24.02"
"2019-05-24 14:15","4.05","24.02"
"2019-05-24 14:30","4.03","24.02"
"2019-05-24 14:45","3.96","24.02"
"2019-05-24 15:00","4.16","25.02"
"2019-05-24 15:15","4.25","25.02"
"2019-05-24 15:30","4.23","25.02"
"2019-05-24 15:45","4.06","25.02"
"2019-05-24 16:00","4.11","24.09"
"2019-05-24 16:15","4.1","24.09"
"2019-05-24 16:30","4.28","24.09"
"2019-05-24 16:45","4.15","24.09"
"2019-05-24 17:00","4.06","25.61"
"2019-05-24 17:15","4.22","25.61"
"2019-05-24 17:30","4.08","25.61"
"2019-05-24 17:45","4.12","25.61"
"2019-05-24 18:00","3.91","25.06"
"2019-05-24 18:15","3.95","25.06"
"2019-05-24 18:30","3.95","25.06"
"2019-05-24 18:45","3.8","25.06"
"2019-05-24 19:00","3.89","25.04"
"2019-05-24 19:15","3.83","25.04"
"2019-05-24 19:30","3.87","25.04"
"2019-05-24 19:45","3.82","25.04"
"2019-05-24 20:00","3.98","24.32"
"2019-05-24 20:15","3.97","24.32"
"2019-05-24 20:30","3.98","24.32"
"2019-05-24 20:45","2.78","24.32"
"2019-05-24 21:00","2.42","20.46"
"2019-05-24 21:15","2.25","20.46"
"2019-05-24 21:30","2.21","20.46"
"2019-05-24 21:45","2.2","20.46"
"2019-05-24 22:00","0.1289","19.07"
"2019-05-24 22:15","0.0","19.07"
"2019-05-24 22:30","0.0","19.07"
"2019-05-24 22:45","0.0","19.07"
"2019-05-24 23:00","0.0","18.55"
"2019-05-24 23:15","0.0","18.55"
"2019-05-24 23:30","0.0","18.55"
"2019-05-24 23:45","0.0","18.55"
"2019-05-25 00:00","0.0","18.39"
"2019-05-25 00:15","0.0","18.39"
"2019-05-25 00:30","0.0","18.39"
"2019-05-25 00:45","0.0","18.39"
"2019-05-25 01:00","0.0","18.23"
"2019-05-25 01:15","0.0","18.23"
"2019-05-25 01:30","0.0","18.23"
"2019-05-25 01:45","0.0","18.23"
"2019-05-25 02:00","0.0","16.79"
"2019-05-25 02:15","0.0","16.79"
"2019-05-25 02:30","0.0","16.79"
"2019-05-25 02:45","0.0","16.79"
"2019-05-25 03:00","0.0","15.43"
"2019-05-25 03:15","0.0","15.43"
"2019-05-25 03:30","0.0","15.43"
"2019-05-25 03:45","0.0","15.43"
"2019-05-25 04:00","0.0","14.39"
"2019-05-25 04:15","0.0","14.39"
"2019-05-25 04:30","0.0","14.39"
"2019-05-25 04:45","0.0","14.39"
"2019-05-25 05:00","0.0","14.08"
"2019-05-25 05:15","0.0","14.08"
"2019-05-25 05:30","0.0","14.08"
"2019-05-25 05:45","0.0","14.08"
"2019-05-25 06:00","0.0","13.36"
"2019-05-25 06:15","0.0","13.36"
"2019-05-25 06:30","0.0","13.36"
"2019-05-25 06:45","0.0","13.36"
"2019-05-25 07:00","0.0","14.08"
"2019-05-25 07:15","0.0","14.08"
"2019-05-25 07:30","0.0","14.08"
"2019-05-25 07:45","0.0","14.08"
"2019-05-25 08:00","0.0","15.93"
"2019-05-25 08:15","0.0","15.93"
"2019-05-25 08:30","1.1","15.93"
"2019-05-25 08:45","4.13","15.93"
"2019-05-25 09:00","4.54","16.52"
"2019-05-25 09:15","4.62","16.52"
"2019-05-25 09:30","4.51","16.52"
"2019-05-25 09:45","4.43","16.52"
"2019-05-25 10:00","4.39","18.87"
"2019-05-25 10:15","4.47","18.87"
"2019-05-25 10:30","4.12","18.87"
"2019-05-25 10:45","4.22","18.87"
"2019-05-25 11:00","4.2","20.4"
"2019-05-25 11:15","4.17","20.4"
"2019-05-25 11:30","4.2","20.4"
"2019-05-25 11:45","4.34","20.4"
"2019-05-25 12:00","4.37","22.05"
"2019-05-25 12:15","4.47","22.05"
"2019-05-25 12:30","4.49","22.05"
"2019-05-25 12:45","4.5","22.05"
"2019-05-25 13:00","4.48","23.57"
"2019-05-25 13:15","4.54","23.57"
"2019-05-25 13:30","4.53","23.57"
"2019-05-25 13:45","4.49","23.57"
"2019-05-25 14:00","4.59","24.84"
"2019-05-25 14:15","4.68","24.84"
"2019-05-25 14:30","4.69","24.84"
"2019-05-25 14:45","4.64","24.84"
"2019-05-25 15:00","4.6","25.96"
"2019-05-25 15:15","4.58","25.96"
"2019-05-25 15:30","4.51","25.96"
"2019-05-25 15:45","4.61","25.96"
"2019-05-25 16:00","4.71","27.05"
"2019-05-25 16:15","4.57","27.05"
"2019-05-25 16:30","4.49","27.05"
"2019-05-25 16:45","4.5","27.05"
"2019-05-25 17:00","4.64","27.49"
"2019-05-25 17:15","4.57","27.49"
"2019-05-25 17:30","4.57","27.49"
"2019-05-25 17:45","4.39","27.49"
"2019-05-25 18:00","4.14","27.77"
"2019-05-25 18:15","4.2","27.77"
"2019-05-25 18:30","4.07","27.77"
"2019-05-25 18:45","4.22","27.77"
"2019-05-25 19:00","4.3","27.31"
"2019-05-25 19:15","4.27","27.31"
"2019-05-25 19:30","4.25","27.31"
"2019-05-25 19:45","4.15","27.31"
"2019-05-25 20:00","4.24","26.25"
"2019-05-25 20:15","4.12","26.25"
"2019-05-25 20:30","4.13","26.25"
"2019-05-25 20:45","4.16","26.25"
"2019-05-25 21:00","4.28","20.52"
"2019-05-25 21:15","3.46","20.52"
"2019-05-25 21:30","2.36","20.52"
"2019-05-25 21:45","2.15","20.52"
"2019-05-25 22:00","1.72","19.99"
"2019-05-25 22:15","0.0","19.99"
"2019-05-25 22:30","0.0","19.99"
"2019-05-25 22:45","0.0","19.99"
"2019-05-25 23:00","0.0","18.94"
"2019-05-25 23:15","0.0","18.94"
"2019-05-25 23:30","0.0","18.94"
"2019-05-25 23:45","0.0","18.94"
"2019-05-26 00:00","0.0","18.59"
"2019-05-26 00:15","0.0","18.59"
"2019-05-26 00:30","0.0","18.59"
"2019-05-26 00:45","0.0","18.59"
"2019-05-26 01:00","0.0","17.89"
"2019-05-26 01:15","0.0","17.89"
"2019-05-26 01:30","0.0","17.89"
"2019-05-26 01:45","0.0","17.89"
"2019-05-26 02:00","0.0","17.2"
"2019-05-26 02:15","0.0","17.2"
"2019-05-26 02:30","0.0","17.2"
"2019-05-26 02:45","0.0","17.2"
"2019-05-26 03:00","0.0","16.53"
"2019-05-26 03:15","0.0","16.53"
"2019-05-26 03:30","0.0","16.53"
"2019-05-26 03:45","0.0","16.53"
"2019-05-26 04:00","0.0","15.47"
"2019-05-26 04:15","0.0","15.47"
"2019-05-26 04:30","0.0","15.47"
"2019-05-26 04:45","0.0","15.47"
"2019-05-26 05:00","0.0","14.78"
"2019-05-26 05:15","0.0","14.78"
"2019-05-26 05:30","0.0","14.78"
"2019-05-26 05:45","0.0","14.78"
"2019-05-26 06:00","0.0","14.07"
"2019-05-26 06:15","0.0","14.07"
"2019-05-26 06:30","0.0","14.07"
"2019-05-26 06:45","0.0","14.07"
"2019-05-26 07:00","0.0","13.7"
"2019-05-26 07:15","0.0","13.7"
"2019-05-26 07:30","0.0","13.7"
"2019-05-26 07:45","0.0","13.7"
"2019-05-26 08:00","0.0","15.41"
"2019-05-26 08:15","0.0","15.41"
"2019-05-26 08:30","0.6772","15.41"
"2019-05-26 08:45","0.7768","15.41"
"2019-05-26 09:00","2.08","16.64"
"2019-05-26 09:15","2.52","16.64"
"2019-05-26 09:30","3.77","16.64"
"2019-05-26 09:45","3.74","16.64"
"2019-05-26 10:00","3.48","18.41"
"2019-05-26 10:15","3.84","18.41"
"2019-05-26 10:30","3.77","18.41"
"2019-05-26 10:45","3.81","18.41"
"2019-05-26 11:00","3.84","19.6"
"2019-05-26 11:15","3.83","19.6"
"2019-05-26 11:30","3.8","19.6"
"2019-05-26 11:45","3.78","19.6"
"2019-05-26 12:00","3.82","21.23"
"2019-05-26 12:15","3.84","21.23"
"2019-05-26 12:30","3.98","21.23"
"2019-05-26 12:45","3.94","21.23"
"2019-05-26 13:00","3.97","23.55"
"2019-05-26 13:15","4.04","23.55"
"2019-05-26 13:30","4.03","23.55"
"2019-05-26 13:45","3.9","23.55"
"2019-05-26 14:00","3.9","25.33"
"2019-05-26 14:15","4.0","25.33"
"2019-05-26 14:30","3.9","25.33"
"2019-05-26 14:45","3.94","25.33"
"2019-05-26 15:00","4.03","25.7"
"2019-05-26 15:15","4.01","25.7"
"2019-05-26 15:30","3.98","25.7"
"2019-05-26 15:45","3.98","25.7"
"2019-05-26 16:00","4.06","27.21"
"2019-05-26 16:15","3.97","27.21"
"2019-05-26 16:30","4.0","27.21"
"2019-05-26 16:45","3.94","27.21"
"2019-05-26 17:00","3.99","28.21"
"2019-05-26 17:15","4.03","28.21"
"2019-05-26 17:30","4.09","28.21"
"2019-05-26 17:45","4.13","28.21"
"2019-05-26 18:00","3.94","26.51"
"2019-05-26 18:15","3.9","26.51"
"2019-05-26 18:30","3.9","26.51"
"2019-05-26 18:45","3.79","26.51"
"2019-05-26 19:00","3.74","28.01"
"2019-05-26 19:15","3.68","28.01"
"2019-05-26 19:30","3.71","28.01"
"2019-05-26 19:45","3.78","28.01"
"2019-05-26 20:00","3.71","27.49"
"2019-05-26 20:15","3.75","27.49"
"2019-05-26 20:30","3.81","27.49"
"2019-05-26 20:45","3.75","27.49"
"2019-05-26 21:00","3.41","22.87"
"2019-05-26 21:15","4.02","22.87"
"2019-05-26 21:30","4.05","22.87"
"2019-05-26 21:45","3.34","22.87"
"2019-05-26 22:00","2.97","21.15"
"2019-05-26 22:15","2.14","21.15"
"2019-05-26 22:30","0.0","21.15"
"2019-05-26 22:45","0.0","21.15"
"2019-05-26 23:00","0.0","19.41"
"2019-05-26 23:15","0.0","19.41"
"2019-05-26 23:30","0.0","19.41"
"2019-05-26 23:45","0.0","19.41"
"2019-05-27 00:00","0.0","19.27"
"2019-05-27 00:15","0.0","19.27"
"2019-05-27 00:30","0.0","19.27"
"2019-05-27 00:45","0.0","19.27"
"2019-05-27 01:00","0.0","17.87"
"2019-05-27 01:15","0.0","17.87"
"2019-05-27 01:30","0.0","17.87"
"2019-05-27 01:45","0.0","17.87"
"2019-05-27 02:00","0.0","16.87"
"2019-05-27 02:15","0.0","16.87"
"2019-05-27 02:30","0.0","16.87"
"2019-05-27 02:45","0.0","16.87"
"2019-05-27 03:00","0.0","16.15"
"2019-05-27 03:15","0.0","16.15"
"2019-05-27 03:30","0.0","16.15"
"2019-05-27 03:45","0.0","16.15"
"2019-05-27 04:00","0.0","15.81"
"2019-05-27 04:15","0.0","15.81"
"2019-05-27 04:30","0.0","15.81"
"2019-05-27 04:45","0.0","15.81"
"2019-05-27 05:00","0.0","14.75"
"2019-05-27 05:15","0.0","14.75"
"2019-05-27 05:30","0.0","14.75"
"2019-05-27 05:45","0.0","14.75"
"2019-05-27 06:00","0.0","14.62"
"2019-05-27 06:15","0.0","14.62"
"2019-05-27 06:30","0.0","14.62"
"2019-05-27 06:45","1.62","14.62"
"2019-05-27 07:00","2.35","13.25"
"2019-05-27 07:15","3.22","13.25"
"2019-05-27 07:30","3.86","13.25"
"2019-05-27 07:45","3.77","13.25"
"2019-05-27 08:00","3.9","12.88"
"2019-05-27 08:15","3.84","12.88"
"2019-05-27 08:30","3.98","12.88"
"2019-05-27 08:45","3.85","12.88"
"2019-05-27 09:00","3.74","15.67"
"2019-05-27 09:15","3.68","15.67"
"2019-05-27 09:30","3.87","15.67"
"2019-05-27 09:45","3.93","15.67"
"2019-05-27 10:00","4.08","18.46"
"2019-05-27 10:15","4.24","18.46"
"2019-05-27 10:30","4.18","18.46"
"2019-05-27 10:45","4.17","18.46"
"2019-05-27 11:00","4.17","19.78"
"2019-05-27 11:15","4.17","19.78"
"2019-05-27 11:30","4.15","19.78"
"2019-05-27 11:45","4.14","19.78"
"2019-05-27 12:00","4.28","22.2"
"2019-05-27 12:15","4.35","22.2"
"2019-05-27 12:30","4.21","22.2"
"2019-05-27 12:45","4.25","22.2"
"2019-05-27 13:00","4.27","24.24"
"2019-05-27 13:15","4.21","24.24"
"2019-05-27 13:30","4.16","24.24"
"2019-05-27 13:45","4.11","24.24"
"2019-05-27 14:00","4.06","25.43"
"2019-05-27 14:15","4.0","25.43"
"2019-05-27 14:30","4.03","25.43"
"2019-05-27 14:45","4.14","25.43"
"2019-05-27 15:00","4.22","26.71"
"2019-05-27 15:15","4.28","26.71"
"2019-05-27 15:30","4.3","26.71"
"2019-05-27 15:45","4.08","26.71"
"2019-05-27 16:00","4.14","27.26"
"2019-05-27 16:15","4.15","27.26"
"2019-05-27 16:30","4.05","27.26"
"2019-05-27 16:45","4.14","27.26"
"2019-05-27 17:00","4.14","27.26"
"2019-05-27 17:15","4.12","27.26"
"2019-05-27 17:30","4.12","27.26"
"2019-05-27 17:45","4.13","27.26"
"2019-05-27 18:00","3.8","27.0"
"2019-05-27 18:15","3.83","27.0"
"2019-05-27 18:30","3.91","27.0"
"2019-05-27 18:45","3.76","27.0"
"2019-05-27 19:00","3.82","25.83"
"2019-05-27 19:15","3.84","25.83"
"2019-05-27 19:30","3.83","25.83"
"2019-05-27 19:45","3.76","25.83"
"2019-05-27 20:00","3.77","24.87"
"2019-05-27 20:15","3.77","24.87"
"2019-05-27 20:30","3.76","24.87"
"2019-05-27 20:45","3.67","24.87"
"2019-05-27 21:00","3.71","21.49"
"2019-05-27 21:15","3.62","21.49"
"2019-05-27 21:30","3.62","21.49"
"2019-05-27 21:45","3.71","21.49"
"2019-05-27 22:00","0.9517","20.45"
"2019-05-27 22:15","0.0","20.45"
"2019-05-27 22:30","0.0","20.45"
"2019-05-27 22:45","0.0","20.45"
"2019-05-27 23:00","0.0","20.46"
"2019-05-27 23:15","0.0","20.46"
"2019-05-27 23:30","0.0","20.46"
"2019-05-27 23:45","0.0","20.46"
"2019-05-28 00:00","0.0","18.87"
"2019-05-28 00:15","0.0","18.87"
"2019-05-28 00:30","0.0","18.87"
"2019-05-28 00:45","0.0","18.87"
"2019-05-28 01:00","0.0","18.01"
"2019-05-28 01:15","0.0","18.01"
"2019-05-28 01:30","0.0","18.01"
"2019-05-28 01:45","0.0","18.01"
"2019-05-28 02:00","0.0","18.54"
"2019-05-28 02:15","0.0","18.54"
"2019-05-28 02:30","0.0","18.54"
"2019-05-28 02:45","0.0","18.54"
"2019-05-28 03:00","0.0","17.53"
"2019-05-28 03:15","0.0","17.53"
"2019-05-28 03:30","0.0","17.53"
"2019-05-28 03:45","0.0","17.53"
"2019-05-28 04:00","0.0","16.86"
"2019-05-28 04:15","0.0","16.86"
"2019-05-28 04:30","0.0","16.86"
"2019-05-28 04:45","0.0","16.86"
"2019-05-28 05:00","0.0","15.83"
"2019-05-28 05:15","0.0","15.83"
"2019-05-28 05:30","0.0","15.83"
"2019-05-28 05:45","0.0","15.83"
"2019-05-28 06:00","0.0","15.15"
"2019-05-28 06:15","0.0","15.15"
"2019-05-28 06:30","0.0","15.15"
"2019-05-28 06:45","0.0","15.15"
"2019-05-28 07:00","0.393","14.79"
"2019-05-28 07:15","3.2","14.79"
"2019-05-28 07:30","3.05","14.79"
"2019-05-28 07:45","4.25","14.79"
"2019-05-28 08:00","4.35","14.79"
"2019-05-28 08:15","4.42","14.79"
"2019-05-28 08:30","4.58","14.79"
"2019-05-28 08:45","4.7","14.79"
"2019-05-28 09:00","4.65","17.68"
"2019-05-28 09:15","4.42","17.68"
"2019-05-28 09:30","4.49","17.68"
"2019-05-28 09:45","4.55","17.68"
"2019-05-28 10:00","3.96","19.2"
"2019-05-28 10:15","4.17","19.2"
"2019-05-28 10:30","4.24","19.2"
"2019-05-28 10:45","4.36","19.2"
"2019-05-28 11:00","4.15","20.09"
"2019-05-28 11:15","4.14","20.09"
"2019-05-28 11:30","4.33","20.09"
"2019-05-28 11:45","4.66","20.09"
"2019-05-28 12:00","4.66","22.54"
"2019-05-28 12:15","4.7","22.54"
"2019-05-28 12:30","4.72","22.54"
"2019-05-28 12:45","4.68","22.54"
"2019-05-28 13:00","4.66","23.46"
"2019-05-28 13:15","4.62","23.46"
"2019-05-28 13:30","4.56","23.46"
"2019-05-28 13:45","4.58","23.46"
"2019-05-28 14:00","4.64","24.89"
"2019-05-28 14:15","4.62","24.89"
"2019-05-28 14:30","4.68","24.89"
"2019-05-28 14:45","4.63","24.89"
"2019-05-28 15:00","4.68","26.14"
"2019-05-28 15:15","4.61","26.14"
"2019-05-28 15:30","4.63","26.14"
"2019-05-28 15:45","4.72","26.14"
"2019-05-28 16:00","4.56","26.5"
"2019-05-28 16:15","4.67","26.5"
"2019-05-28 16:30","4.63","26.5"
"2019-05-28 16:45","4.6","26.5"
"2019-05-28 17:00","4.62","25.78"
"2019-05-28 17:15","4.6","25.78"
"2019-05-28 17:30","4.59","25.78"
"2019-05-28 17:45","4.72","25.78"
"2019-05-28 18:00","4.52","26.72"
"2019-05-28 18:15","4.38","26.72"
"2019-05-28 18:30","4.24","26.72"
"2019-05-28 18:45","4.25","26.72"
"2019-05-28 19:00","4.33","26.2"
"2019-05-28 19:15","4.38","26.2"
"2019-05-28 19:30","4.19","26.2"
"2019-05-28 19:45","4.21","26.2"
"2019-05-28 20:00","4.34","25.1"
"2019-05-28 20:15","4.34","25.1"
"2019-05-28 20:30","4.35","25.1"
"2019-05-28 20:45","4.33","25.1"
"2019-05-28 21:00","4.34","21.08"
"2019-05-28 21:15","4.24","21.08"
"2019-05-28 21:30","4.17","21.08"
"2019-05-28 21:45","3.89","21.08"
"2019-05-28 22:00","4.16","20.45"
"2019-05-28 22:15","3.98","20.45"
"2019-05-28 22:30","3.89","20.45"
"2019-05-28 22:45","4.15","20.45"
"2019-05-28 23:00","4.16","19.78"
"2019-05-28 23:15","4.17","19.78"
"2019-05-28 23:30","0.2658","19.78"
"2019-05-28 23:45","0.0","19.78"
"2019-05-29 00:00","0.0","18.83"
"2019-05-29 00:15","0.0","18.83"
"2019-05-29 00:30","0.0","18.83"
"2019-05-29 00:45","0.0","18.83"
"2019-05-29 01:00","0.0","18.24"
"2019-05-29 01:15","0.0","18.24"
"2019-05-29 01:30","0.0","18.24"
"2019-05-29 01:45","0.0","18.24"
"2019-05-29 02:00","0.0","17.88"
"2019-05-29 02:15","0.0","17.88"
"2019-05-29 02:30","0.0","17.88"
"2019-05-29 02:45","0.0","17.88"
"2019-05-29 03:00","0.0","16.85"
"2019-05-29 03:15","0.0","16.85"
"2019-05-29 03:30","0.0","16.85"
"2019-05-29 03:45","0.0","16.85"
"2019-05-29 04:00","0.0","16.14"
"2019-05-29 04:15","0.0","16.14"
"2019-05-29 04:30","0.0","16.14"
"2019-05-29 04:45","0.0","16.14"
"2019-05-29 05:00","0.0","16.15"
"2019-05-29 05:15","0.0","16.15"
"2019-05-29 05:30","0.0","16.15"
"2019-05-29 05:45","0.0","16.15"
"2019-05-29 06:00","0.0","16.16"
"2019-05-29 06:15","0.0","16.16"
"2019-05-29 06:30","0.0","16.16"
"2019-05-29 06:45","4.19","16.16"
"2019-05-29 07:00","4.44","15.82"
"2019-05-29 07:15","4.29","15.82"
"2019-05-29 07:30","4.26","15.82"
"2019-05-29 07:45","4.24","15.82"
"2019-05-29 08:00","4.26","16.91"
"2019-05-29 08:15","4.39","16.91"
"2019-05-29 08:30","4.56","16.91"
"2019-05-29 08:45","4.33","16.91"
"2019-05-29 09:00","4.38","17.46"
"2019-05-29 09:15","4.23","17.46"
"2019-05-29 09:30","4.26","17.46"
"2019-05-29 09:45","4.43","17.46"
"2019-05-29 10:00","4.51","18.61"
"2019-05-29 10:15","4.53","18.61"
"2019-05-29 10:30","4.5","18.61"
"2019-05-29 10:45","4.61","18.61"
"2019-05-29 11:00","4.58","20.37"
"2019-05-29 11:15","4.71","20.37"
"2019-05-29 11:30","4.62","20.37"
"2019-05-29 11:45","4.61","20.37"
"2019-05-29 12:00","4.65","22.44"
"2019-05-29 12:15","4.6","22.44"
"2019-05-29 12:30","4.57","22.44"
"2019-05-29 12:45","4.55","22.44"
"2019-05-29 13:00","4.56","22.94"
"2019-05-29 13:15","4.59","22.94"
"2019-05-29 13:30","4.61","22.94"
"2019-05-29 13:45","4.67","22.94"
"2019-05-29 14:00","4.75","25.6"
"2019-05-29 14:15","4.68","25.6"
"2019-05-29 14:30","4.66","25.6"
"2019-05-29 14:45","4.67","25.6"
"2019-05-29 15:00","4.67","26.42"
"2019-05-29 15:15","4.58","26.42"
"2019-05-29 15:30","4.59","26.42"
"2019-05-29 15:45","4.52","26.42"
"2019-05-29 16:00","4.57","27.42"
"2019-05-29 16:15","4.59","27.42"
"2019-05-29 16:30","4.68","27.42"
"2019-05-29 16:45","4.65","27.42"
"2019-05-29 17:00","4.44","26.83"
"2019-05-29 17:15","4.47","26.83"
"2019-05-29 17:30","4.51","26.83"
"2019-05-29 17:45","4.67","26.83"
"2019-05-29 18:00","4.4","26.3"
"2019-05-29 18:15","4.3","26.3"
"2019-05-29 18:30","4.22","26.3"
"2019-05-29 18:45","4.29","26.3"
"2019-05-29 19:00","4.17","23.58"
"2019-05-29 19:15","4.24","23.58"
"2019-05-29 19:30","4.3","23.58"
"2019-05-29 19:45","4.33","23.58"
"2019-05-29 20:00","4.25","22.18"
"2019-05-29 20:15","4.31","22.18"
"2019-05-29 20:30","4.1","22.18"
"2019-05-29 20:45","4.09","22.18"
"2019-05-29 21:00","4.18","21.49"
"2019-05-29 21:15","2.12","21.49"
"2019-05-29 21:30","0.4346","21.49"
"2019-05-29 21:45","0.2879","21.49"
"2019-05-29 22:00","0.0","20.35"
"2019-05-29 22:15","0.0","20.35"
"2019-05-29 22:30","0.0","20.35"
"2019-05-29 22:45","0.0","20.35"
"2019-05-29 23:00","0.0","18.7"
"2019-05-29 23:15","0.0","18.7"
"2019-05-29 23:30","0.0","18.7"
"2019-05-29 23:45","0.0","18.7"
"2019-05-30 00:00","0.0","18.9"
"2019-05-30 00:15","0.0","18.9"
"2019-05-30 00:30","0.0","18.9"
"2019-05-30 00:45","0.0","18.9"
"2019-05-30 01:00","0.0","18.2"
"2019-05-30 01:15","0.0","18.2"
"2019-05-30 01:30","0.0","18.2"
"2019-05-30 01:45","0.0","18.2"
"2019-05-30 02:00","0.0","18.2"
"2019-05-30 02:15","0.0","18.2"
"2019-05-30 02:30","0.0","18.2"
"2019-05-30 02:45","0.0","18.2"
"2019-05-30 03:00","0.0","17.87"
"2019-05-30 03:15","0.0","17.87"
"2019-05-30 03:30","0.0","17.87"
"2019-05-30 03:45","0.0","17.87"
"2019-05-30 04:00","0.0","16.87"
"2019-05-30 04:15","0.0","16.87"
"2019-05-30 04:30","0.0","16.87"
"2019-05-30 04:45","0.0","16.87"
"2019-05-30 05:00","0.0","16.14"
"2019-05-30 05:15","0.0","16.14"
"2019-05-30 05:30","0.0","16.14"
"2019-05-30 05:45","0.0","16.14"
"2019-05-30 06:00","0.0","16.5"
"2019-05-30 06:15","0.0","16.5"
"2019-05-30 06:30","0.0","16.5"
"2019-05-30 06:45","2.05","16.5"
"2019-05-30 07:00","2.22","16.18"
"2019-05-30 07:15","3.55","16.18"
"2019-05-30 07:30","3.83","16.18"
"2019-05-30 07:45","3.94","16.18"
"2019-05-30 08:00","4.0","16.91"
"2019-05-30 08:15","3.98","16.91"
"2019-05-30 08:30","3.92","16.91"
"2019-05-30 08:45","3.98","16.91"
"2019-05-30 09:00","3.97","17.94"
"2019-05-30 09:15","4.03","17.94"
"2019-05-30 09:30","3.91","17.94"
"2019-05-30 09:45","3.88","17.94"
"2019-05-30 10:00","3.87","19.15"
"2019-05-30 10:15","3.89","19.15"
"2019-05-30 10:30","3.85","19.15"
"2019-05-30 10:45","3.77","19.15"
"2019-05-30 11:00","3.75","21.21"
"2019-05-30 11:15","3.85","21.21"
"2019-05-30 11:30","3.9","21.21"
"2019-05-30 11:45","4.0","21.21"
"2019-05-30 12:00","4.03","22.98"
"2019-05-30 12:15","4.08","22.98"
"2019-05-30 12:30","4.1","22.98"
"2019-05-30 12:45","4.15","22.98"
"2019-05-30 13:00","4.09","24.82"
"2019-05-30 13:15","4.07","24.82"
"2019-05-30 13:30","4.1","24.82"
"2019-05-30 13:45","4.1","24.82"
"2019-05-30 14:00","4.26","26.22"
"2019-05-30 14:15","4.2","26.22"
"2019-05-30 14:30","4.2","26.22"
"2019-05-30 14:45","4.18","26.22"
"2019-05-30 15:00","4.28","27.93"
"2019-05-30 15:15","4.22","27.93"
"2019-05-30 15:30","4.19","27.93"
"2019-05-30 15:45","4.15","27.93"
"2019-05-30 16:00","4.2","29.0"
"2019-05-30 16:15","4.17","29.0"
"2019-05-30 16:30","4.17","29.0"
"2019-05-30 16:45","4.02","29.0"
"2019-05-30 17:00","3.9","29.03"
"2019-05-30 17:15","4.16","29.03"
"2019-05-30 17:30","4.24","29.03"
"2019-05-30 17:45","4.32","29.03"
"2019-05-30 18:00","3.85","28.75"
"2019-05-30 18:15","3.73","28.75"
"2019-05-30 18:30","3.74","28.75"
"2019-05-30 18:45","3.64","28.75"
"2019-05-30 19:00","3.7","26.49"
"2019-05-30 19:15","3.6","26.49"
"2019-05-30 19:30","3.71","26.49"
"2019-05-30 19:45","3.73","26.49"
"2019-05-30 20:00","3.89","25.93"
"2019-05-30 20:15","3.78","25.93"
"2019-05-30 20:30","3.77","25.93"
"2019-05-30 20:45","3.76","25.93"
"2019-05-30 21:00","2.94","21.94"
"2019-05-30 21:15","2.51","21.94"
"2019-05-30 21:30","1.21","21.94"
"2019-05-30 21:45","0.0","21.94"
"2019-05-30 22:00","0.0","20.46"
"2019-05-30 22:15","0.0","20.46"
"2019-05-30 22:30","0.0","20.46"
"2019-05-30 22:45","0.0","20.46"
"2019-05-30 23:00","0.0","20.48"
"2019-05-30 23:15","0.0","20.48"
"2019-05-30 23:30","0.0","20.48"
"2019-05-30 23:45","0.0","20.48"
"2019-05-31 00:00","0.0","20.47"
"2019-05-31 00:15","0.0","20.47"
"2019-05-31 00:30","0.0","20.47"
"2019-05-31 00:45","0.0","20.47"
"2019-05-31 01:00","0.0","19.13"
"2019-05-31 01:15","0.0","19.13"
"2019-05-31 01:30","0.0","19.13"
"2019-05-31 01:45","0.0","19.13"
"2019-05-31 02:00","0.0","17.86"
"2019-05-31 02:15","0.0","17.86"
"2019-05-31 02:30","0.0","17.86"
"2019-05-31 02:45","0.0","17.86"
"2019-05-31 03:00","0.0","17.21"
"2019-05-31 03:15","0.0","17.21"
"2019-05-31 03:30","0.0","17.21"
"2019-05-31 03:45","0.0","17.21"
"2019-05-31 04:00","0.0","16.51"
"2019-05-31 04:15","0.0","16.51"
"2019-05-31 04:30","0.0","16.51"
"2019-05-31 04:45","0.0","16.51"
"2019-05-31 05:00","0.0","16.19"
"2019-05-31 05:15","0.0","16.19"
"2019-05-31 05:30","0.0","16.19"
"2019-05-31 05:45","0.0","16.19"
"2019-05-31 06:00","0.0","15.83"
"2019-05-31 06:15","0.0","15.83"
"2019-05-31 06:30","0.0","15.83"
"2019-05-31 06:45","0.0","15.83"
"2019-05-31 07:00","1.41","16.08"
"2019-05-31 07:15","2.46","16.08"
"2019-05-31 07:30","2.61","16.08"
"2019-05-31 07:45","2.64","16.08"
"2019-05-31 08:00","3.31","15.8"
"2019-05-31 08:15","4.08","15.8"
"2019-05-31 08:30","4.33","15.8"
"2019-05-31 08:45","4.34","15.8"
"2019-05-31 09:00","4.37","16.16"
"2019-05-31 09:15","4.41","16.16"
"2019-05-31 09:30","4.55","16.16"
"2019-05-31 09:45","4.51","16.16"
"2019-05-31 10:00","4.35","17.69"
"2019-05-31 10:15","4.51","17.69"
"2019-05-31 10:30","4.37","17.69"
"2019-05-31 10:45","3.97","17.69"
"2019-05-31 11:00","3.89","20.17"
"2019-05-31 11:15","3.94","20.17"
"2019-05-31 11:30","3.91","20.17"
"2019-05-31 11:45","3.9","20.17"
"2019-05-31 12:00","4.1","21.39"
"2019-05-31 12:15","4.12","21.39"
"2019-05-31 12:30","4.24","21.39"
"2019-05-31 12:45","4.22","21.39"
"2019-05-31 13:00","4.33","22.96"
"2019-05-31 13:15","4.37","22.96"
"2019-05-31 13:30","4.33","22.96"
"2019-05-31 13:45","4.34","22.96"
"2019-05-31 14:00","4.4","24.81"
"2019-05-31 14:15","4.24","24.81"
"2019-05-31 14:30","4.22","24.81"
"2019-05-31 14:45","4.15","24.81"
"2019-05-31 15:00","4.18","25.4"
"2019-05-31 15:15","4.3","25.4"
"2019-05-31 15:30","4.32","25.4"
"2019-05-31 15:45","4.17","25.4"
"2019-05-31 16:00","4.19","26.19"
"2019-05-31 16:15","4.16","26.19"
"2019-05-31 16:30","4.33","26.19"
"2019-05-31 16:45","4.24","26.19"
"2019-05-31 17:00","4.12","24.81"
"2019-05-31 17:15","4.11","24.81"
"2019-05-31 17:30","4.22","24.81"
"2019-05-31 17:45","4.28","24.81"
"2019-05-31 18:00","4.1","25.97"
"2019-05-31 18:15","3.86","25.97"
"2019-05-31 18:30","3.9","25.97"
"2019-05-31 18:45","3.9","25.97"
"2019-05-31 19:00","3.88","25.74"
"2019-05-31 19:15","4.04","25.74"
"2019-05-31 19:30","3.89","25.74"
"2019-05-31 19:45","3.95","25.74"
"2019-05-31 20:00","3.91","23.09"
"2019-05-31 20:15","3.97","23.09"
"2019-05-31 20:30","3.91","23.09"
"2019-05-31 20:45","3.84","23.09"
"2019-05-31 21:00","3.84","20.12"
"2019-05-31 21:15","3.79","20.12"
"2019-05-31 21:30","3.76","20.12"
"2019-05-31 21:45","3.77","20.12"
"2019-05-31 22:00","2.25","19.14"
"2019-05-31 22:15","0.2832","19.14"
"2019-05-31 22:30","0.2687","19.14"
"2019-05-31 22:45","0.2689","19.14"
"2019-05-31 23:00","0.2084","18.73"
"2019-05-31 23:15","0.0","18.73"
"2019-05-31 23:30","0.0","18.73"
"2019-05-31 23:45","0.0","18.73"
