"Time stamp","Interruptor Principal   (A)","Lavaloza   (A)","Tablero A   (A)","Tablero B   (A)","Tablero C   (A)","Tablero D   (A)","Tablero E   (A)"
"2019-11-01 00:00","27.54","0.0","0.0","25.12","0.0","1.85","0.0"
"2019-11-01 00:15","26.82","0.0","0.0","24.37","0.0","1.9","0.0"
"2019-11-01 00:30","29.24","0.0","0.0","26.45","0.0","1.58","0.0"
"2019-11-01 00:45","32.19","0.0","0.0","30.13","0.0","0.834","0.0"
"2019-11-01 01:00","33.28","0.0","0.0","30.87","0.498","1.04","0.0"
"2019-11-01 01:15","26.37","0.0","0.0","23.41","1.57","1.58","0.0"
"2019-11-01 01:30","32.1","0.0","0.0","29.31","1.02","1.74","0.0"
"2019-11-01 01:45","25.43","0.0","0.0","22.51","1.49","1.85","0.0"
"2019-11-01 02:00","39.04","0.0","0.0","34.85","4.13","0.823","0.0"
"2019-11-01 02:15","24.53","0.0","0.0","21.19","4.55","1.03","0.0"
"2019-11-01 02:30","28.69","0.0","0.0","24.72","2.97","1.57","0.0"
"2019-11-01 02:45","24.25","0.0","0.0","21.06","2.01","1.57","0.0"
"2019-11-01 03:00","30.15","0.0","0.0","27.46","0.0","1.91","0.0"
"2019-11-01 03:15","22.93","0.0","0.0","20.16","2.72","0.827","0.0"
"2019-11-01 03:30","28.18","0.0","0.0","25.8","0.525","1.05","0.0"
"2019-11-01 03:45","24.18","0.0","0.0","21.84","0.0","1.86","0.0"
"2019-11-01 04:00","28.39","0.0","0.0","25.94","0.0","1.88","0.0"
"2019-11-01 04:15","22.53","0.0","0.0","20.29","0.0","1.61","0.0"
"2019-11-01 04:30","31.76","0.0","0.0","29.09","2.15","0.539","0.0"
"2019-11-01 04:45","33.56","0.0","0.0","30.0","4.22","1.44","0.0"
"2019-11-01 05:00","28.97","0.0","0.0","26.54","0.0","1.88","0.0"
"2019-11-01 05:15","24.61","0.0","0.0","22.4","0.0","1.83","0.0"
"2019-11-01 05:30","24.92","0.0","0.0","23.01","0.0","0.547","0.0"
"2019-11-01 05:45","27.7","0.0","0.0","25.37","0.0","1.28","0.0"
"2019-11-01 06:00","25.98","0.0","0.0","23.64","0.0","1.55","0.0"
"2019-11-01 06:15","26.69","0.0","0.0","24.14","0.0","1.56","0.0"
"2019-11-01 06:30","29.93","0.0","1.16","26.99","0.0","0.54","0.0"
"2019-11-01 06:45","32.37","0.0","6.11","24.77","0.0","1.04","0.0"
"2019-11-01 07:00","49.17","0.0","6.07","18.43","7.05","1.84","0.0"
"2019-11-01 07:15","47.84","0.0","6.14","10.79","17.09","1.83","0.0"
"2019-11-01 07:30","52.38","0.0","6.51","14.41","18.95","1.33","0.0"
"2019-11-01 07:45","49.96","0.0","10.05","14.51","11.71","0.807","0.0"
"2019-11-01 08:00","48.15","0.0","11.66","7.5","4.11","1.55","0.0"
"2019-11-01 08:15","74.09","0.0","11.63","15.75","2.94","1.87","0.0"
"2019-11-01 08:30","47.43","0.0","11.88","7.63","3.73","1.7","0.0"
"2019-11-01 08:45","42.74","0.0","11.94","4.44","4.31","1.06","0.0"
"2019-11-01 09:00","36.58","0.0","10.22","4.67","3.02","0.806","0.0"
"2019-11-01 09:15","43.18","0.0","9.1","4.64","4.42","1.54","0.0"
"2019-11-01 09:30","38.16","0.0","10.28","4.9","2.68","1.57","0.0"
"2019-11-01 09:45","53.59","0.0","11.08","19.97","7.53","1.87","0.0"
"2019-11-01 10:00","54.91","0.0","11.27","22.36","7.74","1.62","0.0"
"2019-11-01 10:15","57.59","0.0","10.95","20.23","3.56","1.09","0.0"
"2019-11-01 10:30","62.03","0.0","11.19","16.4","5.77","1.04","0.0"
"2019-11-01 10:45","61.05","0.0","11.43","15.09","4.62","1.62","0.0"
"2019-11-01 11:00","61.81","0.0","11.42","15.99","12.19","1.9","0.0"
"2019-11-01 11:15","62.45","0.0","11.2","18.52","3.37","1.89","0.0"
"2019-11-01 11:30","59.73","0.0","11.16","16.57","6.94","1.87","0.0"
"2019-11-01 11:45","65.75","0.0","11.32","18.64","4.93","1.36","0.0"
"2019-11-01 12:00","72.89","0.0","11.26","12.78","7.44","1.09","0.0"
"2019-11-01 12:15","136.78","0.0","11.28","14.77","9.88","1.38","79.62"
"2019-11-01 12:30","175.59","5.68","11.25","16.3","5.54","1.66","77.36"
"2019-11-01 12:45","259.3","70.7","11.2","14.09","6.64","1.67","60.61"
"2019-11-01 13:00","195.38","5.62","11.42","17.36","5.93","1.91","59.6"
"2019-11-01 13:15","200.74","26.94","11.38","20.27","6.63","1.97","63.48"
"2019-11-01 13:30","165.18","10.86","11.32","16.49","5.38","1.98","64.3"
"2019-11-01 13:45","215.32","54.63","11.61","17.42","4.0","1.69","63.96"
"2019-11-01 14:00","157.34","11.28","11.39","18.63","4.65","1.97","64.44"
"2019-11-01 14:15","204.53","39.28","11.46","18.22","3.7","1.71","59.0"
"2019-11-01 14:30","214.8","26.11","11.52","19.66","5.09","1.7","58.43"
"2019-11-01 14:45","196.44","27.09","11.36","18.25","4.55","1.99","62.8"
"2019-11-01 15:00","211.3","55.66","10.92","17.9","5.06","1.75","63.73"
"2019-11-01 15:15","201.86","46.7","11.47","19.76","5.28","2.03","64.61"
"2019-11-01 15:30","208.69","60.9","11.11","16.9","4.82","2.02","63.79"
"2019-11-01 15:45","149.48","22.38","11.08","17.17","4.51","2.05","61.41"
"2019-11-01 16:00","240.13","54.02","11.1","13.2","6.43","2.04","59.62"
"2019-11-01 16:15","191.35","37.51","11.14","16.01","4.24","1.73","59.66"
"2019-11-01 16:30","200.06","32.37","11.46","21.55","3.77","1.74","63.9"
"2019-11-01 16:45","125.46","0.0","11.45","23.14","5.88","1.74","63.16"
"2019-11-01 17:00","104.63","0.0","10.73","15.52","6.1","2.02","63.79"
"2019-11-01 17:15","115.88","0.0","10.36","20.87","4.36","2.0","61.6"
"2019-11-01 17:30","234.3","71.37","10.39","10.54","5.36","1.69","55.93"
"2019-11-01 17:45","208.93","70.67","10.43","19.14","3.5","1.69","60.58"
"2019-11-01 18:00","148.08","8.54","10.39","8.32","3.55","1.67","63.1"
"2019-11-01 18:15","215.44","55.81","10.35","17.72","4.5","1.69","63.43"
"2019-11-01 18:30","202.99","52.38","10.28","12.44","4.24","1.83","59.08"
"2019-11-01 18:45","216.14","65.1","10.45","19.85","4.49","1.94","57.37"
"2019-11-01 19:00","229.93","55.43","10.77","10.29","4.29","2.24","61.72"
"2019-11-01 19:15","218.52","64.97","11.21","17.48","4.25","1.65","62.65"
"2019-11-01 19:30","206.02","70.63","11.2","10.93","4.04","1.65","63.22"
"2019-11-01 19:45","166.51","32.38","11.03","14.75","3.47","1.64","60.31"
"2019-11-01 20:00","150.09","24.64","10.79","11.1","3.87","1.49","55.46"
"2019-11-01 20:15","103.34","0.0","10.5","13.0","3.18","1.34","61.74"
"2019-11-01 20:30","63.61","0.0","8.25","7.7","1.22","1.57","45.45"
"2019-11-01 20:45","27.93","0.0","6.31","10.53","0.0","1.85","11.31"
"2019-11-01 21:00","15.27","0.0","6.26","7.48","0.0","1.86","0.0"
"2019-11-01 21:15","17.39","0.0","6.25","9.53","0.0","1.85","0.0"
"2019-11-01 21:30","13.69","0.0","6.29","6.27","0.0","1.06","0.0"
"2019-11-01 21:45","14.45","0.0","2.05","11.25","0.0","0.92","0.0"
"2019-11-01 22:00","11.81","0.0","0.0","9.81","0.0","1.57","0.0"
"2019-11-01 22:15","14.44","0.0","0.0","12.34","0.0","1.57","0.0"
"2019-11-01 22:30","15.82","0.0","0.0","13.59","0.0","1.88","0.0"
"2019-11-01 22:45","15.16","0.0","0.0","13.28","0.0","1.33","0.0"
"2019-11-01 23:00","7.41","0.0","0.0","6.16","0.0","0.926","0.0"
"2019-11-01 23:15","16.49","0.0","0.0","14.59","0.0","1.28","0.0"
"2019-11-01 23:30","7.35","0.0","0.0","5.59","0.0","1.81","0.0"
"2019-11-01 23:45","13.68","0.0","0.0","11.89","0.0","1.83","0.0"
"2019-11-02 00:00","7.33","0.0","0.0","5.54","0.0","1.58","0.0"
"2019-11-02 00:15","12.53","0.0","0.0","11.12","0.0","0.809","0.0"
"2019-11-02 00:30","6.99","0.0","0.0","5.37","0.0","1.28","0.0"
"2019-11-02 00:45","11.92","0.0","0.0","9.89","0.0","1.83","0.0"
"2019-11-02 01:00","8.98","0.0","0.0","7.09","0.0","1.84","0.0"
"2019-11-02 01:15","6.97","0.0","0.0","5.5","0.0","1.06","0.0"
"2019-11-02 01:30","10.93","0.0","0.0","9.76","0.0","0.751","0.0"
"2019-11-02 01:45","6.24","0.0","0.0","4.4","0.0","1.85","0.0"
"2019-11-02 02:00","14.74","0.0","0.0","12.7","0.0","1.85","0.0"
"2019-11-02 02:15","6.8","0.0","0.0","5.17","0.0","1.31","0.0"
"2019-11-02 02:30","13.01","0.0","0.0","11.74","0.0","0.813","0.0"
"2019-11-02 02:45","7.12","0.0","0.0","5.42","0.0","1.54","0.0"
"2019-11-02 03:00","11.27","0.0","0.0","9.42","0.0","1.43","0.0"
"2019-11-02 03:15","11.4","0.0","0.0","9.49","0.0","1.57","0.0"
"2019-11-02 03:30","5.19","0.0","0.0","4.29","0.0","0.54","0.0"
"2019-11-02 03:45","10.23","0.0","0.0","8.31","0.0","1.54","0.0"
"2019-11-02 04:00","11.72","0.0","0.0","9.75","0.0","1.84","0.0"
"2019-11-02 04:15","14.86","0.0","0.0","12.99","0.0","1.31","0.0"
"2019-11-02 04:30","15.09","0.0","0.0","13.6","0.0","0.564","0.0"
"2019-11-02 04:45","11.58","0.0","0.0","9.7","0.0","1.55","0.0"
"2019-11-02 05:00","9.12","0.0","0.0","7.17","0.0","1.82","0.0"
"2019-11-02 05:15","12.76","0.0","0.0","10.87","0.0","1.3","0.0"
"2019-11-02 05:30","8.9","0.0","0.0","7.81","0.0","0.374","0.0"
"2019-11-02 05:45","10.62","0.0","0.0","8.88","0.0","1.82","0.0"
"2019-11-02 06:00","10.99","0.0","0.0","9.02","0.0","1.85","0.0"
"2019-11-02 06:15","9.57","0.0","0.0","7.99","0.0","1.04","0.0"
"2019-11-02 06:30","5.38","0.0","0.0","4.32","0.0","0.496","0.0"
"2019-11-02 06:45","12.2","0.0","0.0","10.21","0.0","1.78","0.0"
"2019-11-02 07:00","8.76","0.0","0.0","6.88","0.0","1.82","0.0"
"2019-11-02 07:15","10.15","0.0","0.0","8.9","0.0","0.532","0.0"
"2019-11-02 07:30","9.79","0.0","0.0","8.44","0.0","1.27","0.0"
"2019-11-02 07:45","9.93","0.0","0.0","7.98","0.0","1.84","0.0"
"2019-11-02 08:00","12.82","0.0","0.0","10.89","0.0","1.52","0.0"
"2019-11-02 08:15","10.03","0.0","2.51","6.4","0.0","0.558","0.0"
"2019-11-02 08:30","56.75","0.0","6.61","11.14","1.31","1.53","0.0"
"2019-11-02 08:45","60.33","0.0","7.07","5.42","5.21","1.54","0.0"
"2019-11-02 09:00","83.08","0.0","10.14","18.76","20.64","1.59","0.0"
"2019-11-02 09:15","68.93","0.0","9.41","6.24","14.25","0.802","0.0"
"2019-11-02 09:30","63.26","0.0","11.54","14.26","3.23","1.29","0.0"
"2019-11-02 09:45","46.57","0.0","11.43","12.59","6.8","1.86","0.0"
"2019-11-02 10:00","54.95","0.0","11.41","16.18","4.59","1.58","0.0"
"2019-11-02 10:15","88.76","0.0","11.28","31.89","4.34","1.61","0.0"
"2019-11-02 10:30","107.22","0.0","11.37","33.99","3.85","1.1","0.0"
"2019-11-02 10:45","86.06","0.0","11.43","34.97","3.39","1.05","0.0"
"2019-11-02 11:00","126.78","0.0","11.55","35.39","4.21","1.94","0.0"
"2019-11-02 11:15","109.06","0.0","11.45","34.51","4.7","1.92","0.0"
"2019-11-02 11:30","102.92","0.0","11.32","33.2","7.65","1.67","0.0"
"2019-11-02 11:45","102.14","0.0","11.17","26.49","5.61","1.94","0.0"
"2019-11-02 12:00","188.94","22.52","11.28","35.41","6.3","1.42","0.0"
"2019-11-02 12:15","162.46","22.39","11.21","34.82","10.67","1.41","0.0"
"2019-11-02 12:30","118.32","0.0","11.11","38.08","4.92","1.68","0.0"
"2019-11-02 12:45","186.33","50.42","11.17","32.66","3.92","2.26","0.0"
"2019-11-02 13:00","113.78","5.54","11.1","27.55","4.5","2.98","23.55"
"2019-11-02 13:15","179.46","0.0","11.25","30.44","4.47","2.57","80.27"
"2019-11-02 13:30","214.85","22.55","11.16","31.59","4.64","2.52","62.91"
"2019-11-02 13:45","144.94","0.0","11.01","29.17","6.0","1.96","61.59"
"2019-11-02 14:00","145.74","0.0","11.56","28.93","4.31","1.99","54.77"
"2019-11-02 14:15","175.28","16.84","11.48","32.27","4.63","1.39","58.63"
"2019-11-02 14:30","214.1","14.79","11.71","29.71","3.4","1.13","61.76"
"2019-11-02 14:45","296.0","75.35","11.66","32.31","4.56","1.42","62.06"
"2019-11-02 15:00","204.75","20.24","11.55","36.03","6.82","1.67","56.88"
"2019-11-02 15:15","235.99","50.89","11.65","33.12","5.82","1.98","56.86"
"2019-11-02 15:30","286.74","61.4","11.5","36.74","5.65","1.98","62.17"
"2019-11-02 15:45","228.26","32.43","11.31","32.37","5.72","1.95","61.97"
"2019-11-02 16:00","266.36","41.57","11.35","29.49","5.35","1.66","59.59"
"2019-11-02 16:15","160.41","11.32","11.38","32.23","4.57","1.67","54.41"
"2019-11-02 16:30","203.6","44.78","11.46","36.47","3.84","1.16","61.99"
"2019-11-02 16:45","234.56","43.02","11.24","34.6","6.69","1.1","62.69"
"2019-11-02 17:00","253.16","62.67","10.72","29.57","5.52","1.38","59.75"
"2019-11-02 17:15","249.37","57.16","10.54","37.39","7.39","1.78","54.03"
"2019-11-02 17:30","254.94","76.84","10.38","25.14","7.08","1.94","62.08"
"2019-11-02 17:45","245.22","70.14","10.41","34.25","5.96","1.97","61.79"
"2019-11-02 18:00","146.46","5.61","10.3","31.47","5.68","1.92","59.04"
"2019-11-02 18:15","120.44","0.0","10.58","32.99","4.21","1.43","53.41"
"2019-11-02 18:30","161.21","0.0","10.59","28.55","4.8","1.1","61.79"
"2019-11-02 18:45","201.59","64.02","10.05","32.81","4.63","1.33","61.34"
"2019-11-02 19:00","217.17","78.86","10.31","24.76","3.4","1.94","59.3"
"2019-11-02 19:15","166.82","51.09","10.27","32.96","3.58","1.93","53.54"
"2019-11-02 19:30","175.28","34.26","10.27","25.66","5.76","1.89","61.53"
"2019-11-02 19:45","194.07","55.23","10.32","31.76","5.38","1.66","61.51"
"2019-11-02 20:00","206.88","72.1","10.34","25.48","3.92","1.11","57.95"
"2019-11-02 20:15","220.98","84.6","10.38","30.02","4.18","1.06","55.54"
"2019-11-02 20:30","208.1","85.14","10.4","23.86","4.0","1.61","61.72"
"2019-11-02 20:45","145.91","59.94","10.3","37.48","5.88","1.88","17.29"
"2019-11-02 21:00","54.18","0.0","8.54","31.54","4.21","1.93","0.0"
"2019-11-02 21:15","39.36","0.0","6.35","31.44","0.502","0.82","0.0"
"2019-11-02 21:30","28.13","0.0","6.27","20.54","0.0","0.792","0.0"
"2019-11-02 21:45","34.42","0.0","6.19","26.33","0.0","1.87","0.0"
"2019-11-02 22:00","30.52","0.0","5.04","23.83","0.0","1.58","0.0"
"2019-11-02 22:15","29.89","0.0","0.0","27.42","0.0","1.9","0.0"
"2019-11-02 22:30","31.54","0.0","0.0","29.48","0.0","0.826","0.0"
"2019-11-02 22:45","30.55","0.0","0.0","28.46","0.0","0.895","0.0"
"2019-11-02 23:00","24.92","0.0","0.0","22.3","0.0","1.83","0.0"
"2019-11-02 23:15","28.58","0.0","0.0","26.04","0.0","1.89","0.0"
"2019-11-02 23:30","27.93","0.0","0.0","24.64","2.09","1.35","0.0"
"2019-11-02 23:45","33.97","0.0","0.0","31.07","2.07","0.507","0.0"
"2019-11-03 00:00","25.45","0.0","0.0","23.04","0.0","1.88","0.0"
"2019-11-03 00:15","27.19","0.0","0.0","24.77","0.0","1.84","0.0"
"2019-11-03 00:30","22.55","0.0","0.0","20.28","0.0","1.32","0.0"
"2019-11-03 00:45","28.36","0.0","0.0","26.56","0.0","0.377","0.0"
"2019-11-03 01:00","26.61","0.0","0.0","24.17","0.519","1.84","0.0"
"2019-11-03 01:15","26.62","0.0","0.0","23.95","2.01","1.56","0.0"
"2019-11-03 01:30","27.16","0.0","0.0","25.09","1.01","1.08","0.0"
"2019-11-03 01:45","22.91","0.0","0.0","21.0","0.464","0.766","0.0"
"2019-11-03 02:00","28.76","0.0","0.0","25.77","1.06","1.86","0.0"
"2019-11-03 02:15","24.57","0.0","0.0","20.58","6.06","1.8","0.0"
"2019-11-03 02:30","37.95","0.0","0.0","34.3","4.12","0.277","0.0"
"2019-11-03 02:45","21.01","0.0","0.0","18.74","0.478","1.57","0.0"
"2019-11-03 03:00","19.69","0.0","0.0","17.37","0.513","1.83","0.0"
"2019-11-03 03:15","15.79","0.0","0.0","13.28","2.3","0.789","0.0"
"2019-11-03 03:30","14.19","0.0","0.0","12.29","0.52","0.885","0.0"
"2019-11-03 03:45","20.53","0.0","0.0","18.26","0.0","1.82","0.0"
"2019-11-03 04:00","19.98","0.0","0.0","17.7","0.0","1.58","0.0"
"2019-11-03 04:15","18.21","0.0","0.0","16.81","0.0","0.252","0.0"
"2019-11-03 04:30","17.17","0.0","0.0","15.05","0.0","1.53","0.0"
"2019-11-03 04:45","12.06","0.0","0.0","10.09","0.0","1.78","0.0"
"2019-11-03 05:00","13.14","0.0","0.0","11.8","0.0","0.27","0.0"
"2019-11-03 05:15","19.54","0.0","0.0","17.56","0.0","1.53","0.0"
"2019-11-03 05:30","9.51","0.0","0.0","7.32","0.518","1.79","0.0"
"2019-11-03 05:45","11.53","0.0","0.0","10.17","0.0","0.79","0.0"
"2019-11-03 06:00","8.48","0.0","0.0","6.97","0.0","0.977","0.0"
"2019-11-03 06:15","12.15","0.0","0.0","10.13","0.0","1.81","0.0"
"2019-11-03 06:30","6.1","0.0","0.0","4.86","0.0","0.773","0.0"
"2019-11-03 06:45","7.48","0.0","0.0","6.08","0.0","0.969","0.0"
"2019-11-03 07:00","14.95","0.0","0.0","13.09","0.0","1.78","0.0"
"2019-11-03 07:15","6.89","0.0","0.0","5.6","0.0","0.775","0.0"
"2019-11-03 07:30","12.17","0.0","0.0","10.72","0.0","0.877","0.0"
"2019-11-03 07:45","8.71","0.0","0.0","6.86","0.0","1.52","0.0"
"2019-11-03 08:00","8.54","0.0","0.0","7.23","0.509","0.534","0.0"
"2019-11-03 08:15","10.86","0.0","1.65","7.89","0.0","1.25","0.0"
"2019-11-03 08:30","35.56","0.0","6.53","8.9","1.04","1.77","0.0"
"2019-11-03 08:45","85.35","0.0","6.79","13.63","2.17","0.535","0.0"
"2019-11-03 09:00","71.38","0.0","6.68","13.27","4.67","1.27","0.0"
"2019-11-03 09:15","79.28","0.0","6.46","14.19","9.92","1.82","0.0"
"2019-11-03 09:30","68.03","0.0","6.29","6.14","11.92","1.31","0.0"
"2019-11-03 09:45","76.44","0.0","9.58","13.01","5.34","0.266","0.0"
"2019-11-03 10:00","82.03","0.0","11.46","14.91","3.02","1.84","0.0"
"2019-11-03 10:15","64.12","0.0","11.34","13.21","2.71","1.85","0.0"
"2019-11-03 10:30","55.31","0.0","11.36","15.3","3.89","1.33","0.0"
"2019-11-03 10:45","58.71","0.0","11.13","17.24","11.63","0.51","0.0"
"2019-11-03 11:00","98.89","22.92","11.24","16.96","3.48","1.59","0.0"
"2019-11-03 11:15","78.62","0.0","11.05","7.78","8.11","1.89","0.0"
"2019-11-03 11:30","100.31","27.93","10.8","13.72","2.67","1.87","0.0"
"2019-11-03 11:45","62.25","0.0","11.2","8.36","3.42","1.08","0.0"
"2019-11-03 12:00","121.98","5.72","11.39","15.68","4.28","0.8","0.0"
"2019-11-03 12:15","166.86","37.89","11.45","13.46","8.08","1.46","0.0"
"2019-11-03 12:30","115.9","10.85","11.56","16.42","4.94","1.62","0.0"
"2019-11-03 12:45","109.35","0.0","11.43","10.28","5.27","1.89","0.0"
"2019-11-03 13:00","175.29","10.37","11.16","17.71","4.65","1.65","67.19"
"2019-11-03 13:15","183.24","21.31","11.11","9.67","5.87","1.65","61.19"
"2019-11-03 13:30","228.19","58.33","11.23","12.98","4.0","1.12","59.73"
"2019-11-03 13:45","275.98","83.41","11.32","14.68","4.29","1.39","63.12"
"2019-11-03 14:00","227.8","50.13","11.03","10.36","4.75","1.38","63.25"
"2019-11-03 14:15","219.4","36.98","10.79","17.04","4.58","1.97","63.29"
"2019-11-03 14:30","238.88","61.49","10.98","11.91","4.01","1.95","55.63"
"2019-11-03 14:45","231.83","48.58","11.23","14.68","3.46","1.94","58.13"
"2019-11-03 15:00","235.53","41.75","11.51","20.32","5.14","1.97","62.62"
"2019-11-03 15:15","236.51","36.44","11.33","18.74","6.96","1.97","63.23"
"2019-11-03 15:30","225.49","38.43","11.37","14.71","7.67","1.97","61.74"
"2019-11-03 15:45","212.77","43.53","11.2","12.49","4.03","1.98","55.09"
"2019-11-03 16:00","226.22","48.63","11.71","13.65","4.56","1.39","60.42"
"2019-11-03 16:15","249.92","59.25","11.9","16.28","5.49","1.4","63.14"
"2019-11-03 16:30","283.65","63.87","11.69","24.54","4.53","1.72","63.31"
"2019-11-03 16:45","221.55","48.32","11.18","25.3","3.85","1.4","57.38"
"2019-11-03 17:00","224.4","53.56","10.77","20.5","4.33","1.39","57.17"
"2019-11-03 17:15","194.82","39.09","10.82","12.14","4.65","1.95","62.88"
"2019-11-03 17:30","193.17","47.14","11.11","17.89","4.84","1.96","61.57"
"2019-11-03 17:45","189.1","22.42","10.98","7.97","4.41","1.93","48.14"
"2019-11-03 18:00","205.84","31.06","10.4","17.33","5.42","1.92","44.32"
"2019-11-03 18:15","185.16","44.24","10.37","8.19","5.91","1.91","51.74"
"2019-11-03 18:30","189.73","42.24","10.33","15.36","3.79","1.66","51.74"
"2019-11-03 18:45","181.64","52.39","10.34","13.2","3.6","1.11","47.84"
"2019-11-03 19:00","151.91","19.71","10.29","18.25","4.38","1.06","44.79"
"2019-11-03 19:15","167.42","26.74","10.18","16.93","3.62","1.62","51.57"
"2019-11-03 19:30","206.0","57.15","10.38","10.48","4.7","1.91","50.96"
"2019-11-03 19:45","178.74","61.31","10.52","14.75","3.79","1.92","45.16"
"2019-11-03 20:00","172.9","76.44","10.71","8.46","3.22","1.9","46.64"
"2019-11-03 20:15","195.46","85.5","10.76","11.98","2.84","0.837","50.89"
"2019-11-03 20:30","181.04","83.24","11.02","10.95","1.93","1.03","51.11"
"2019-11-03 20:45","165.93","76.79","11.09","15.33","1.22","1.87","42.24"
"2019-11-03 21:00","71.77","0.0","11.1","11.83","1.27","1.85","49.73"
"2019-11-03 21:15","68.25","0.0","10.32","13.49","0.876","1.86","48.81"
"2019-11-03 21:30","49.23","0.0","6.28","27.0","2.28","1.09","15.1"
"2019-11-03 21:45","32.71","0.0","6.03","25.03","0.63","0.771","0.0"
"2019-11-03 22:00","32.92","0.0","6.0","25.28","0.394","1.86","0.0"
"2019-11-03 22:15","36.96","0.0","6.02","29.24","0.408","1.82","0.0"
"2019-11-03 22:30","37.7","0.0","6.07","29.75","0.404","1.61","0.0"
"2019-11-03 22:45","36.08","0.0","6.1","28.6","0.393","1.08","0.0"
"2019-11-03 23:00","30.25","0.0","1.96","26.8","0.404","0.778","0.0"
"2019-11-03 23:15","27.05","0.0","0.0","24.77","0.406","1.84","0.0"
"2019-11-03 23:30","25.96","0.0","0.0","23.73","0.407","1.58","0.0"
"2019-11-03 23:45","28.37","0.0","0.0","26.07","0.406","1.85","0.0"
"2019-11-04 00:00","21.72","0.0","0.0","20.06","0.403","0.537","0.0"
"2019-11-04 00:15","35.55","0.0","0.0","31.93","2.2","1.04","0.0"
"2019-11-04 00:30","28.23","0.0","0.0","25.43","1.1","1.82","0.0"
"2019-11-04 00:45","26.9","0.0","0.0","24.61","0.392","1.87","0.0"
"2019-11-04 01:00","20.72","0.0","0.0","18.95","0.402","1.09","0.0"
"2019-11-04 01:15","29.38","0.0","0.0","27.47","0.402","0.774","0.0"
"2019-11-04 01:30","21.84","0.0","0.0","19.62","0.401","1.86","0.0"
"2019-11-04 01:45","27.5","0.0","0.0","25.19","0.402","1.9","0.0"
"2019-11-04 02:00","21.73","0.0","0.0","20.02","0.4","0.809","0.0"
"2019-11-04 02:15","30.78","0.0","0.0","28.81","0.402","0.9","0.0"
"2019-11-04 02:30","24.06","0.0","0.0","20.84","2.29","1.88","0.0"
"2019-11-04 02:45","31.18","0.0","0.0","27.98","1.34","1.57","0.0"
"2019-11-04 03:00","29.98","0.0","0.0","26.99","2.13","0.567","0.0"
"2019-11-04 03:15","22.87","0.0","0.0","20.95","0.39","1.28","0.0"
"2019-11-04 03:30","27.02","0.0","0.0","24.89","0.404","1.85","0.0"
"2019-11-04 03:45","26.17","0.0","0.0","24.16","0.402","1.34","0.0"
"2019-11-04 04:00","25.54","0.0","0.0","24.0","0.4","0.502","0.0"
"2019-11-04 04:15","30.35","0.0","0.0","27.96","0.4","1.55","0.0"
"2019-11-04 04:30","31.48","0.0","0.0","28.76","0.4","1.85","0.0"
"2019-11-04 04:45","26.34","0.0","0.0","24.74","0.403","0.306","0.0"
"2019-11-04 05:00","24.3","0.0","0.0","22.11","0.39","1.54","0.0"
"2019-11-04 05:15","16.32","0.0","0.0","14.38","0.401","1.66","0.0"
"2019-11-04 05:30","23.34","0.0","0.0","21.15","1.38","0.53","0.0"
"2019-11-04 05:45","18.82","0.0","0.0","16.41","1.32","1.11","0.0"
"2019-11-04 06:00","15.52","0.0","0.0","13.52","0.388","1.82","0.0"
"2019-11-04 06:15","5.92","0.0","0.0","4.74","0.39","1.06","0.0"
"2019-11-04 06:30","11.32","0.0","0.0","9.92","0.4","0.737","0.0"
"2019-11-04 06:45","6.49","0.0","0.0","4.77","0.4","1.78","0.0"
"2019-11-04 07:00","19.11","0.0","5.16","11.81","1.71","0.796","0.0"
"2019-11-04 07:15","50.35","0.0","10.52","10.25","6.25","0.997","0.0"
"2019-11-04 07:30","52.13","0.0","11.24","14.62","3.69","1.79","0.0"
"2019-11-04 07:45","44.36","0.0","11.29","7.55","3.4","1.54","0.0"
"2019-11-04 08:00","50.69","0.0","11.06","14.23","4.06","0.244","0.0"
"2019-11-04 08:15","44.49","0.0","11.14","9.15","4.24","1.56","0.0"
"2019-11-04 08:30","69.32","0.0","11.42","9.88","3.19","1.56","0.0"
"2019-11-04 08:45","62.91","0.0","11.23","11.92","2.84","1.58","0.0"
"2019-11-04 09:00","50.78","0.0","11.42","4.62","2.53","0.823","0.0"
"2019-11-04 09:15","46.02","0.0","11.25","4.38","4.63","1.28","0.0"
"2019-11-04 09:30","41.02","0.0","11.04","11.99","3.01","1.69","0.0"
"2019-11-04 09:45","87.45","0.0","11.45","13.87","1.89","1.85","0.0"
"2019-11-04 10:00","66.41","0.0","11.14","7.62","2.55","1.35","0.0"
"2019-11-04 10:15","59.37","0.0","11.61","15.31","3.61","0.793","0.0"
"2019-11-04 10:30","50.24","0.0","11.24","6.36","2.78","1.46","0.0"
"2019-11-04 10:45","56.23","0.0","11.2","12.59","3.16","1.73","0.0"
"2019-11-04 11:00","116.51","28.51","11.29","8.78","3.44","1.89","0.0"
"2019-11-04 11:15","70.43","0.0","11.53","14.97","3.12","1.89","0.0"
"2019-11-04 11:30","99.37","28.64","10.87","9.44","3.69","1.09","0.0"
"2019-11-04 11:45","110.59","36.77","11.27","14.61","6.7","1.07","0.0"
"2019-11-04 12:00","160.71","48.59","11.6","12.37","6.23","1.47","40.04"
"2019-11-04 12:15","111.61","0.0","11.53","7.98","3.6","1.75","72.92"
"2019-11-04 12:30","140.92","5.62","11.35","17.99","4.32","1.92","62.94"
"2019-11-04 12:45","196.34","5.66","11.37","10.93","4.49","1.95","63.06"
"2019-11-04 13:00","203.78","33.14","11.51","11.14","4.09","1.91","61.73"
"2019-11-04 13:15","142.08","11.25","11.45","11.64","4.22","1.4","55.71"
"2019-11-04 13:30","190.68","35.26","11.71","8.83","3.1","1.41","58.89"
"2019-11-04 13:45","174.82","10.17","11.74","15.48","4.12","1.4","59.32"
"2019-11-04 14:00","152.06","16.05","11.53","6.81","4.42","1.64","51.47"
"2019-11-04 14:15","187.32","39.38","11.67","16.93","3.53","1.95","52.17"
"2019-11-04 14:30","206.89","28.04","11.46","10.51","4.1","1.96","45.45"
"2019-11-04 14:45","275.61","76.0","11.62","15.71","4.81","1.84","47.39"
"2019-11-04 15:00","247.94","60.7","11.4","16.91","4.93","1.96","52.25"
"2019-11-04 15:15","214.78","48.3","11.34","11.89","4.66","1.96","52.42"
"2019-11-04 15:30","221.85","51.04","11.4","11.36","4.25","1.99","52.5"
"2019-11-04 15:45","203.06","54.73","11.43","13.69","4.53","1.96","47.09"
"2019-11-04 16:00","153.7","41.85","11.47","13.47","4.23","1.68","45.69"
"2019-11-04 16:15","138.41","4.96","11.37","19.53","3.88","1.65","52.01"
"2019-11-04 16:30","226.81","66.0","11.64","22.32","3.35","1.39","52.26"
"2019-11-04 16:45","222.28","43.93","11.75","20.76","3.85","1.42","51.99"
"2019-11-04 17:00","158.8","26.45","12.15","15.4","4.75","1.98","44.18"
"2019-11-04 17:15","162.5","37.14","11.75","22.47","4.39","1.71","47.79"
"2019-11-04 17:30","181.49","38.25","11.39","12.85","4.43","1.7","51.66"
"2019-11-04 17:45","204.75","48.68","11.46","12.0","4.88","1.98","52.13"
"2019-11-04 18:00","113.45","0.0","10.73","16.94","4.85","1.64","47.5"
"2019-11-04 18:15","206.32","44.56","10.73","17.75","4.61","1.96","44.94"
"2019-11-04 18:30","167.91","26.27","10.62","16.27","3.97","1.67","51.84"
"2019-11-04 18:45","177.67","39.44","10.77","17.71","3.1","1.95","51.54"
"2019-11-04 19:00","110.68","5.78","10.9","17.96","3.27","1.94","51.68"
"2019-11-04 19:15","179.18","37.71","10.77","16.89","5.2","1.91","44.62"
"2019-11-04 19:30","171.44","28.3","10.68","16.27","4.28","1.92","48.13"
"2019-11-04 19:45","105.39","0.0","10.91","16.08","4.25","1.78","51.71"
"2019-11-04 20:00","97.75","0.0","10.82","18.4","3.5","1.91","51.37"
"2019-11-04 20:15","95.44","0.0","10.64","9.01","3.47","1.6","46.47"
"2019-11-04 20:30","87.14","0.0","10.31","14.28","1.98","1.63","46.07"
"2019-11-04 20:45","83.68","0.0","10.29","26.5","0.748","1.09","50.73"
"2019-11-04 21:00","76.86","0.0","10.32","19.7","0.434","1.36","50.95"
"2019-11-04 21:15","81.5","0.0","10.35","29.82","0.434","1.58","44.49"
"2019-11-04 21:30","74.88","0.0","10.29","21.97","0.435","1.73","46.65"
"2019-11-04 21:45","82.99","0.0","10.26","26.18","0.434","1.89","50.49"
"2019-11-04 22:00","31.07","0.0","1.53","23.82","0.422","1.9","5.07"
"2019-11-04 22:15","39.91","0.0","0.0","36.32","1.69","1.09","0.0"
"2019-11-04 22:30","32.35","0.0","0.0","30.09","1.12","1.08","0.0"
"2019-11-04 22:45","22.54","0.0","0.0","20.44","0.394","1.58","0.0"
"2019-11-04 23:00","28.5","0.0","0.0","25.98","0.405","1.6","0.0"
"2019-11-04 23:15","23.61","0.0","0.0","21.23","0.406","1.85","0.0"
"2019-11-04 23:30","28.63","0.0","0.0","26.46","0.406","1.33","0.0"
"2019-11-04 23:45","23.23","0.0","0.0","21.68","0.394","0.81","0.0"
"2019-11-05 00:00","22.53","0.0","0.0","20.58","0.405","1.55","0.0"
"2019-11-05 00:15","29.68","0.0","0.0","27.54","0.406","1.74","0.0"
"2019-11-05 00:30","25.53","0.0","0.0","23.42","0.403","1.85","0.0"
"2019-11-05 00:45","27.13","0.0","0.0","25.25","0.402","1.09","0.0"
"2019-11-05 01:00","29.8","0.0","0.0","26.82","2.02","0.771","0.0"
"2019-11-05 01:15","26.41","0.0","0.0","22.96","2.43","1.89","0.0"
"2019-11-05 01:30","29.76","0.0","0.0","27.17","0.584","1.85","0.0"
"2019-11-05 01:45","24.07","0.0","0.0","21.98","0.401","1.31","0.0"
"2019-11-05 02:00","26.29","0.0","0.0","24.34","1.21","0.541","0.0"
"2019-11-05 02:15","24.85","0.0","0.0","21.28","2.9","1.57","0.0"
"2019-11-05 02:30","23.72","0.0","0.0","21.45","0.574","1.85","0.0"
"2019-11-05 02:45","26.48","0.0","0.0","24.06","0.612","1.58","0.0"
"2019-11-05 03:00","24.21","0.0","0.0","22.58","0.297","0.808","0.0"
"2019-11-05 03:15","30.14","0.0","0.0","27.18","1.65","1.31","0.0"
"2019-11-05 03:30","33.35","0.0","0.0","29.25","2.52","1.85","0.0"
"2019-11-05 03:45","29.59","0.0","0.0","27.15","0.507","1.56","0.0"
"2019-11-05 04:00","26.12","0.0","0.0","24.29","0.392","0.554","0.0"
"2019-11-05 04:15","33.92","0.0","0.0","31.52","0.405","1.56","0.0"
"2019-11-05 04:30","28.65","0.0","0.0","26.2","0.402","1.71","0.0"
"2019-11-05 04:45","18.24","0.0","0.0","16.54","0.404","1.3","0.0"
"2019-11-05 05:00","18.03","0.0","0.0","16.79","0.4","0.512","0.0"
"2019-11-05 05:15","16.15","0.0","0.0","14.24","0.401","1.86","0.0"
"2019-11-05 05:30","19.91","0.0","0.0","17.87","0.4","1.84","0.0"
"2019-11-05 05:45","8.72","0.0","0.0","7.57","0.402","0.806","0.0"
"2019-11-05 06:00","9.11","0.0","0.0","7.64","0.387","0.993","0.0"
"2019-11-05 06:15","14.01","0.0","0.0","12.29","0.4","1.54","0.0"
"2019-11-05 06:30","7.25","0.0","0.0","5.69","0.4","1.28","0.0"
"2019-11-05 06:45","13.68","0.0","0.0","12.46","0.4","0.241","0.0"
"2019-11-05 07:00","16.08","0.0","0.0","14.1","0.399","1.84","0.0"
"2019-11-05 07:15","10.14","0.0","0.0","8.43","0.402","1.65","0.0"
"2019-11-05 07:30","30.86","0.0","7.16","13.73","3.02","0.282","0.0"
"2019-11-05 07:45","72.23","0.0","11.33","9.92","8.3","1.51","0.0"
"2019-11-05 08:00","63.48","0.0","11.26","8.91","7.19","1.82","0.0"
"2019-11-05 08:15","75.77","0.0","11.18","15.33","3.58","1.59","0.0"
"2019-11-05 08:30","115.63","22.99","11.0","12.27","3.57","0.807","0.0"
"2019-11-05 08:45","83.25","0.0","11.05","9.75","3.14","1.31","0.0"
"2019-11-05 09:00","63.08","0.0","11.4","15.62","4.25","1.47","0.0"
"2019-11-05 09:15","64.81","0.0","11.5","10.43","4.75","1.87","0.0"
"2019-11-05 09:30","73.21","5.67","11.64","14.32","3.71","1.62","0.0"
"2019-11-05 09:45","73.78","0.0","11.59","11.62","5.13","1.06","0.0"
"2019-11-05 10:00","62.33","0.0","10.84","11.73","3.28","1.04","0.0"
"2019-11-05 10:15","72.39","5.71","11.54","16.55","4.55","1.89","0.0"
"2019-11-05 10:30","70.01","0.0","11.5","16.39","4.25","1.6","0.0"
"2019-11-05 10:45","69.44","0.0","11.17","19.12","4.56","1.89","0.0"
"2019-11-05 11:00","72.8","0.0","11.4","18.65","3.55","1.87","0.0"
"2019-11-05 11:15","71.97","0.0","11.23","21.08","4.63","1.42","0.0"
"2019-11-05 11:30","54.99","0.0","11.08","7.62","4.23","1.07","0.0"
"2019-11-05 11:45","62.59","0.0","11.2","15.5","4.31","1.08","0.0"
"2019-11-05 12:00","86.21","5.75","11.19","13.53","3.35","1.92","0.0"
"2019-11-05 12:15","119.06","17.03","11.32","17.51","4.97","1.64","0.0"
"2019-11-05 12:30","97.96","17.14","11.1","12.83","4.78","1.95","0.0"
"2019-11-05 12:45","75.95","0.0","11.04","15.93","4.66","1.8","0.0"
"2019-11-05 13:00","142.57","0.0","11.21","11.67","4.7","1.94","76.7"
"2019-11-05 13:15","195.53","33.92","11.22","16.01","3.83","1.99","63.38"
"2019-11-05 13:30","216.96","49.62","11.27","10.94","3.66","1.97","60.56"
"2019-11-05 13:45","211.41","37.61","11.18","14.87","3.89","1.96","63.72"
"2019-11-05 14:00","245.79","49.5","11.37","12.82","4.07","2.02","63.45"
"2019-11-05 14:15","217.57","22.41","11.14","10.46","5.43","1.71","63.32"
"2019-11-05 14:30","240.16","63.27","11.0","17.87","4.73","1.7","58.79"
"2019-11-05 14:45","211.17","37.92","11.32","16.33","4.5","1.72","56.42"
"2019-11-05 15:00","247.11","38.75","11.01","13.59","5.42","1.71","61.86"
"2019-11-05 15:15","218.52","58.61","11.39","6.28","4.5","1.69","62.93"
"2019-11-05 15:30","199.95","16.77","11.52","6.15","4.35","1.96","62.89"
"2019-11-05 15:45","164.76","11.22","11.67","6.21","3.84","1.81","57.32"
"2019-11-05 16:00","144.8","17.03","11.27","21.03","4.13","1.65","56.41"
"2019-11-05 16:15","218.44","66.17","11.52","17.48","4.84","1.68","62.06"
"2019-11-05 16:30","171.26","33.0","11.34","16.23","4.27","1.35","61.78"
"2019-11-05 16:45","193.93","44.55","11.14","18.3","4.5","1.66","57.62"
"2019-11-05 17:00","246.62","74.53","11.28","12.39","4.74","1.95","55.88"
"2019-11-05 17:15","191.0","41.04","11.23","15.1","4.76","1.92","61.53"
"2019-11-05 17:30","180.28","16.96","11.17","11.46","4.55","1.87","61.37"
"2019-11-05 17:45","114.86","0.0","10.97","15.81","4.55","1.85","54.89"
"2019-11-05 18:00","111.25","0.0","10.47","17.31","3.31","1.35","57.98"
"2019-11-05 18:15","145.45","22.33","10.21","13.64","2.91","1.08","61.46"
"2019-11-05 18:30","141.54","4.92","10.35","15.28","3.18","1.04","61.86"
"2019-11-05 18:45","108.36","10.48","10.47","13.29","2.71","1.89","51.97"
"2019-11-05 19:00","92.23","0.0","10.62","12.3","2.6","1.89","61.43"
"2019-11-05 19:15","170.84","38.48","10.55","17.34","3.08","1.9","62.03"
"2019-11-05 19:30","200.74","70.47","10.45","8.63","3.26","1.63","58.22"
"2019-11-05 19:45","168.58","48.04","10.4","11.3","3.15","1.09","56.16"
"2019-11-05 20:00","182.95","64.79","10.5","13.13","1.47","1.12","28.04"
"2019-11-05 20:15","124.54","49.6","10.69","10.17","1.07","1.59","0.0"
"2019-11-05 20:30","140.5","59.51","10.31","20.0","0.901","1.86","0.0"
"2019-11-05 20:45","100.29","47.21","10.15","6.97","1.05","1.75","0.0"
"2019-11-05 21:00","44.74","5.5","9.97","22.63","0.41","1.88","0.0"
"2019-11-05 21:15","34.41","0.0","10.04","24.43","0.41","1.91","0.0"
"2019-11-05 21:30","26.71","0.0","1.95","23.23","0.108","1.09","0.0"
"2019-11-05 21:45","29.46","0.0","0.0","27.47","0.0","1.08","0.0"
"2019-11-05 22:00","27.15","0.0","0.0","24.77","0.0","1.6","0.0"
"2019-11-05 22:15","27.77","0.0","0.0","25.27","0.0","1.87","0.0"
"2019-11-05 22:30","26.72","0.0","0.0","24.01","0.0","1.87","0.0"
"2019-11-05 22:45","35.09","0.0","0.0","32.46","0.0","1.09","0.0"
"2019-11-05 23:00","27.02","0.0","0.0","25.1","0.0","0.957","0.0"
"2019-11-05 23:15","32.6","0.0","0.0","28.96","3.08","1.57","0.0"
"2019-11-05 23:30","29.3","0.0","0.0","26.46","0.531","1.84","0.0"
"2019-11-05 23:45","26.48","0.0","0.0","24.01","0.0","1.85","0.0"
"2019-11-06 00:00","25.6","0.0","0.0","23.63","0.0","1.1","0.0"
"2019-11-06 00:15","23.12","0.0","0.0","21.44","0.0","0.779","0.0"
"2019-11-06 00:30","32.28","0.0","0.0","29.93","0.0","1.85","0.0"
"2019-11-06 00:45","23.48","0.0","0.0","21.29","0.0","1.84","0.0"
"2019-11-06 01:00","28.01","0.0","0.0","25.65","0.0","1.35","0.0"
"2019-11-06 01:15","22.86","0.0","0.0","21.28","0.0","0.558","0.0"
"2019-11-06 01:30","24.63","0.0","0.0","22.45","0.0","1.55","0.0"
"2019-11-06 01:45","31.17","0.0","0.0","27.95","1.01","1.86","0.0"
"2019-11-06 02:00","29.2","0.0","0.0","25.46","3.09","1.61","0.0"
"2019-11-06 02:15","25.53","0.0","0.0","23.75","0.0","0.558","0.0"
"2019-11-06 02:30","26.77","0.0","0.0","24.72","0.0","1.55","0.0"
"2019-11-06 02:45","22.57","0.0","0.0","20.43","0.0","1.57","0.0"
"2019-11-06 03:00","27.57","0.0","0.0","25.35","0.0","1.32","0.0"
"2019-11-06 03:15","23.73","0.0","0.0","22.11","0.0","0.252","0.0"
"2019-11-06 03:30","30.22","0.0","0.0","27.66","0.0","1.82","0.0"
"2019-11-06 03:45","25.89","0.0","0.0","23.73","0.0","1.83","0.0"
"2019-11-06 04:00","25.88","0.0","0.0","23.72","0.0","1.34","0.0"
"2019-11-06 04:15","30.55","0.0","0.0","27.98","1.53","0.5","0.0"
"2019-11-06 04:30","36.38","0.0","0.0","32.87","2.45","1.57","0.0"
"2019-11-06 04:45","32.63","0.0","0.0","29.96","0.0","1.82","0.0"
"2019-11-06 05:00","22.29","0.0","0.0","20.53","0.0","0.798","0.0"
"2019-11-06 05:15","22.58","0.0","0.0","20.97","0.0","0.757","0.0"
"2019-11-06 05:30","16.03","0.0","0.0","13.82","0.0","1.82","0.0"
"2019-11-06 05:45","18.41","0.0","0.0","16.25","0.0","1.82","0.0"
"2019-11-06 06:00","14.74","0.0","0.0","13.57","0.0","0.314","0.0"
"2019-11-06 06:15","8.54","0.0","0.0","6.82","0.0","1.53","0.0"
"2019-11-06 06:30","15.21","0.0","0.0","13.48","0.0","1.8","0.0"
"2019-11-06 06:45","7.0","0.0","0.0","5.53","0.0","1.05","0.0"
"2019-11-06 07:00","11.59","0.0","0.0","10.18","0.0","0.727","0.0"
"2019-11-06 07:15","12.9","0.0","3.65","5.62","0.0","1.81","0.0"
"2019-11-06 07:30","50.34","0.0","7.79","19.74","5.43","1.83","0.0"
"2019-11-06 07:45","69.62","0.0","8.56","28.54","7.17","0.548","0.0"
"2019-11-06 08:00","139.35","22.77","11.6","31.19","6.56","1.17","0.0"
"2019-11-06 08:15","156.77","34.16","11.54","32.74","5.03","1.92","0.0"
"2019-11-06 08:30","177.42","50.26","11.72","37.95","6.58","1.64","0.0"
"2019-11-06 08:45","93.47","0.0","11.52","23.17","4.88","1.38","0.0"
"2019-11-06 09:00","76.11","0.0","11.4","18.15","4.51","0.807","0.0"
"2019-11-06 09:15","72.88","0.0","11.43","12.25","3.94","1.58","0.0"
"2019-11-06 09:30","69.78","0.0","11.35","12.34","4.01","1.86","0.0"
"2019-11-06 09:45","66.88","0.0","11.56","13.89","4.07","1.75","0.0"
"2019-11-06 10:00","64.38","0.0","11.34","11.65","4.55","1.6","0.0"
"2019-11-06 10:15","65.54","0.0","11.21","12.24","8.28","0.814","0.0"
"2019-11-06 10:30","86.35","0.0","11.17","15.22","4.35","1.04","0.0"
"2019-11-06 10:45","83.28","0.0","11.19","16.55","4.65","1.75","0.0"
"2019-11-06 11:00","70.14","0.0","11.2","19.05","3.97","1.91","0.0"
"2019-11-06 11:15","60.62","0.0","11.44","8.63","4.57","1.61","0.0"
"2019-11-06 11:30","64.52","0.0","11.28","14.2","4.08","1.89","0.0"
"2019-11-06 11:45","80.08","11.51","11.58","13.97","6.39","1.51","0.0"
"2019-11-06 12:00","126.87","22.9","11.63","13.54","8.88","1.09","0.0"
"2019-11-06 12:15","102.19","16.83","11.47","11.87","3.57","1.38","0.0"
"2019-11-06 12:30","73.61","0.0","11.16","16.33","3.23","1.35","0.0"
"2019-11-06 12:45","103.69","0.0","11.03","11.2","7.21","1.94","32.34"
"2019-11-06 13:00","124.06","5.74","11.1","15.86","5.95","1.66","51.07"
"2019-11-06 13:15","151.01","11.18","11.3","6.33","4.62","1.8","51.09"
"2019-11-06 13:30","159.65","17.06","11.43","13.36","5.55","1.94","50.88"
"2019-11-06 13:45","186.75","27.77","11.19","25.76","3.81","1.68","50.83"
"2019-11-06 14:00","174.91","27.67","10.93","12.92","4.29","1.98","50.63"
"2019-11-06 14:15","190.88","37.44","11.19","18.7","5.69","1.84","50.74"
"2019-11-06 14:30","227.06","49.96","11.04","9.97","3.25","2.0","50.66"
"2019-11-06 14:45","230.14","38.25","11.11","19.05","5.1","2.04","50.73"
"2019-11-06 15:00","200.0","14.63","10.95","12.22","4.94","1.97","50.75"
"2019-11-06 15:15","236.5","64.4","10.96","17.16","4.24","2.01","50.87"
"2019-11-06 15:30","230.1","49.75","10.93","13.0","5.31","1.99","50.93"
"2019-11-06 15:45","225.96","44.78","11.29","20.7","4.51","1.71","50.89"
"2019-11-06 16:00","175.94","27.36","10.98","19.74","4.14","1.98","50.9"
"2019-11-06 16:15","172.93","21.09","11.13","18.31","4.55","1.7","50.95"
"2019-11-06 16:30","117.24","0.0","11.63","18.22","4.16","1.96","50.56"
"2019-11-06 16:45","112.48","0.0","11.08","8.5","2.93","1.68","40.1"
"2019-11-06 17:00","129.12","19.95","11.06","13.12","3.2","1.95","39.83"
"2019-11-06 17:15","203.31","61.15","11.61","14.5","3.56","1.69","40.02"
"2019-11-06 17:30","131.75","21.72","11.64","7.72","3.54","1.97","39.86"
"2019-11-06 17:45","167.94","49.51","11.4","14.09","3.4","1.98","40.21"
"2019-11-06 18:00","196.11","43.33","10.72","10.78","3.12","2.3","40.26"
"2019-11-06 18:15","196.76","50.98","10.27","9.08","3.83","1.97","40.32"
"2019-11-06 18:30","167.66","35.84","10.54","15.03","4.09","1.96","40.41"
"2019-11-06 18:45","156.73","52.51","10.54","6.92","2.96","2.22","40.33"
"2019-11-06 19:00","188.39","37.18","10.55","17.23","4.84","1.92","40.49"
"2019-11-06 19:15","203.88","64.5","10.67","8.43","3.42","1.92","40.48"
"2019-11-06 19:30","151.92","25.34","10.68","13.88","4.15","1.65","40.58"
"2019-11-06 19:45","205.82","56.33","10.67","10.88","4.55","1.59","40.62"
"2019-11-06 20:00","176.1","47.44","10.51","10.48","2.95","1.47","40.59"
"2019-11-06 20:15","196.77","68.92","10.58","16.0","2.18","1.78","40.41"
"2019-11-06 20:30","110.87","32.23","10.67","19.05","1.01","1.62","17.96"
"2019-11-06 20:45","61.16","0.0","10.59","16.03","1.02","1.94","0.0"
"2019-11-06 21:00","34.0","0.0","10.35","11.93","0.0","1.89","0.0"
"2019-11-06 21:15","35.38","0.0","10.11","19.27","0.482","1.91","0.0"
"2019-11-06 21:30","35.87","0.0","8.8","26.28","0.0","1.92","0.0"
"2019-11-06 21:45","26.34","0.0","1.21","23.02","0.0","1.91","0.0"
"2019-11-06 22:00","31.61","0.0","0.0","28.94","0.0","1.89","0.0"
"2019-11-06 22:15","25.78","0.0","0.0","23.48","0.0","1.89","0.0"
"2019-11-06 22:30","28.69","0.0","0.0","25.48","1.04","1.35","0.0"
"2019-11-06 22:45","34.72","0.0","0.0","31.51","2.64","1.11","0.0"
"2019-11-06 23:00","22.35","0.0","0.0","20.17","0.0","1.05","0.0"
"2019-11-06 23:15","29.78","0.0","0.0","27.1","0.0","1.87","0.0"
"2019-11-06 23:30","23.7","0.0","0.0","21.39","0.0","1.91","0.0"
"2019-11-06 23:45","25.9","0.0","0.0","23.31","0.0","1.9","0.0"
"2019-11-07 00:00","25.37","0.0","0.0","22.94","0.0","1.34","0.0"
"2019-11-07 00:15","27.5","0.0","0.0","25.49","0.0","0.811","0.0"
"2019-11-07 00:30","25.73","0.0","0.0","23.71","0.0","1.32","0.0"
"2019-11-07 00:45","23.49","0.0","0.0","21.33","0.0","1.87","0.0"
"2019-11-07 01:00","32.95","0.0","0.0","30.29","0.492","1.87","0.0"
"2019-11-07 01:15","28.57","0.0","0.0","25.06","4.13","1.62","0.0"
"2019-11-07 01:30","29.63","0.0","0.0","26.76","2.03","0.846","0.0"
"2019-11-07 01:45","27.09","0.0","0.0","24.54","0.491","1.3","0.0"
"2019-11-07 02:00","26.96","0.0","0.0","23.91","1.04","1.9","0.0"
"2019-11-07 02:15","36.04","0.0","0.0","31.91","4.35","1.61","0.0"
"2019-11-07 02:30","33.3","0.0","0.0","29.3","3.58","1.4","0.0"
"2019-11-07 02:45","23.23","0.0","0.0","20.52","2.45","0.818","0.0"
"2019-11-07 03:00","31.96","0.0","0.0","29.3","0.469","1.58","0.0"
"2019-11-07 03:15","22.97","0.0","0.0","19.76","2.73","1.85","0.0"
"2019-11-07 03:30","30.63","0.0","0.0","27.88","0.514","1.85","0.0"
"2019-11-07 03:45","26.39","0.0","0.0","24.29","0.0","1.1","0.0"
"2019-11-07 04:00","29.72","0.0","0.0","26.69","2.06","0.775","0.0"
"2019-11-07 04:15","19.57","0.0","0.0","16.41","2.02","1.69","0.0"
"2019-11-07 04:30","21.95","0.0","0.0","19.62","0.0","1.86","0.0"
"2019-11-07 04:45","13.62","0.0","0.0","11.72","0.0","1.36","0.0"
"2019-11-07 05:00","15.55","0.0","0.0","14.01","0.0","0.505","0.0"
"2019-11-07 05:15","8.3","0.0","0.0","6.51","0.0","1.83","0.0"
"2019-11-07 05:30","15.07","0.0","0.0","12.89","0.0","1.83","0.0"
"2019-11-07 05:45","19.13","0.0","0.0","17.03","0.0","1.32","0.0"
"2019-11-07 06:00","7.51","0.0","0.0","6.54","0.0","0.495","0.0"
"2019-11-07 06:15","14.36","0.0","0.0","12.19","0.0","1.8","0.0"
"2019-11-07 06:30","8.9","0.0","0.0","7.2","0.0","1.54","0.0"
"2019-11-07 06:45","12.22","0.0","2.83","5.68","2.89","1.3","0.0"
"2019-11-07 07:00","55.39","0.0","6.29","19.36","10.71","0.541","0.0"
"2019-11-07 07:15","92.39","11.48","6.31","6.87","7.92","1.53","0.0"
"2019-11-07 07:30","117.75","38.85","6.19","13.59","5.23","1.83","0.0"
"2019-11-07 07:45","112.29","27.84","8.67","11.88","5.19","1.85","0.0"
"2019-11-07 08:00","83.07","5.8","11.05","11.74","5.78","0.841","0.0"
"2019-11-07 08:15","83.75","0.0","10.99","16.99","4.57","1.02","0.0"
"2019-11-07 08:30","88.76","0.0","11.25","19.04","5.07","1.88","0.0"
"2019-11-07 08:45","70.56","5.75","11.3","14.19","3.16","1.86","0.0"
"2019-11-07 09:00","63.8","0.0","10.85","10.03","4.23","1.91","0.0"
"2019-11-07 09:15","73.94","0.0","10.97","15.0","7.78","0.831","0.0"
"2019-11-07 09:30","69.97","5.67","11.11","14.81","4.56","1.09","0.0"
"2019-11-07 09:45","63.59","0.0","10.81","11.17","5.88","1.59","0.0"
"2019-11-07 10:00","63.82","0.0","10.26","15.55","6.15","1.91","0.0"
"2019-11-07 10:15","54.63","0.0","11.18","10.3","6.17","1.88","0.0"
"2019-11-07 10:30","60.94","0.0","11.4","16.86","3.49","1.94","0.0"
"2019-11-07 10:45","70.42","0.0","11.17","16.1","4.83","1.36","0.0"
"2019-11-07 11:00","54.47","0.0","11.17","9.0","5.42","1.24","0.0"
"2019-11-07 11:15","70.88","0.0","11.3","17.59","6.98","1.37","0.0"
"2019-11-07 11:30","58.98","0.0","11.27","14.48","9.21","1.61","0.0"
"2019-11-07 11:45","62.48","0.0","11.22","13.24","6.28","1.63","0.0"
"2019-11-07 12:00","101.53","0.0","10.99","13.12","4.55","1.78","0.0"
"2019-11-07 12:15","115.96","0.0","11.16","19.21","7.85","1.96","35.52"
"2019-11-07 12:30","134.84","0.0","10.94","18.04","6.2","1.96","50.91"
"2019-11-07 12:45","109.4","0.0","10.82","12.23","3.38","1.95","50.81"
"2019-11-07 13:00","113.9","0.0","11.3","14.76","6.04","1.8","50.86"
"2019-11-07 13:15","159.1","16.94","11.04","13.04","4.45","1.96","51.03"
"2019-11-07 13:30","170.31","33.36","10.88","12.48","4.36","1.69","50.84"
"2019-11-07 13:45","193.94","25.9","10.92","12.88","4.87","1.97","51.09"
"2019-11-07 14:00","157.68","22.19","10.89","13.52","6.14","1.75","50.82"
"2019-11-07 14:15","237.04","54.74","10.99","19.68","4.33","2.17","50.87"
"2019-11-07 14:30","187.44","38.29","10.9","19.36","3.67","2.1","50.64"
"2019-11-07 14:45","272.6","77.39","10.82","19.2","4.27","1.77","50.94"
"2019-11-07 15:00","211.58","40.67","10.78","16.35","4.78","2.09","50.92"
"2019-11-07 15:15","224.8","43.82","11.3","21.78","5.32","2.08","51.02"
"2019-11-07 15:30","231.45","47.52","11.38","9.87","5.41","2.08","51.33"
"2019-11-07 15:45","199.27","26.81","11.54","6.03","4.81","2.04","51.37"
"2019-11-07 16:00","200.5","27.94","11.43","5.68","5.95","1.75","51.53"
"2019-11-07 16:15","150.91","21.82","11.27","6.3","4.92","2.34","51.35"
"2019-11-07 16:30","214.74","66.24","11.23","14.08","3.56","2.27","51.35"
"2019-11-07 16:45","148.4","0.0","11.48","27.08","4.31","2.31","51.18"
"2019-11-07 17:00","136.37","0.0","11.73","24.17","4.8","2.61","51.16"
"2019-11-07 17:15","113.03","5.64","11.41","12.84","4.71","2.56","50.93"
"2019-11-07 17:30","180.55","22.6","11.17","17.22","4.61","1.99","51.31"
"2019-11-07 17:45","193.47","62.05","11.06","8.42","4.34","1.72","51.45"
"2019-11-07 18:00","238.18","82.18","10.46","19.08","4.8","1.75","51.55"
"2019-11-07 18:15","175.04","28.01","10.34","11.71","6.42","2.01","51.69"
"2019-11-07 18:30","253.56","67.71","10.46","19.46","4.67","2.01","51.64"
"2019-11-07 18:45","246.81","78.04","10.49","10.7","4.4","2.28","51.62"
"2019-11-07 19:00","221.21","63.12","10.64","16.44","3.7","2.26","51.77"
"2019-11-07 19:15","172.18","34.16","10.54","13.07","3.92","2.23","51.51"
"2019-11-07 19:30","209.98","63.73","10.58","11.22","4.11","2.21","51.64"
"2019-11-07 19:45","146.77","27.57","10.52","15.61","2.74","1.93","51.23"
"2019-11-07 20:00","205.54","45.1","10.64","8.26","3.92","1.93","51.48"
"2019-11-07 20:15","192.72","33.18","10.81","15.82","3.92","1.96","45.02"
"2019-11-07 20:30","78.1","5.78","10.39","9.41","2.56","1.91","0.0"
"2019-11-07 20:45","46.33","0.0","10.34","13.7","2.19","1.92","0.0"
"2019-11-07 21:00","57.67","0.0","10.36","12.54","1.03","1.89","0.0"
"2019-11-07 21:15","23.0","0.0","6.71","12.37","0.0","1.91","0.0"
"2019-11-07 21:30","25.17","0.0","6.11","17.14","0.0","1.91","0.0"
"2019-11-07 21:45","20.02","0.0","6.0","12.41","0.0","1.9","0.0"
"2019-11-07 22:00","22.74","0.0","4.39","16.77","0.0","1.63","0.0"
"2019-11-07 22:15","27.79","0.0","0.0","25.5","0.0","1.64","0.0"
"2019-11-07 22:30","25.47","0.0","0.0","23.06","0.0","1.39","0.0"
"2019-11-07 22:45","39.59","0.0","0.0","35.49","3.34","1.51","0.0"
"2019-11-07 23:00","24.74","0.0","0.0","22.37","0.535","1.35","0.0"
"2019-11-07 23:15","30.33","0.0","0.0","28.16","0.0","1.08","0.0"
"2019-11-07 23:30","21.73","0.0","0.0","19.4","0.0","1.61","0.0"
"2019-11-07 23:45","30.77","0.0","0.0","28.15","0.0","1.76","0.0"
"2019-11-08 00:00","22.8","0.0","0.0","20.38","0.0","1.9","0.0"
"2019-11-08 00:15","26.05","0.0","0.0","23.39","0.0","1.9","0.0"
"2019-11-08 00:30","30.3","0.0","0.0","27.86","0.0","1.61","0.0"
"2019-11-08 00:45","22.86","0.0","0.0","21.04","0.0","1.37","0.0"
"2019-11-08 01:00","31.6","0.0","0.0","29.38","0.0","1.07","0.0"
"2019-11-08 01:15","21.38","0.0","0.0","19.2","0.0","1.58","0.0"
"2019-11-08 01:30","28.68","0.0","0.0","25.35","2.05","1.61","0.0"
"2019-11-08 01:45","34.76","0.0","0.0","31.13","2.62","1.94","0.0"
"2019-11-08 02:00","22.52","0.0","0.0","20.31","0.0","1.87","0.0"
"2019-11-08 02:15","29.88","0.0","0.0","27.52","0.0","1.41","0.0"
"2019-11-08 02:30","24.57","0.0","0.0","22.85","0.0","0.806","0.0"
"2019-11-08 02:45","27.54","0.0","0.0","25.46","0.0","1.32","0.0"
"2019-11-08 03:00","31.42","0.0","0.0","28.99","0.0","1.86","0.0"
"2019-11-08 03:15","28.43","0.0","0.0","25.76","0.0","1.89","0.0"
"2019-11-08 03:30","32.98","0.0","0.0","30.41","0.0","1.91","0.0"
"2019-11-08 03:45","27.72","0.0","0.0","25.65","0.0","1.12","0.0"
"2019-11-08 04:00","25.49","0.0","0.0","23.55","0.0","1.09","0.0"
"2019-11-08 04:15","26.43","0.0","0.0","23.94","0.0","1.6","0.0"
"2019-11-08 04:30","33.3","0.0","0.0","29.2","3.55","1.9","0.0"
"2019-11-08 04:45","32.85","0.0","0.0","29.92","1.02","1.9","0.0"
"2019-11-08 05:00","24.13","0.0","0.0","21.81","0.0","1.95","0.0"
"2019-11-08 05:15","28.39","0.0","0.0","26.2","0.0","1.12","0.0"
"2019-11-08 05:30","24.55","0.0","0.0","22.63","0.0","1.09","0.0"
"2019-11-08 05:45","22.63","0.0","0.0","20.45","0.0","1.6","0.0"
"2019-11-08 06:00","31.38","0.0","0.0","28.71","0.0","1.89","0.0"
"2019-11-08 06:15","21.99","0.0","0.0","19.64","0.0","1.86","0.0"
"2019-11-08 06:30","31.82","0.0","0.0","29.26","0.0","1.86","0.0"
"2019-11-08 06:45","16.96","0.0","5.12","10.87","0.0","1.11","0.0"
"2019-11-08 07:00","33.88","0.0","6.47","7.98","2.2","1.08","0.0"
"2019-11-08 07:15","47.89","0.0","6.52","14.17","5.03","1.56","0.0"
"2019-11-08 07:30","91.72","23.26","8.89","6.09","6.4","1.86","0.0"
"2019-11-08 07:45","65.19","0.0","11.5","13.85","15.17","1.88","0.0"
"2019-11-08 08:00","45.03","0.0","11.24","6.2","2.6","1.85","0.0"
"2019-11-08 08:15","78.98","17.25","11.16","14.49","4.78","1.1","0.0"
"2019-11-08 08:30","134.5","46.53","11.55","15.07","4.39","1.22","0.0"
"2019-11-08 08:45","69.22","5.8","11.44","11.88","6.2","1.32","0.0"
"2019-11-08 09:00","69.69","5.53","11.53","10.77","8.5","1.72","0.0"
"2019-11-08 09:15","55.67","0.0","11.37","11.86","4.76","1.91","0.0"
"2019-11-08 09:30","62.67","0.0","11.54","15.6","2.41","1.88","0.0"
"2019-11-08 09:45","44.74","5.78","11.64","5.21","7.21","1.88","0.0"
"2019-11-08 10:00","49.04","0.0","11.54","4.7","8.66","1.4","0.0"
"2019-11-08 10:15","69.09","5.78","11.59","5.95","6.62","1.11","0.0"
"2019-11-08 10:30","72.56","0.0","11.44","22.87","3.55","1.34","0.0"
"2019-11-08 10:45","57.24","0.0","11.59","16.97","2.97","1.61","0.0"
"2019-11-08 11:00","69.83","0.0","11.24","21.82","5.14","1.93","0.0"
"2019-11-08 11:15","69.62","0.0","11.2","16.87","3.66","1.93","0.0"
"2019-11-08 11:30","50.89","0.0","11.27","16.0","3.96","1.92","0.0"
"2019-11-08 11:45","53.86","0.0","11.27","11.44","11.31","1.9","0.0"
"2019-11-08 12:00","61.72","0.0","11.39","17.88","2.52","1.38","0.0"
"2019-11-08 12:15","56.11","0.0","11.06","10.85","2.81","1.4","0.0"
"2019-11-08 12:30","89.76","0.0","10.75","14.75","4.18","1.36","0.0"
"2019-11-08 12:45","102.1","0.0","10.96","15.01","4.35","1.66","39.32"
"2019-11-08 13:00","107.48","0.0","11.36","10.3","5.1","1.65","50.95"
"2019-11-08 13:15","149.27","0.0","11.14","16.87","4.58","1.69","51.24"
"2019-11-08 13:30","136.12","5.68","11.01","9.8","5.85","1.96","51.0"
"2019-11-08 13:45","184.41","45.2","11.14","21.91","4.51","1.95","51.1"
"2019-11-08 14:00","189.33","38.08","10.96","10.55","4.63","1.97","51.15"
"2019-11-08 14:15","190.44","32.48","11.24","19.5","4.68","2.28","51.11"
"2019-11-08 14:30","187.0","33.24","11.2","8.74","3.4","1.96","50.98"
"2019-11-08 14:45","157.56","21.97","10.95","21.35","4.61","2.26","51.01"
"2019-11-08 15:00","149.45","14.82","11.06","8.27","4.31","2.13","50.92"
"2019-11-08 15:15","202.76","32.43","11.1","18.08","5.52","2.28","51.06"
"2019-11-08 15:30","225.53","59.28","10.96","16.48","4.83","2.57","51.37"
"2019-11-08 15:45","178.53","28.3","10.92","17.9","4.97","1.71","51.26"
"2019-11-08 16:00","153.78","17.09","11.12","15.27","5.19","1.71","50.99"
"2019-11-08 16:15","103.95","0.0","11.08","11.21","6.29","2.0","50.8"
"2019-11-08 16:30","199.24","46.19","11.06","7.25","4.74","1.98","51.27"
"2019-11-08 16:45","182.03","42.08","11.04","15.47","4.03","2.0","50.95"
"2019-11-08 17:00","138.66","10.68","11.12","18.36","4.21","2.02","51.15"
"2019-11-08 17:15","122.39","0.0","10.63","17.66","4.5","2.29","50.97"
"2019-11-08 17:30","96.99","0.0","10.77","17.36","6.09","2.29","40.84"
"2019-11-08 17:45","92.34","0.0","10.78","16.95","3.99","1.97","40.02"
"2019-11-08 18:00","149.38","16.02","10.17","18.95","4.78","2.57","40.32"
"2019-11-08 18:15","96.08","0.0","10.01","19.04","4.48","2.23","40.2"
"2019-11-08 18:30","100.97","0.0","10.06","18.77","3.95","1.8","40.14"
"2019-11-08 18:45","158.19","28.59","10.08","13.62","4.19","1.94","40.53"
"2019-11-08 19:00","178.23","57.29","10.15","16.47","3.19","1.98","40.47"
"2019-11-08 19:15","212.96","75.86","10.23","15.85","4.07","2.25","40.56"
"2019-11-08 19:30","163.1","69.25","10.08","10.3","3.42","2.22","40.48"
"2019-11-08 19:45","194.46","51.64","9.91","17.3","4.82","2.22","40.79"
"2019-11-08 20:00","166.23","40.63","10.19","8.39","2.82","2.21","40.01"
"2019-11-08 20:15","165.49","59.99","10.24","18.64","3.4","1.92","0.0"
"2019-11-08 20:30","151.85","61.21","10.34","13.46","2.57","1.94","0.0"
"2019-11-08 20:45","103.94","30.79","9.93","21.7","2.73","2.22","0.0"
"2019-11-08 21:00","63.23","10.53","6.75","7.8","0.979","2.19","0.0"
"2019-11-08 21:15","30.83","0.0","5.53","11.3","0.713","2.21","0.0"
"2019-11-08 21:30","17.02","0.0","1.15","13.88","1.27","1.91","0.0"
"2019-11-08 21:45","13.91","0.0","0.0","11.62","1.32","1.62","0.0"
"2019-11-08 22:00","13.84","0.0","0.0","11.68","1.16","1.63","0.0"
"2019-11-08 22:15","16.01","0.0","0.0","13.76","1.11","1.64","0.0"
"2019-11-08 22:30","15.15","0.0","0.0","12.82","1.61","1.64","0.0"
"2019-11-08 22:45","10.88","0.0","0.0","8.87","1.14","1.62","0.0"
"2019-11-08 23:00","11.93","0.0","0.0","10.14","1.16","1.33","0.0"
"2019-11-08 23:15","8.21","0.0","0.0","6.04","1.24","1.74","0.0"
"2019-11-08 23:30","15.05","0.0","0.0","12.76","1.29","1.9","0.0"
"2019-11-08 23:45","6.87","0.0","0.0","4.67","1.32","1.86","0.0"
"2019-11-09 00:00","13.97","0.0","0.0","11.88","1.32","1.6","0.0"
"2019-11-09 00:15","6.66","0.0","0.0","4.57","1.27","1.89","0.0"
"2019-11-09 00:30","17.34","0.0","0.0","15.08","1.71","1.88","0.0"
"2019-11-09 00:45","7.74","0.0","0.0","5.89","1.23","1.36","0.0"
"2019-11-09 01:00","14.27","0.0","0.0","12.12","1.12","1.35","0.0"
"2019-11-09 01:15","7.4","0.0","0.0","5.71","1.25","1.34","0.0"
"2019-11-09 01:30","14.81","0.0","0.0","12.51","1.19","1.57","0.0"
"2019-11-09 01:45","8.16","0.0","0.0","6.01","1.27","1.84","0.0"
"2019-11-09 02:00","12.67","0.0","0.0","9.77","1.96","1.87","0.0"
"2019-11-09 02:15","8.31","0.0","0.0","5.74","1.01","1.85","0.0"
"2019-11-09 02:30","14.09","0.0","0.0","11.62","0.773","1.37","0.0"
"2019-11-09 02:45","6.74","0.0","0.0","5.05","0.808","1.07","0.0"
"2019-11-09 03:00","10.29","0.0","0.0","6.96","2.82","1.28","0.0"
"2019-11-09 03:15","13.35","0.0","0.0","10.77","0.752","1.02","0.0"
"2019-11-09 03:30","12.81","0.0","0.0","10.32","0.845","1.82","0.0"
"2019-11-09 03:45","12.99","0.0","0.0","10.72","1.18","1.87","0.0"
"2019-11-09 04:00","15.3","0.0","0.0","12.49","2.38","0.796","0.0"
"2019-11-09 04:15","17.47","0.0","0.0","15.11","1.61","1.01","0.0"
"2019-11-09 04:30","10.95","0.0","0.0","8.83","1.28","1.88","0.0"
"2019-11-09 04:45","16.91","0.0","0.0","14.43","1.93","1.85","0.0"
"2019-11-09 05:00","7.17","0.0","0.0","4.92","1.29","1.82","0.0"
"2019-11-09 05:15","12.0","0.0","0.0","10.09","1.29","1.07","0.0"
"2019-11-09 05:30","8.44","0.0","0.0","6.83","1.36","1.05","0.0"
"2019-11-09 05:45","12.86","0.0","0.0","10.53","1.2","1.55","0.0"
"2019-11-09 06:00","6.84","0.0","0.0","4.75","1.21","1.82","0.0"
"2019-11-09 06:15","9.43","0.0","0.0","7.09","1.24","1.81","0.0"
"2019-11-09 06:30","12.91","0.0","0.0","11.14","1.28","1.07","0.0"
"2019-11-09 06:45","8.08","0.0","0.0","6.52","1.35","0.767","0.0"
"2019-11-09 07:00","10.74","0.0","0.0","8.53","1.7","1.83","0.0"
"2019-11-09 07:15","10.1","0.0","0.0","7.82","1.18","1.79","0.0"
"2019-11-09 07:30","13.48","0.0","0.0","11.38","1.41","1.8","0.0"
"2019-11-09 07:45","7.06","0.0","0.0","5.46","1.24","0.813","0.0"
"2019-11-09 08:00","13.18","0.0","1.35","10.13","1.28","0.996","0.0"
"2019-11-09 08:15","17.99","0.0","6.97","9.31","0.83","1.54","0.0"
"2019-11-09 08:30","60.8","11.54","6.98","7.08","2.04","1.81","0.0"
"2019-11-09 08:45","103.56","17.27","7.22","12.91","4.67","1.08","0.0"
"2019-11-09 09:00","61.92","0.0","7.96","11.01","4.51","0.791","0.0"
"2019-11-09 09:15","59.98","0.0","11.45","12.48","4.15","1.53","0.0"
"2019-11-09 09:30","61.06","0.0","11.62","14.18","12.87","1.85","0.0"
"2019-11-09 09:45","64.55","5.7","11.61","17.4","10.81","1.87","0.0"
"2019-11-09 10:00","53.27","0.0","10.72","11.74","4.25","1.93","0.0"
"2019-11-09 10:15","60.87","0.0","11.21","20.79","7.9","1.37","0.0"
"2019-11-09 10:30","65.6","5.76","11.31","23.52","5.2","1.11","0.0"
"2019-11-09 10:45","100.75","0.0","11.25","29.68","10.57","1.38","0.0"
"2019-11-09 11:00","75.94","0.0","11.32","17.13","4.1","1.36","0.0"
"2019-11-09 11:15","79.92","5.74","11.25","23.55","4.59","1.93","0.0"
