"Time stamp","Interruptor Principal   (V)"
"2019-09-01 00:00","127.37"
"2019-09-01 00:15","127.59"
"2019-09-01 00:30","128.01"
"2019-09-01 00:45","128.16"
"2019-09-01 01:00","128.08"
"2019-09-01 01:15","128.12"
"2019-09-01 01:30","128.17"
"2019-09-01 01:45","127.96"
"2019-09-01 02:00","127.95"
"2019-09-01 02:15","128.28"
"2019-09-01 02:30","128.24"
"2019-09-01 02:45","128.39"
"2019-09-01 03:00","128.52"
"2019-09-01 03:15","128.41"
"2019-09-01 03:30","128.28"
"2019-09-01 03:45","128.17"
"2019-09-01 04:00","128.32"
"2019-09-01 04:15","128.4"
"2019-09-01 04:30","128.51"
"2019-09-01 04:45","128.47"
"2019-09-01 05:00","128.62"
"2019-09-01 05:15","128.51"
"2019-09-01 05:30","128.72"
"2019-09-01 05:45","128.42"
"2019-09-01 06:00","128.45"
"2019-09-01 06:15","128.34"
"2019-09-01 06:30","128.36"
"2019-09-01 06:45","128.4"
"2019-09-01 07:00","128.13"
"2019-09-01 07:15","128.16"
"2019-09-01 07:30","127.98"
"2019-09-01 07:45","127.92"
"2019-09-01 08:00","127.51"
"2019-09-01 08:15","127.52"
"2019-09-01 08:30","127.28"
"2019-09-01 08:45","126.93"
"2019-09-01 09:00","127.23"
"2019-09-01 09:15","127.04"
"2019-09-01 09:30","126.79"
"2019-09-01 09:45","126.83"
"2019-09-01 10:00","126.56"
"2019-09-01 10:15","126.95"
"2019-09-01 10:30","126.48"
"2019-09-01 10:45","126.64"
"2019-09-01 11:00","126.47"
"2019-09-01 11:15","126.59"
"2019-09-01 11:30","126.39"
"2019-09-01 11:45","124.88"
"2019-09-01 12:00","125.25"
"2019-09-01 12:15","125.78"
"2019-09-01 12:30","125.77"
"2019-09-01 12:45","125.61"
"2019-09-01 13:00","125.84"
"2019-09-01 13:15","125.73"
"2019-09-01 13:30","126.11"
"2019-09-01 13:45","126.06"
"2019-09-01 14:00","126.08"
"2019-09-01 14:15","125.16"
"2019-09-01 14:30","125.07"
"2019-09-01 14:45","125.17"
"2019-09-01 15:00","124.89"
"2019-09-01 15:15","124.95"
"2019-09-01 15:30","124.53"
"2019-09-01 15:45","124.82"
"2019-09-01 16:00","124.58"
"2019-09-01 16:15","124.78"
"2019-09-01 16:30","124.22"
"2019-09-01 16:45","124.28"
"2019-09-01 17:00","124.81"
"2019-09-01 17:15","124.49"
"2019-09-01 17:30","124.83"
"2019-09-01 17:45","124.36"
"2019-09-01 18:00","124.89"
"2019-09-01 18:15","125.35"
"2019-09-01 18:30","125.46"
"2019-09-01 18:45","124.92"
"2019-09-01 19:00","125.36"
"2019-09-01 19:15","125.21"
"2019-09-01 19:30","125.46"
"2019-09-01 19:45","125.31"
"2019-09-01 20:00","125.14"
"2019-09-01 20:15","125.47"
"2019-09-01 20:30","126.16"
"2019-09-01 20:45","126.85"
"2019-09-01 21:00","126.92"
"2019-09-01 21:15","127.19"
"2019-09-01 21:30","127.15"
"2019-09-01 21:45","127.38"
"2019-09-01 22:00","128.48"
"2019-09-01 22:15","128.43"
"2019-09-01 22:30","128.22"
"2019-09-01 22:45","128.13"
"2019-09-01 23:00","128.38"
"2019-09-01 23:15","128.61"
"2019-09-01 23:30","128.98"
"2019-09-01 23:45","129.12"
"2019-09-02 00:00","127.04"
"2019-09-02 00:15","127.06"
"2019-09-02 00:30","126.55"
"2019-09-02 00:45","126.63"
"2019-09-02 01:00","126.35"
"2019-09-02 01:15","126.21"
"2019-09-02 01:30","126.2"
"2019-09-02 01:45","126.31"
"2019-09-02 02:00","126.52"
"2019-09-02 02:15","126.48"
"2019-09-02 02:30","126.54"
"2019-09-02 02:45","126.58"
"2019-09-02 03:00","126.81"
"2019-09-02 03:15","126.67"
"2019-09-02 03:30","126.8"
"2019-09-02 03:45","126.73"
"2019-09-02 04:00","126.72"
"2019-09-02 04:15","126.5"
"2019-09-02 04:30","126.78"
"2019-09-02 04:45","127.12"
"2019-09-02 05:00","127.15"
"2019-09-02 05:15","127.18"
"2019-09-02 05:30","126.97"
"2019-09-02 05:45","127.13"
"2019-09-02 06:00","126.63"
"2019-09-02 06:15","126.36"
"2019-09-02 06:30","126.22"
"2019-09-02 06:45","126.22"
"2019-09-02 07:00","125.27"
"2019-09-02 07:15","125.16"
"2019-09-02 07:30","124.89"
"2019-09-02 07:45","125.1"
"2019-09-02 08:00","124.86"
"2019-09-02 08:15","125.24"
"2019-09-02 08:30","125.23"
"2019-09-02 08:45","125.2"
"2019-09-02 09:00","123.88"
"2019-09-02 09:15","123.94"
"2019-09-02 09:30","124.07"
"2019-09-02 09:45","124.11"
"2019-09-02 10:00","123.83"
"2019-09-02 10:15","123.57"
"2019-09-02 10:30","123.34"
"2019-09-02 10:45","123.54"
"2019-09-02 11:00","123.73"
"2019-09-02 11:15","123.53"
"2019-09-02 11:30","124.16"
"2019-09-02 11:45","123.82"
"2019-09-02 12:00","123.83"
"2019-09-02 12:15","123.74"
"2019-09-02 12:30","122.78"
"2019-09-02 12:45","123.2"
"2019-09-02 13:00","123.06"
"2019-09-02 13:15","123.29"
"2019-09-02 13:30","122.86"
"2019-09-02 13:45","122.8"
"2019-09-02 14:00","122.46"
"2019-09-02 14:15","122.36"
"2019-09-02 14:30","121.8"
"2019-09-02 14:45","122.18"
"2019-09-02 15:00","122.22"
"2019-09-02 15:15","122.08"
"2019-09-02 15:30","122.57"
"2019-09-02 15:45","122.3"
"2019-09-02 16:00","122.45"
"2019-09-02 16:15","122.58"
"2019-09-02 16:30","122.87"
"2019-09-02 16:45","123.68"
"2019-09-02 17:00","123.54"
"2019-09-02 17:15","123.64"
"2019-09-02 17:30","124.06"
"2019-09-02 17:45","123.93"
"2019-09-02 18:00","124.51"
"2019-09-02 18:15","124.85"
"2019-09-02 18:30","124.55"
"2019-09-02 18:45","123.81"
"2019-09-02 19:00","124.07"
"2019-09-02 19:15","124.74"
"2019-09-02 19:30","124.29"
"2019-09-02 19:45","124.03"
"2019-09-02 20:00","123.9"
"2019-09-02 20:15","124.68"
"2019-09-02 20:30","124.86"
"2019-09-02 20:45","124.8"
"2019-09-02 21:00","126.15"
"2019-09-02 21:15","126.33"
"2019-09-02 21:30","126.52"
"2019-09-02 21:45","125.78"
"2019-09-02 22:00","126.24"
"2019-09-02 22:15","126.17"
"2019-09-02 22:30","126.48"
"2019-09-02 22:45","126.55"
"2019-09-02 23:00","126.94"
"2019-09-02 23:15","127.08"
"2019-09-02 23:30","126.66"
"2019-09-02 23:45","126.78"
"2019-09-03 00:00","126.48"
"2019-09-03 00:15","126.65"
"2019-09-03 00:30","126.66"
"2019-09-03 00:45","126.24"
"2019-09-03 01:00","126.24"
"2019-09-03 01:15","126.35"
"2019-09-03 01:30","126.47"
"2019-09-03 01:45","126.43"
"2019-09-03 02:00","126.3"
"2019-09-03 02:15","126.31"
"2019-09-03 02:30","126.43"
"2019-09-03 02:45","126.26"
"2019-09-03 03:00","126.39"
"2019-09-03 03:15","126.36"
"2019-09-03 03:30","126.37"
"2019-09-03 03:45","126.28"
"2019-09-03 04:00","126.44"
"2019-09-03 04:15","126.47"
"2019-09-03 04:30","126.59"
"2019-09-03 04:45","126.55"
"2019-09-03 05:00","126.44"
"2019-09-03 05:15","126.27"
"2019-09-03 05:30","126.3"
"2019-09-03 05:45","126.46"
"2019-09-03 06:00","126.21"
"2019-09-03 06:15","125.92"
"2019-09-03 06:30","125.47"
"2019-09-03 06:45","125.27"
"2019-09-03 07:00","125.52"
"2019-09-03 07:15","125.17"
"2019-09-03 07:30","124.97"
"2019-09-03 07:45","124.9"
"2019-09-03 08:00","124.83"
"2019-09-03 08:15","124.97"
"2019-09-03 08:30","125.08"
"2019-09-03 08:45","125.13"
"2019-09-03 09:00","125.02"
"2019-09-03 09:15","124.81"
"2019-09-03 09:30","124.48"
"2019-09-03 09:45","124.39"
"2019-09-03 10:00","124.75"
"2019-09-03 10:15","124.16"
"2019-09-03 10:30","123.43"
"2019-09-03 10:45","123.82"
"2019-09-03 11:00","123.63"
"2019-09-03 11:15","124.26"
"2019-09-03 11:30","124.41"
"2019-09-03 11:45","124.17"
"2019-09-03 12:00","124.04"
"2019-09-03 12:15","123.66"
"2019-09-03 12:30","123.27"
"2019-09-03 12:45","123.17"
"2019-09-03 13:00","122.92"
"2019-09-03 13:15","121.85"
"2019-09-03 13:30","122.29"
"2019-09-03 13:45","122.52"
"2019-09-03 14:00","122.03"
"2019-09-03 14:15","122.39"
"2019-09-03 14:30","122.38"
"2019-09-03 14:45","122.45"
"2019-09-03 15:00","121.85"
"2019-09-03 15:15","122.23"
"2019-09-03 15:30","122.85"
"2019-09-03 15:45","122.65"
"2019-09-03 16:00","122.23"
"2019-09-03 16:15","122.8"
"2019-09-03 16:30","122.98"
"2019-09-03 16:45","123.36"
"2019-09-03 17:00","123.36"
"2019-09-03 17:15","124.02"
"2019-09-03 17:30","123.87"
"2019-09-03 17:45","124.47"
"2019-09-03 18:00","124.6"
"2019-09-03 18:15","123.76"
"2019-09-03 18:30","124.72"
"2019-09-03 18:45","124.21"
"2019-09-03 19:00","124.41"
"2019-09-03 19:15","125.02"
"2019-09-03 19:30","124.07"
"2019-09-03 19:45","124.2"
"2019-09-03 20:00","125.07"
"2019-09-03 20:15","125.33"
"2019-09-03 20:30","125.58"
"2019-09-03 20:45","126.1"
"2019-09-03 21:00","125.52"
"2019-09-03 21:15","126.84"
"2019-09-03 21:30","126.65"
"2019-09-03 21:45","126.49"
"2019-09-03 22:00","125.85"
"2019-09-03 22:15","126.12"
"2019-09-03 22:30","126.26"
"2019-09-03 22:45","126.62"
"2019-09-03 23:00","126.86"
"2019-09-03 23:15","126.05"
"2019-09-03 23:30","126.28"
"2019-09-03 23:45","126.49"
"2019-09-04 00:00","126.35"
"2019-09-04 00:15","126.43"
"2019-09-04 00:30","126.51"
"2019-09-04 00:45","126.53"
"2019-09-04 01:00","126.47"
"2019-09-04 01:15","126.25"
"2019-09-04 01:30","126.22"
"2019-09-04 01:45","126.06"
"2019-09-04 02:00","126.02"
"2019-09-04 02:15","126.15"
"2019-09-04 02:30","126.14"
"2019-09-04 02:45","126.39"
"2019-09-04 03:00","126.29"
"2019-09-04 03:15","126.22"
"2019-09-04 03:30","126.38"
"2019-09-04 03:45","126.58"
"2019-09-04 04:00","126.39"
"2019-09-04 04:15","126.25"
"2019-09-04 04:30","126.36"
"2019-09-04 04:45","126.43"
"2019-09-04 05:00","126.02"
"2019-09-04 05:15","126.64"
"2019-09-04 05:30","126.63"
"2019-09-04 05:45","126.58"
"2019-09-04 06:00","126.27"
"2019-09-04 06:15","125.9"
"2019-09-04 06:30","125.73"
"2019-09-04 06:45","125.45"
"2019-09-04 07:00","125.39"
"2019-09-04 07:15","125.18"
"2019-09-04 07:30","125.05"
"2019-09-04 07:45","124.73"
"2019-09-04 08:00","124.46"
"2019-09-04 08:15","123.94"
"2019-09-04 08:30","123.83"
"2019-09-04 08:45","124.18"
"2019-09-04 09:00","124.02"
"2019-09-04 09:15","123.92"
"2019-09-04 09:30","124.18"
"2019-09-04 09:45","124.19"
"2019-09-04 10:00","124.03"
"2019-09-04 10:15","124.14"
"2019-09-04 10:30","123.88"
"2019-09-04 10:45","123.81"
"2019-09-04 11:00","124.22"
"2019-09-04 11:15","124.26"
"2019-09-04 11:30","124.33"
"2019-09-04 11:45","124.25"
"2019-09-04 12:00","124.12"
"2019-09-04 12:15","123.78"
"2019-09-04 12:30","123.75"
"2019-09-04 12:45","123.9"
"2019-09-04 13:00","123.28"
"2019-09-04 13:15","123.03"
"2019-09-04 13:30","123.26"
"2019-09-04 13:45","123.4"
"2019-09-04 14:00","123.64"
"2019-09-04 14:15","122.97"
"2019-09-04 14:30","123.17"
"2019-09-04 14:45","123.01"
"2019-09-04 15:00","123.75"
"2019-09-04 15:15","123.46"
"2019-09-04 15:30","123.22"
"2019-09-04 15:45","123.3"
"2019-09-04 16:00","122.99"
"2019-09-04 16:15","123.95"
"2019-09-04 16:30","123.48"
"2019-09-04 16:45","123.57"
"2019-09-04 17:00","124.35"
"2019-09-04 17:15","124.44"
"2019-09-04 17:30","123.74"
"2019-09-04 17:45","124.28"
"2019-09-04 18:00","124.05"
"2019-09-04 18:15","125.54"
"2019-09-04 18:30","125.25"
"2019-09-04 18:45","124.35"
"2019-09-04 19:00","123.64"
"2019-09-04 19:15","124.11"
"2019-09-04 19:30","124.71"
"2019-09-04 19:45","124.76"
"2019-09-04 20:00","125.27"
"2019-09-04 20:15","125.92"
"2019-09-04 20:30","126.0"
"2019-09-04 20:45","126.74"
"2019-09-04 21:00","126.5"
"2019-09-04 21:15","126.45"
"2019-09-04 21:30","126.35"
"2019-09-04 21:45","126.43"
"2019-09-04 22:00","126.32"
"2019-09-04 22:15","126.49"
"2019-09-04 22:30","126.37"
"2019-09-04 22:45","126.76"
"2019-09-04 23:00","127.18"
"2019-09-04 23:15","127.24"
"2019-09-04 23:30","127.17"
"2019-09-04 23:45","127.31"
"2019-09-05 00:00","126.76"
"2019-09-05 00:15","127.15"
"2019-09-05 00:30","126.77"
"2019-09-05 00:45","126.92"
"2019-09-05 01:00","126.92"
"2019-09-05 01:15","127.06"
"2019-09-05 01:30","127.25"
"2019-09-05 01:45","127.14"
"2019-09-05 02:00","127.35"
"2019-09-05 02:15","126.77"
"2019-09-05 02:30","126.52"
"2019-09-05 02:45","126.07"
"2019-09-05 03:00","126.23"
"2019-09-05 03:15","126.14"
"2019-09-05 03:30","126.43"
"2019-09-05 03:45","126.22"
"2019-09-05 04:00","126.15"
"2019-09-05 04:15","126.06"
"2019-09-05 04:30","126.22"
"2019-09-05 04:45","126.23"
"2019-09-05 05:00","126.56"
"2019-09-05 05:15","126.67"
"2019-09-05 05:30","126.26"
"2019-09-05 05:45","126.11"
"2019-09-05 06:00","125.75"
"2019-09-05 06:15","125.58"
"2019-09-05 06:30","125.73"
"2019-09-05 06:45","125.69"
"2019-09-05 07:00","125.15"
"2019-09-05 07:15","125.3"
"2019-09-05 07:30","125.03"
"2019-09-05 07:45","125.53"
"2019-09-05 08:00","125.11"
"2019-09-05 08:15","124.82"
"2019-09-05 08:30","124.92"
"2019-09-05 08:45","124.31"
"2019-09-05 09:00","124.83"
"2019-09-05 09:15","124.11"
"2019-09-05 09:30","124.48"
"2019-09-05 09:45","124.48"
"2019-09-05 10:00","124.67"
"2019-09-05 10:15","125.25"
"2019-09-05 10:30","125.22"
"2019-09-05 10:45","125.23"
"2019-09-05 11:00","125.29"
"2019-09-05 11:15","125.24"
"2019-09-05 11:30","124.99"
"2019-09-05 11:45","124.69"
"2019-09-05 12:00","124.65"
"2019-09-05 12:15","124.51"
"2019-09-05 12:30","124.23"
"2019-09-05 12:45","124.22"
"2019-09-05 13:00","124.15"
"2019-09-05 13:15","123.3"
"2019-09-05 13:30","122.91"
"2019-09-05 13:45","123.17"
"2019-09-05 14:00","123.78"
"2019-09-05 14:15","123.32"
"2019-09-05 14:30","123.0"
"2019-09-05 14:45","123.09"
"2019-09-05 15:00","123.48"
"2019-09-05 15:15","122.92"
"2019-09-05 15:30","123.05"
"2019-09-05 15:45","123.03"
"2019-09-05 16:00","123.47"
"2019-09-05 16:15","124.3"
"2019-09-05 16:30","124.38"
"2019-09-05 16:45","125.01"
"2019-09-05 17:00","125.28"
"2019-09-05 17:15","124.92"
"2019-09-05 17:30","125.32"
"2019-09-05 17:45","124.1"
"2019-09-05 18:00","124.52"
"2019-09-05 18:15","124.58"
"2019-09-05 18:30","124.22"
"2019-09-05 18:45","124.75"
"2019-09-05 19:00","124.82"
"2019-09-05 19:15","124.42"
"2019-09-05 19:30","124.28"
"2019-09-05 19:45","125.46"
"2019-09-05 20:00","125.85"
"2019-09-05 20:15","124.66"
"2019-09-05 20:30","124.88"
"2019-09-05 20:45","125.58"
"2019-09-05 21:00","126.72"
"2019-09-05 21:15","126.86"
"2019-09-05 21:30","126.62"
"2019-09-05 21:45","126.16"
"2019-09-05 22:00","126.1"
"2019-09-05 22:15","126.13"
"2019-09-05 22:30","126.11"
"2019-09-05 22:45","126.26"
"2019-09-05 23:00","126.38"
"2019-09-05 23:15","126.78"
"2019-09-05 23:30","126.94"
"2019-09-05 23:45","127.03"
"2019-09-06 00:00","126.81"
"2019-09-06 00:15","126.96"
"2019-09-06 00:30","126.82"
"2019-09-06 00:45","127.09"
"2019-09-06 01:00","127.07"
"2019-09-06 01:15","127.24"
"2019-09-06 01:30","126.81"
"2019-09-06 01:45","126.95"
"2019-09-06 02:00","127.1"
"2019-09-06 02:15","127.01"
"2019-09-06 02:30","127.15"
"2019-09-06 02:45","127.0"
"2019-09-06 03:00","127.08"
"2019-09-06 03:15","127.15"
"2019-09-06 03:30","127.02"
"2019-09-06 03:45","127.04"
"2019-09-06 04:00","127.21"
"2019-09-06 04:15","127.12"
"2019-09-06 04:30","127.01"
"2019-09-06 04:45","126.98"
"2019-09-06 05:00","127.17"
"2019-09-06 05:15","126.84"
"2019-09-06 05:30","126.65"
"2019-09-06 05:45","126.79"
"2019-09-06 06:00","126.59"
"2019-09-06 06:15","126.15"
"2019-09-06 06:30","125.86"
"2019-09-06 06:45","125.92"
"2019-09-06 07:00","125.44"
"2019-09-06 07:15","125.65"
"2019-09-06 07:30","125.54"
"2019-09-06 07:45","125.15"
"2019-09-06 08:00","124.99"
"2019-09-06 08:15","124.84"
"2019-09-06 08:30","124.7"
"2019-09-06 08:45","125.25"
"2019-09-06 09:00","126.06"
"2019-09-06 09:15","125.78"
"2019-09-06 09:30","125.56"
"2019-09-06 09:45","124.97"
"2019-09-06 10:00","124.92"
"2019-09-06 10:15","124.88"
"2019-09-06 10:30","125.34"
"2019-09-06 10:45","124.99"
"2019-09-06 11:00","125.28"
"2019-09-06 11:15","125.2"
"2019-09-06 11:30","124.88"
"2019-09-06 11:45","124.77"
"2019-09-06 12:00","123.78"
"2019-09-06 12:15","123.32"
"2019-09-06 12:30","123.57"
"2019-09-06 12:45","123.78"
"2019-09-06 13:00","123.64"
"2019-09-06 13:15","123.72"
"2019-09-06 13:30","123.05"
"2019-09-06 13:45","123.29"
"2019-09-06 14:00","123.02"
"2019-09-06 14:15","123.38"
"2019-09-06 14:30","123.32"
"2019-09-06 14:45","123.0"
"2019-09-06 15:00","123.31"
"2019-09-06 15:15","123.16"
"2019-09-06 15:30","123.8"
"2019-09-06 15:45","123.42"
"2019-09-06 16:00","123.19"
"2019-09-06 16:15","123.49"
"2019-09-06 16:30","123.92"
"2019-09-06 16:45","124.46"
"2019-09-06 17:00","124.71"
"2019-09-06 17:15","124.77"
"2019-09-06 17:30","124.06"
"2019-09-06 17:45","124.4"
"2019-09-06 18:00","124.65"
"2019-09-06 18:15","125.08"
"2019-09-06 18:30","123.86"
"2019-09-06 18:45","124.72"
"2019-09-06 19:00","124.38"
"2019-09-06 19:15","125.31"
"2019-09-06 19:30","124.74"
"2019-09-06 19:45","124.39"
"2019-09-06 20:00","125.37"
"2019-09-06 20:15","125.71"
"2019-09-06 20:30","125.75"
"2019-09-06 20:45","126.02"
"2019-09-06 21:00","126.69"
"2019-09-06 21:15","126.98"
"2019-09-06 21:30","126.91"
"2019-09-06 21:45","127.26"
"2019-09-06 22:00","127.14"
"2019-09-06 22:15","127.19"
"2019-09-06 22:30","127.12"
"2019-09-06 22:45","127.1"
"2019-09-06 23:00","127.17"
"2019-09-06 23:15","127.34"
"2019-09-06 23:30","127.59"
"2019-09-06 23:45","127.65"
"2019-09-07 00:00","127.49"
"2019-09-07 00:15","126.78"
"2019-09-07 00:30","126.89"
"2019-09-07 00:45","127.11"
"2019-09-07 01:00","127.14"
"2019-09-07 01:15","127.02"
"2019-09-07 01:30","127.0"
"2019-09-07 01:45","126.89"
"2019-09-07 02:00","126.93"
"2019-09-07 02:15","127.21"
"2019-09-07 02:30","127.06"
"2019-09-07 02:45","127.06"
"2019-09-07 03:00","127.07"
"2019-09-07 03:15","127.15"
"2019-09-07 03:30","127.39"
"2019-09-07 03:45","127.23"
"2019-09-07 04:00","127.23"
"2019-09-07 04:15","127.14"
"2019-09-07 04:30","127.01"
"2019-09-07 04:45","127.09"
"2019-09-07 05:00","126.92"
"2019-09-07 05:15","126.93"
"2019-09-07 05:30","126.86"
"2019-09-07 05:45","127.05"
"2019-09-07 06:00","126.98"
"2019-09-07 06:15","126.69"
"2019-09-07 06:30","126.63"
"2019-09-07 06:45","126.63"
"2019-09-07 07:00","126.35"
"2019-09-07 07:15","126.7"
"2019-09-07 07:30","126.52"
"2019-09-07 07:45","126.43"
"2019-09-07 08:00","126.05"
"2019-09-07 08:15","126.05"
"2019-09-07 08:30","125.82"
"2019-09-07 08:45","125.44"
"2019-09-07 09:00","124.93"
"2019-09-07 09:15","124.93"
"2019-09-07 09:30","125.06"
"2019-09-07 09:45","125.04"
"2019-09-07 10:00","124.8"
"2019-09-07 10:15","125.23"
"2019-09-07 10:30","125.58"
"2019-09-07 10:45","125.39"
"2019-09-07 11:00","125.23"
"2019-09-07 11:15","125.27"
"2019-09-07 11:30","125.1"
"2019-09-07 11:45","125.25"
"2019-09-07 12:00","125.27"
"2019-09-07 12:15","123.75"
"2019-09-07 12:30","123.46"
"2019-09-07 12:45","123.53"
"2019-09-07 13:00","124.08"
"2019-09-07 13:15","124.05"
"2019-09-07 13:30","124.16"
"2019-09-07 13:45","124.22"
"2019-09-07 14:00","124.26"
"2019-09-07 14:15","124.43"
"2019-09-07 14:30","123.47"
"2019-09-07 14:45","123.45"
"2019-09-07 15:00","123.84"
"2019-09-07 15:15","123.13"
"2019-09-07 15:30","123.84"
"2019-09-07 15:45","124.0"
"2019-09-07 16:00","124.23"
"2019-09-07 16:15","123.72"
"2019-09-07 16:30","123.68"
"2019-09-07 16:45","124.66"
"2019-09-07 17:00","124.39"
"2019-09-07 17:15","124.12"
"2019-09-07 17:30","124.11"
"2019-09-07 17:45","123.89"
"2019-09-07 18:00","124.35"
"2019-09-07 18:15","124.46"
"2019-09-07 18:30","124.94"
"2019-09-07 18:45","124.83"
"2019-09-07 19:00","125.3"
"2019-09-07 19:15","125.14"
"2019-09-07 19:30","124.6"
"2019-09-07 19:45","124.17"
"2019-09-07 20:00","124.68"
"2019-09-07 20:15","124.61"
"2019-09-07 20:30","124.9"
"2019-09-07 20:45","124.82"
"2019-09-07 21:00","125.14"
"2019-09-07 21:15","125.48"
"2019-09-07 21:30","125.66"
"2019-09-07 21:45","126.79"
"2019-09-07 22:00","127.23"
"2019-09-07 22:15","127.15"
"2019-09-07 22:30","126.78"
"2019-09-07 22:45","126.74"
"2019-09-07 23:00","127.05"
"2019-09-07 23:15","127.16"
"2019-09-07 23:30","127.27"
"2019-09-07 23:45","127.2"
"2019-09-08 00:00","127.26"
"2019-09-08 00:15","127.04"
"2019-09-08 00:30","127.23"
"2019-09-08 00:45","127.43"
"2019-09-08 01:00","127.11"
"2019-09-08 01:15","127.35"
"2019-09-08 01:30","127.39"
"2019-09-08 01:45","127.48"
"2019-09-08 02:00","127.45"
"2019-09-08 02:15","127.46"
"2019-09-08 02:30","127.65"
"2019-09-08 02:45","127.56"
"2019-09-08 03:00","126.89"
"2019-09-08 03:15","126.93"
"2019-09-08 03:30","127.13"
"2019-09-08 03:45","127.16"
"2019-09-08 04:00","127.17"
"2019-09-08 04:15","127.01"
"2019-09-08 04:30","127.2"
"2019-09-08 04:45","127.26"
"2019-09-08 05:00","126.99"
"2019-09-08 05:15","127.1"
"2019-09-08 05:30","127.05"
"2019-09-08 05:45","127.13"
"2019-09-08 06:00","126.9"
"2019-09-08 06:15","126.75"
"2019-09-08 06:30","126.84"
"2019-09-08 06:45","126.7"
"2019-09-08 07:00","126.4"
"2019-09-08 07:15","126.64"
"2019-09-08 07:30","126.59"
"2019-09-08 07:45","126.56"
"2019-09-08 08:00","126.64"
"2019-09-08 08:15","126.66"
"2019-09-08 08:30","126.28"
"2019-09-08 08:45","125.75"
"2019-09-08 09:00","126.19"
"2019-09-08 09:15","125.79"
"2019-09-08 09:30","125.45"
"2019-09-08 09:45","124.59"
"2019-09-08 10:00","124.46"
"2019-09-08 10:15","124.58"
"2019-09-08 10:30","124.43"
"2019-09-08 10:45","124.13"
"2019-09-08 11:00","124.19"
"2019-09-08 11:15","124.18"
"2019-09-08 11:30","124.5"
"2019-09-08 11:45","124.88"
"2019-09-08 12:00","124.86"
"2019-09-08 12:15","124.16"
"2019-09-08 12:30","124.02"
"2019-09-08 12:45","124.52"
"2019-09-08 13:00","124.06"
"2019-09-08 13:15","123.27"
"2019-09-08 13:30","124.07"
"2019-09-08 13:45","124.53"
"2019-09-08 14:00","124.02"
"2019-09-08 14:15","124.41"
"2019-09-08 14:30","124.41"
"2019-09-08 14:45","123.6"
"2019-09-08 15:00","123.81"
"2019-09-08 15:15","122.86"
"2019-09-08 15:30","123.27"
"2019-09-08 15:45","123.18"
"2019-09-08 16:00","123.54"
"2019-09-08 16:15","123.2"
"2019-09-08 16:30","123.76"
"2019-09-08 16:45","124.06"
"2019-09-08 17:00","123.45"
"2019-09-08 17:15","123.99"
"2019-09-08 17:30","124.72"
"2019-09-08 17:45","124.87"
"2019-09-08 18:00","125.05"
"2019-09-08 18:15","124.71"
"2019-09-08 18:30","123.78"
"2019-09-08 18:45","123.77"
"2019-09-08 19:00","124.93"
"2019-09-08 19:15","123.51"
"2019-09-08 19:30","124.05"
"2019-09-08 19:45","124.03"
"2019-09-08 20:00","123.93"
"2019-09-08 20:15","124.37"
"2019-09-08 20:30","125.88"
"2019-09-08 20:45","125.36"
"2019-09-08 21:00","125.59"
"2019-09-08 21:15","126.28"
"2019-09-08 21:30","127.04"
"2019-09-08 21:45","126.93"
"2019-09-08 22:00","127.31"
"2019-09-08 22:15","127.24"
"2019-09-08 22:30","126.77"
"2019-09-08 22:45","126.21"
"2019-09-08 23:00","126.32"
"2019-09-08 23:15","126.64"
"2019-09-08 23:30","126.85"
"2019-09-08 23:45","127.06"
"2019-09-09 00:00","127.23"
"2019-09-09 00:15","127.09"
"2019-09-09 00:30","127.11"
"2019-09-09 00:45","127.25"
"2019-09-09 01:00","127.3"
"2019-09-09 01:15","127.39"
"2019-09-09 01:30","127.34"
"2019-09-09 01:45","127.41"
"2019-09-09 02:00","127.43"
"2019-09-09 02:15","127.42"
"2019-09-09 02:30","127.6"
"2019-09-09 02:45","127.25"
"2019-09-09 03:00","126.98"
"2019-09-09 03:15","126.79"
"2019-09-09 03:30","126.77"
"2019-09-09 03:45","126.8"
"2019-09-09 04:00","126.79"
"2019-09-09 04:15","126.49"
"2019-09-09 04:30","126.68"
"2019-09-09 04:45","126.51"
"2019-09-09 05:00","126.34"
"2019-09-09 05:15","126.36"
"2019-09-09 05:30","126.14"
"2019-09-09 05:45","126.17"
"2019-09-09 06:00","125.9"
"2019-09-09 06:15","125.35"
"2019-09-09 06:30","125.74"
"2019-09-09 06:45","125.81"
"2019-09-09 07:00","125.16"
"2019-09-09 07:15","125.4"
"2019-09-09 07:30","125.24"
"2019-09-09 07:45","125.19"
"2019-09-09 08:00","125.26"
"2019-09-09 08:15","125.63"
"2019-09-09 08:30","125.29"
"2019-09-09 08:45","125.28"
"2019-09-09 09:00","124.9"
"2019-09-09 09:15","125.46"
"2019-09-09 09:30","125.57"
"2019-09-09 09:45","125.56"
"2019-09-09 10:00","125.51"
"2019-09-09 10:15","125.8"
"2019-09-09 10:30","125.59"
"2019-09-09 10:45","125.8"
"2019-09-09 11:00","126.18"
"2019-09-09 11:15","126.06"
"2019-09-09 11:30","125.87"
"2019-09-09 11:45","125.88"
"2019-09-09 12:00","125.73"
"2019-09-09 12:15","125.63"
"2019-09-09 12:30","124.73"
"2019-09-09 12:45","124.84"
"2019-09-09 13:00","125.03"
"2019-09-09 13:15","124.61"
"2019-09-09 13:30","124.9"
"2019-09-09 13:45","124.83"
"2019-09-09 14:00","124.02"
"2019-09-09 14:15","124.68"
"2019-09-09 14:30","124.39"
"2019-09-09 14:45","124.3"
"2019-09-09 15:00","123.93"
"2019-09-09 15:15","124.12"
"2019-09-09 15:30","124.34"
"2019-09-09 15:45","124.61"
"2019-09-09 16:00","124.43"
"2019-09-09 16:15","124.69"
"2019-09-09 16:30","124.1"
"2019-09-09 16:45","124.86"
"2019-09-09 17:00","124.61"
"2019-09-09 17:15","124.64"
"2019-09-09 17:30","124.74"
"2019-09-09 17:45","125.34"
"2019-09-09 18:00","125.14"
"2019-09-09 18:15","125.35"
"2019-09-09 18:30","125.44"
"2019-09-09 18:45","125.11"
"2019-09-09 19:00","124.91"
"2019-09-09 19:15","124.61"
"2019-09-09 19:30","124.43"
"2019-09-09 19:45","124.69"
"2019-09-09 20:00","125.22"
"2019-09-09 20:15","125.57"
"2019-09-09 20:30","126.29"
"2019-09-09 20:45","126.01"
"2019-09-09 21:00","126.79"
"2019-09-09 21:15","126.82"
"2019-09-09 21:30","126.58"
"2019-09-09 21:45","126.69"
"2019-09-09 22:00","126.66"
"2019-09-09 22:15","126.77"
"2019-09-09 22:30","126.73"
"2019-09-09 22:45","126.83"
"2019-09-09 23:00","127.05"
"2019-09-09 23:15","127.1"
"2019-09-09 23:30","127.24"
"2019-09-09 23:45","127.35"
"2019-09-10 00:00","127.28"
"2019-09-10 00:15","127.51"
"2019-09-10 00:30","127.57"
"2019-09-10 00:45","127.46"
"2019-09-10 01:00","127.54"
"2019-09-10 01:15","127.52"
"2019-09-10 01:30","127.85"
"2019-09-10 01:45","127.68"
"2019-09-10 02:00","127.69"
"2019-09-10 02:15","127.72"
"2019-09-10 02:30","127.91"
"2019-09-10 02:45","127.53"
"2019-09-10 03:00","127.59"
"2019-09-10 03:15","127.82"
"2019-09-10 03:30","127.78"
"2019-09-10 03:45","127.86"
"2019-09-10 04:00","127.71"
"2019-09-10 04:15","127.79"
"2019-09-10 04:30","127.66"
"2019-09-10 04:45","127.75"
"2019-09-10 05:00","127.55"
"2019-09-10 05:15","127.29"
"2019-09-10 05:30","126.97"
"2019-09-10 05:45","126.84"
"2019-09-10 06:00","126.79"
"2019-09-10 06:15","126.52"
"2019-09-10 06:30","126.9"
"2019-09-10 06:45","126.75"
"2019-09-10 07:00","126.04"
"2019-09-10 07:15","125.85"
"2019-09-10 07:30","126.56"
"2019-09-10 07:45","126.34"
"2019-09-10 08:00","126.25"
"2019-09-10 08:15","126.57"
"2019-09-10 08:30","126.71"
"2019-09-10 08:45","126.45"
"2019-09-10 09:00","126.21"
"2019-09-10 09:15","125.93"
"2019-09-10 09:30","125.96"
"2019-09-10 09:45","125.77"
"2019-09-10 10:00","125.8"
"2019-09-10 10:15","125.75"
"2019-09-10 10:30","125.74"
"2019-09-10 10:45","125.23"
"2019-09-10 11:00","125.06"
"2019-09-10 11:15","125.3"
"2019-09-10 11:30","125.72"
"2019-09-10 11:45","125.17"
"2019-09-10 12:00","124.62"
"2019-09-10 12:15","124.3"
"2019-09-10 12:30","124.11"
"2019-09-10 12:45","124.15"
"2019-09-10 13:00","124.37"
"2019-09-10 13:15","124.04"
"2019-09-10 13:30","124.13"
"2019-09-10 13:45","124.07"
"2019-09-10 14:00","123.6"
"2019-09-10 14:15","123.83"
"2019-09-10 14:30","123.84"
"2019-09-10 14:45","123.28"
"2019-09-10 15:00","123.64"
"2019-09-10 15:15","123.7"
"2019-09-10 15:30","124.26"
"2019-09-10 15:45","124.01"
"2019-09-10 16:00","124.14"
"2019-09-10 16:15","124.8"
"2019-09-10 16:30","124.37"
"2019-09-10 16:45","124.52"
"2019-09-10 17:00","125.01"
"2019-09-10 17:15","124.78"
"2019-09-10 17:30","125.8"
"2019-09-10 17:45","125.94"
"2019-09-10 18:00","125.39"
"2019-09-10 18:15","125.4"
"2019-09-10 18:30","125.64"
"2019-09-10 18:45","125.69"
"2019-09-10 19:00","125.62"
"2019-09-10 19:15","125.24"
"2019-09-10 19:30","125.41"
"2019-09-10 19:45","125.88"
"2019-09-10 20:00","125.36"
"2019-09-10 20:15","126.26"
"2019-09-10 20:30","126.11"
"2019-09-10 20:45","125.92"
"2019-09-10 21:00","126.27"
"2019-09-10 21:15","126.35"
"2019-09-10 21:30","126.33"
"2019-09-10 21:45","126.14"
"2019-09-10 22:00","126.17"
"2019-09-10 22:15","126.28"
"2019-09-10 22:30","126.54"
"2019-09-10 22:45","126.75"
"2019-09-10 23:00","127.08"
"2019-09-10 23:15","127.2"
"2019-09-10 23:30","127.27"
"2019-09-10 23:45","127.27"
"2019-09-11 00:00","127.04"
"2019-09-11 00:15","127.21"
"2019-09-11 00:30","127.35"
"2019-09-11 00:45","127.44"
"2019-09-11 01:00","127.51"
"2019-09-11 01:15","127.43"
"2019-09-11 01:30","127.73"
"2019-09-11 01:45","127.74"
"2019-09-11 02:00","127.84"
"2019-09-11 02:15","127.88"
"2019-09-11 02:30","128.13"
"2019-09-11 02:45","128.09"
"2019-09-11 03:00","127.36"
"2019-09-11 03:15","127.31"
"2019-09-11 03:30","127.21"
"2019-09-11 03:45","127.12"
"2019-09-11 04:00","127.05"
"2019-09-11 04:15","127.18"
"2019-09-11 04:30","126.96"
"2019-09-11 04:45","127.04"
"2019-09-11 05:00","127.09"
"2019-09-11 05:15","127.15"
"2019-09-11 05:30","126.94"
"2019-09-11 05:45","126.85"
"2019-09-11 06:00","126.7"
"2019-09-11 06:15","126.37"
"2019-09-11 06:30","126.15"
"2019-09-11 06:45","125.7"
"2019-09-11 07:00","126.03"
"2019-09-11 07:15","126.15"
"2019-09-11 07:30","125.89"
"2019-09-11 07:45","125.69"
"2019-09-11 08:00","126.06"
"2019-09-11 08:15","125.53"
"2019-09-11 08:30","125.25"
"2019-09-11 08:45","125.44"
"2019-09-11 09:00","125.46"
"2019-09-11 09:15","125.66"
"2019-09-11 09:30","125.83"
"2019-09-11 09:45","126.08"
"2019-09-11 10:00","125.91"
"2019-09-11 10:15","125.73"
"2019-09-11 10:30","125.25"
"2019-09-11 10:45","125.06"
"2019-09-11 11:00","125.3"
"2019-09-11 11:15","125.05"
"2019-09-11 11:30","124.67"
"2019-09-11 11:45","124.56"
"2019-09-11 12:00","124.23"
"2019-09-11 12:15","123.72"
"2019-09-11 12:30","123.1"
"2019-09-11 12:45","123.71"
"2019-09-11 13:00","123.8"
"2019-09-11 13:15","123.69"
"2019-09-11 13:30","122.89"
"2019-09-11 13:45","122.72"
"2019-09-11 14:00","123.25"
"2019-09-11 14:15","123.55"
"2019-09-11 14:30","122.32"
"2019-09-11 14:45","122.9"
"2019-09-11 15:00","122.29"
"2019-09-11 15:15","123.22"
"2019-09-11 15:30","122.72"
"2019-09-11 15:45","122.13"
"2019-09-11 16:00","122.68"
"2019-09-11 16:15","123.37"
"2019-09-11 16:30","123.73"
"2019-09-11 16:45","123.87"
"2019-09-11 17:00","123.59"
"2019-09-11 17:15","123.91"
"2019-09-11 17:30","124.28"
"2019-09-11 17:45","124.99"
"2019-09-11 18:00","124.59"
"2019-09-11 18:15","124.33"
"2019-09-11 18:30","124.55"
"2019-09-11 18:45","124.9"
"2019-09-11 19:00","124.88"
"2019-09-11 19:15","125.3"
"2019-09-11 19:30","125.51"
"2019-09-11 19:45","125.25"
"2019-09-11 20:00","125.37"
"2019-09-11 20:15","126.04"
"2019-09-11 20:30","126.66"
"2019-09-11 20:45","127.14"
"2019-09-11 21:00","127.03"
"2019-09-11 21:15","126.64"
"2019-09-11 21:30","127.13"
"2019-09-11 21:45","127.42"
"2019-09-11 22:00","127.57"
"2019-09-11 22:15","127.28"
"2019-09-11 22:30","127.16"
"2019-09-11 22:45","127.55"
"2019-09-11 23:00","128.01"
"2019-09-11 23:15","128.06"
"2019-09-11 23:30","128.25"
"2019-09-11 23:45","128.3"
"2019-09-12 00:00","128.35"
"2019-09-12 00:15","128.44"
"2019-09-12 00:30","127.62"
"2019-09-12 00:45","127.11"
"2019-09-12 01:00","126.78"
"2019-09-12 01:15","127.32"
"2019-09-12 01:30","127.33"
"2019-09-12 01:45","127.4"
"2019-09-12 02:00","127.22"
"2019-09-12 02:15","127.29"
"2019-09-12 02:30","127.34"
"2019-09-12 02:45","127.63"
"2019-09-12 03:00","127.57"
"2019-09-12 03:15","127.3"
"2019-09-12 03:30","127.39"
"2019-09-12 03:45","127.26"
"2019-09-12 04:00","127.31"
"2019-09-12 04:15","127.29"
"2019-09-12 04:30","127.32"
"2019-09-12 04:45","127.39"
"2019-09-12 05:00","127.26"
"2019-09-12 05:15","126.98"
"2019-09-12 05:30","126.89"
"2019-09-12 05:45","127.09"
"2019-09-12 06:00","126.82"
"2019-09-12 06:15","126.77"
"2019-09-12 06:30","126.41"
"2019-09-12 06:45","126.47"
"2019-09-12 07:00","125.81"
"2019-09-12 07:15","125.33"
"2019-09-12 07:30","124.93"
"2019-09-12 07:45","125.38"
"2019-09-12 08:00","123.85"
"2019-09-12 08:15","124.52"
"2019-09-12 08:30","125.13"
"2019-09-12 08:45","125.26"
"2019-09-12 09:00","124.26"
"2019-09-12 09:15","123.57"
"2019-09-12 09:30","123.86"
"2019-09-12 09:45","123.76"
"2019-09-12 10:00","123.65"
"2019-09-12 10:15","124.22"
"2019-09-12 10:30","124.5"
"2019-09-12 10:45","124.41"
"2019-09-12 11:00","124.21"
"2019-09-12 11:15","124.07"
"2019-09-12 11:30","124.1"
"2019-09-12 11:45","124.09"
"2019-09-12 12:00","123.73"
"2019-09-12 12:15","123.76"
"2019-09-12 12:30","123.66"
"2019-09-12 12:45","123.71"
"2019-09-12 13:00","123.9"
"2019-09-12 13:15","123.75"
"2019-09-12 13:30","123.57"
"2019-09-12 13:45","123.17"
"2019-09-12 14:00","123.2"
"2019-09-12 14:15","123.11"
"2019-09-12 14:30","122.55"
"2019-09-12 14:45","122.65"
"2019-09-12 15:00","122.9"
"2019-09-12 15:15","123.04"
"2019-09-12 15:30","123.39"
"2019-09-12 15:45","124.28"
"2019-09-12 16:00","123.44"
"2019-09-12 16:15","123.38"
"2019-09-12 16:30","123.67"
"2019-09-12 16:45","123.73"
"2019-09-12 17:00","124.26"
"2019-09-12 17:15","124.76"
"2019-09-12 17:30","125.08"
"2019-09-12 17:45","124.88"
"2019-09-12 18:00","124.45"
"2019-09-12 18:15","124.84"
"2019-09-12 18:30","125.32"
"2019-09-12 18:45","125.01"
"2019-09-12 19:00","125.7"
"2019-09-12 19:15","125.13"
"2019-09-12 19:30","124.66"
"2019-09-12 19:45","124.7"
"2019-09-12 20:00","125.15"
"2019-09-12 20:15","125.18"
"2019-09-12 20:30","125.12"
"2019-09-12 20:45","125.31"
"2019-09-12 21:00","126.51"
"2019-09-12 21:15","126.89"
"2019-09-12 21:30","127.01"
"2019-09-12 21:45","127.08"
"2019-09-12 22:00","126.89"
"2019-09-12 22:15","126.84"
"2019-09-12 22:30","126.97"
"2019-09-12 22:45","127.19"
"2019-09-12 23:00","127.36"
"2019-09-12 23:15","127.12"
"2019-09-12 23:30","127.27"
"2019-09-12 23:45","127.34"
"2019-09-13 00:00","127.14"
"2019-09-13 00:15","127.19"
"2019-09-13 00:30","127.44"
"2019-09-13 00:45","127.29"
"2019-09-13 01:00","127.31"
"2019-09-13 01:15","127.26"
"2019-09-13 01:30","127.51"
"2019-09-13 01:45","127.38"
"2019-09-13 02:00","127.29"
"2019-09-13 02:15","127.55"
"2019-09-13 02:30","127.54"
"2019-09-13 02:45","127.47"
"2019-09-13 03:00","127.46"
"2019-09-13 03:15","127.47"
"2019-09-13 03:30","127.57"
"2019-09-13 03:45","127.56"
"2019-09-13 04:00","127.43"
"2019-09-13 04:15","127.5"
"2019-09-13 04:30","127.56"
"2019-09-13 04:45","127.47"
"2019-09-13 05:00","127.41"
"2019-09-13 05:15","127.37"
"2019-09-13 05:30","127.2"
"2019-09-13 05:45","127.28"
"2019-09-13 06:00","126.77"
"2019-09-13 06:15","126.52"
"2019-09-13 06:30","126.86"
"2019-09-13 06:45","126.79"
"2019-09-13 07:00","126.46"
"2019-09-13 07:15","126.38"
"2019-09-13 07:30","126.41"
"2019-09-13 07:45","126.27"
"2019-09-13 08:00","125.6"
"2019-09-13 08:15","124.99"
"2019-09-13 08:30","124.8"
"2019-09-13 08:45","124.84"
"2019-09-13 09:00","124.55"
"2019-09-13 09:15","125.14"
"2019-09-13 09:30","125.64"
"2019-09-13 09:45","125.8"
"2019-09-13 10:00","125.55"
"2019-09-13 10:15","125.32"
"2019-09-13 10:30","125.3"
"2019-09-13 10:45","124.86"
"2019-09-13 11:00","124.94"
"2019-09-13 11:15","124.88"
"2019-09-13 11:30","124.93"
"2019-09-13 11:45","124.28"
"2019-09-13 12:00","124.13"
"2019-09-13 12:15","123.84"
"2019-09-13 12:30","123.66"
"2019-09-13 12:45","123.79"
"2019-09-13 13:00","123.77"
"2019-09-13 13:15","123.6"
"2019-09-13 13:30","123.27"
"2019-09-13 13:45","123.86"
"2019-09-13 14:00","124.01"
"2019-09-13 14:15","123.55"
"2019-09-13 14:30","124.01"
"2019-09-13 14:45","124.11"
"2019-09-13 15:00","124.0"
"2019-09-13 15:15","123.7"
"2019-09-13 15:30","123.77"
"2019-09-13 15:45","123.89"
"2019-09-13 16:00","123.86"
"2019-09-13 16:15","123.49"
"2019-09-13 16:30","123.82"
"2019-09-13 16:45","124.55"
"2019-09-13 17:00","124.41"
"2019-09-13 17:15","125.04"
"2019-09-13 17:30","124.98"
"2019-09-13 17:45","125.07"
"2019-09-13 18:00","125.23"
"2019-09-13 18:15","125.28"
"2019-09-13 18:30","124.64"
"2019-09-13 18:45","124.99"
"2019-09-13 19:00","124.74"
"2019-09-13 19:15","124.93"
"2019-09-13 19:30","125.78"
"2019-09-13 19:45","125.2"
"2019-09-13 20:00","124.92"
"2019-09-13 20:15","124.89"
"2019-09-13 20:30","125.69"
"2019-09-13 20:45","126.18"
"2019-09-13 21:00","126.16"
"2019-09-13 21:15","126.53"
"2019-09-13 21:30","127.35"
"2019-09-13 21:45","126.89"
"2019-09-13 22:00","126.74"
"2019-09-13 22:15","126.95"
"2019-09-13 22:30","126.98"
"2019-09-13 22:45","127.06"
"2019-09-13 23:00","127.13"
"2019-09-13 23:15","127.19"
"2019-09-13 23:30","127.44"
"2019-09-13 23:45","127.3"
"2019-09-14 00:00","127.45"
"2019-09-14 00:15","127.57"
"2019-09-14 00:30","127.65"
"2019-09-14 00:45","127.46"
"2019-09-14 01:00","127.43"
"2019-09-14 01:15","127.53"
"2019-09-14 01:30","127.24"
"2019-09-14 01:45","127.04"
"2019-09-14 02:00","126.93"
"2019-09-14 02:15","126.86"
"2019-09-14 02:30","126.9"
"2019-09-14 02:45","127.07"
"2019-09-14 03:00","126.99"
"2019-09-14 03:15","127.05"
"2019-09-14 03:30","126.98"
"2019-09-14 03:45","127.08"
"2019-09-14 04:00","127.12"
"2019-09-14 04:15","127.12"
"2019-09-14 04:30","127.0"
"2019-09-14 04:45","126.93"
"2019-09-14 05:00","127.05"
"2019-09-14 05:15","127.11"
"2019-09-14 05:30","127.04"
"2019-09-14 05:45","126.99"
"2019-09-14 06:00","126.9"
"2019-09-14 06:15","126.76"
"2019-09-14 06:30","126.58"
"2019-09-14 06:45","126.44"
"2019-09-14 07:00","126.16"
"2019-09-14 07:15","126.08"
"2019-09-14 07:30","126.01"
"2019-09-14 07:45","125.91"
"2019-09-14 08:00","126.44"
"2019-09-14 08:15","126.17"
"2019-09-14 08:30","125.81"
"2019-09-14 08:45","125.77"
"2019-09-14 09:00","125.72"
"2019-09-14 09:15","125.34"
"2019-09-14 09:30","125.08"
"2019-09-14 09:45","124.53"
"2019-09-14 10:00","125.1"
"2019-09-14 10:15","125.39"
"2019-09-14 10:30","125.18"
"2019-09-14 10:45","125.11"
"2019-09-14 11:00","125.41"
"2019-09-14 11:15","125.18"
"2019-09-14 11:30","124.72"
"2019-09-14 11:45","124.64"
"2019-09-14 12:00","124.5"
"2019-09-14 12:15","124.27"
"2019-09-14 12:30","124.42"
"2019-09-14 12:45","124.08"
"2019-09-14 13:00","124.37"
"2019-09-14 13:15","124.3"
"2019-09-14 13:30","124.78"
"2019-09-14 13:45","124.69"
"2019-09-14 14:00","124.66"
"2019-09-14 14:15","124.41"
"2019-09-14 14:30","124.9"
"2019-09-14 14:45","124.27"
"2019-09-14 15:00","124.76"
"2019-09-14 15:15","124.13"
"2019-09-14 15:30","123.97"
"2019-09-14 15:45","124.43"
"2019-09-14 16:00","124.12"
"2019-09-14 16:15","124.08"
"2019-09-14 16:30","124.41"
"2019-09-14 16:45","124.15"
"2019-09-14 17:00","123.93"
"2019-09-14 17:15","124.46"
"2019-09-14 17:30","123.82"
"2019-09-14 17:45","124.06"
"2019-09-14 18:00","124.88"
"2019-09-14 18:15","124.93"
"2019-09-14 18:30","124.68"
"2019-09-14 18:45","124.62"
"2019-09-14 19:00","124.9"
"2019-09-14 19:15","125.08"
"2019-09-14 19:30","124.58"
"2019-09-14 19:45","124.01"
"2019-09-14 20:00","124.25"
"2019-09-14 20:15","124.17"
"2019-09-14 20:30","124.66"
"2019-09-14 20:45","124.57"
"2019-09-14 21:00","125.39"
"2019-09-14 21:15","125.54"
"2019-09-14 21:30","126.35"
"2019-09-14 21:45","126.94"
"2019-09-14 22:00","127.07"
"2019-09-14 22:15","127.1"
"2019-09-14 22:30","127.05"
"2019-09-14 22:45","127.02"
"2019-09-14 23:00","127.19"
"2019-09-14 23:15","127.46"
"2019-09-14 23:30","127.6"
"2019-09-14 23:45","127.49"
"2019-09-15 00:00","127.33"
"2019-09-15 00:15","127.6"
"2019-09-15 00:30","127.75"
"2019-09-15 00:45","127.8"
"2019-09-15 01:00","127.6"
"2019-09-15 01:15","127.85"
"2019-09-15 01:30","127.86"
"2019-09-15 01:45","127.64"
"2019-09-15 02:00","127.53"
"2019-09-15 02:15","127.64"
"2019-09-15 02:30","127.71"
"2019-09-15 02:45","127.62"
"2019-09-15 03:00","127.52"
"2019-09-15 03:15","127.77"
"2019-09-15 03:30","127.65"
"2019-09-15 03:45","127.43"
"2019-09-15 04:00","127.29"
"2019-09-15 04:15","127.49"
"2019-09-15 04:30","127.59"
"2019-09-15 04:45","127.41"
"2019-09-15 05:00","127.36"
"2019-09-15 05:15","127.67"
"2019-09-15 05:30","127.56"
"2019-09-15 05:45","127.67"
"2019-09-15 06:00","127.79"
"2019-09-15 06:15","127.6"
"2019-09-15 06:30","127.52"
"2019-09-15 06:45","127.32"
"2019-09-15 07:00","127.34"
"2019-09-15 07:15","127.16"
"2019-09-15 07:30","127.19"
"2019-09-15 07:45","126.9"
"2019-09-15 08:00","126.78"
"2019-09-15 08:15","126.63"
"2019-09-15 08:30","126.55"
"2019-09-15 08:45","126.56"
"2019-09-15 09:00","126.84"
"2019-09-15 09:15","126.63"
"2019-09-15 09:30","126.6"
"2019-09-15 09:45","126.23"
"2019-09-15 10:00","126.3"
"2019-09-15 10:15","126.34"
"2019-09-15 10:30","126.46"
"2019-09-15 10:45","126.03"
"2019-09-15 11:00","126.0"
"2019-09-15 11:15","125.99"
"2019-09-15 11:30","125.9"
"2019-09-15 11:45","126.02"
"2019-09-15 12:00","126.25"
"2019-09-15 12:15","125.97"
"2019-09-15 12:30","125.46"
"2019-09-15 12:45","125.38"
"2019-09-15 13:00","125.09"
"2019-09-15 13:15","124.59"
"2019-09-15 13:30","124.15"
"2019-09-15 13:45","124.92"
"2019-09-15 14:00","124.79"
"2019-09-15 14:15","125.19"
"2019-09-15 14:30","124.94"
"2019-09-15 14:45","125.04"
"2019-09-15 15:00","124.32"
"2019-09-15 15:15","124.21"
"2019-09-15 15:30","124.28"
"2019-09-15 15:45","123.79"
"2019-09-15 16:00","124.23"
"2019-09-15 16:15","124.15"
"2019-09-15 16:30","124.32"
"2019-09-15 16:45","124.81"
"2019-09-15 17:00","125.03"
"2019-09-15 17:15","125.33"
"2019-09-15 17:30","125.39"
"2019-09-15 17:45","125.23"
"2019-09-15 18:00","124.77"
"2019-09-15 18:15","125.09"
"2019-09-15 18:30","124.94"
"2019-09-15 18:45","125.03"
"2019-09-15 19:00","124.6"
"2019-09-15 19:15","125.23"
"2019-09-15 19:30","124.75"
"2019-09-15 19:45","124.94"
"2019-09-15 20:00","125.78"
"2019-09-15 20:15","126.28"
"2019-09-15 20:30","125.77"
"2019-09-15 20:45","126.14"
"2019-09-15 21:00","127.1"
"2019-09-15 21:15","126.87"
"2019-09-15 21:30","126.84"
"2019-09-15 21:45","126.69"
"2019-09-15 22:00","126.62"
"2019-09-15 22:15","126.94"
"2019-09-15 22:30","127.11"
"2019-09-15 22:45","127.12"
"2019-09-15 23:00","127.29"
"2019-09-15 23:15","127.47"
"2019-09-15 23:30","127.44"
"2019-09-15 23:45","127.52"
"2019-09-16 00:00","127.16"
"2019-09-16 00:15","127.34"
"2019-09-16 00:30","127.4"
"2019-09-16 00:45","127.51"
"2019-09-16 01:00","127.3"
"2019-09-16 01:15","127.37"
"2019-09-16 01:30","127.6"
"2019-09-16 01:45","127.55"
"2019-09-16 02:00","127.36"
"2019-09-16 02:15","127.37"
"2019-09-16 02:30","127.59"
"2019-09-16 02:45","127.47"
"2019-09-16 03:00","127.37"
"2019-09-16 03:15","127.46"
"2019-09-16 03:30","127.61"
"2019-09-16 03:45","127.76"
"2019-09-16 04:00","127.34"
"2019-09-16 04:15","127.44"
"2019-09-16 04:30","127.58"
"2019-09-16 04:45","127.46"
"2019-09-16 05:00","127.47"
"2019-09-16 05:15","127.57"
"2019-09-16 05:30","127.48"
"2019-09-16 05:45","127.65"
"2019-09-16 06:00","127.52"
"2019-09-16 06:15","127.54"
"2019-09-16 06:30","127.28"
"2019-09-16 06:45","127.19"
"2019-09-16 07:00","126.71"
"2019-09-16 07:15","126.93"
"2019-09-16 07:30","126.56"
"2019-09-16 07:45","126.35"
"2019-09-16 08:00","126.79"
"2019-09-16 08:15","126.23"
"2019-09-16 08:30","125.66"
"2019-09-16 08:45","125.83"
"2019-09-16 09:00","126.19"
"2019-09-16 09:15","126.25"
"2019-09-16 09:30","126.23"
"2019-09-16 09:45","126.05"
"2019-09-16 10:00","125.84"
"2019-09-16 10:15","125.9"
"2019-09-16 10:30","125.83"
"2019-09-16 10:45","125.32"
"2019-09-16 11:00","125.55"
"2019-09-16 11:15","125.66"
"2019-09-16 11:30","125.19"
"2019-09-16 11:45","124.83"
"2019-09-16 12:00","125.59"
"2019-09-16 12:15","125.13"
"2019-09-16 12:30","125.09"
"2019-09-16 12:45","125.01"
"2019-09-16 13:00","124.79"
"2019-09-16 13:15","124.51"
"2019-09-16 13:30","124.84"
"2019-09-16 13:45","125.61"
"2019-09-16 14:00","124.92"
"2019-09-16 14:15","125.07"
"2019-09-16 14:30","125.04"
"2019-09-16 14:45","125.04"
"2019-09-16 15:00","124.64"
"2019-09-16 15:15","124.64"
"2019-09-16 15:30","124.8"
"2019-09-16 15:45","124.25"
"2019-09-16 16:00","123.95"
"2019-09-16 16:15","124.29"
"2019-09-16 16:30","124.82"
"2019-09-16 16:45","124.25"
"2019-09-16 17:00","124.06"
"2019-09-16 17:15","124.32"
"2019-09-16 17:30","124.65"
"2019-09-16 17:45","125.46"
"2019-09-16 18:00","125.49"
"2019-09-16 18:15","124.34"
"2019-09-16 18:30","125.13"
"2019-09-16 18:45","124.9"
"2019-09-16 19:00","124.9"
"2019-09-16 19:15","124.8"
"2019-09-16 19:30","124.64"
"2019-09-16 19:45","125.76"
"2019-09-16 20:00","125.66"
"2019-09-16 20:15","125.96"
"2019-09-16 20:30","126.19"
"2019-09-16 20:45","125.99"
"2019-09-16 21:00","126.53"
"2019-09-16 21:15","126.88"
"2019-09-16 21:30","126.82"
"2019-09-16 21:45","127.14"
"2019-09-16 22:00","126.74"
"2019-09-16 22:15","126.83"
"2019-09-16 22:30","126.99"
"2019-09-16 22:45","127.04"
"2019-09-16 23:00","126.8"
"2019-09-16 23:15","127.09"
"2019-09-16 23:30","127.12"
"2019-09-16 23:45","127.25"
"2019-09-17 00:00","126.57"
"2019-09-17 00:15","126.7"
"2019-09-17 00:30","126.63"
"2019-09-17 00:45","126.94"
"2019-09-17 01:00","126.74"
"2019-09-17 01:15","126.83"
"2019-09-17 01:30","126.8"
"2019-09-17 01:45","126.83"
"2019-09-17 02:00","126.96"
"2019-09-17 02:15","126.84"
"2019-09-17 02:30","126.93"
"2019-09-17 02:45","126.97"
"2019-09-17 03:00","126.82"
"2019-09-17 03:15","126.92"
"2019-09-17 03:30","126.98"
"2019-09-17 03:45","126.86"
"2019-09-17 04:00","126.7"
"2019-09-17 04:15","126.76"
"2019-09-17 04:30","126.66"
"2019-09-17 04:45","126.61"
"2019-09-17 05:00","126.33"
"2019-09-17 05:15","126.18"
"2019-09-17 05:30","126.19"
"2019-09-17 05:45","126.11"
"2019-09-17 06:00","125.8"
"2019-09-17 06:15","125.75"
"2019-09-17 06:30","125.82"
"2019-09-17 06:45","125.78"
"2019-09-17 07:00","125.39"
"2019-09-17 07:15","125.06"
"2019-09-17 07:30","125.1"
"2019-09-17 07:45","124.97"
"2019-09-17 08:00","124.17"
"2019-09-17 08:15","124.23"
"2019-09-17 08:30","124.61"
"2019-09-17 08:45","125.54"
"2019-09-17 09:00","125.56"
"2019-09-17 09:15","125.3"
"2019-09-17 09:30","124.59"
"2019-09-17 09:45","124.82"
"2019-09-17 10:00","124.62"
"2019-09-17 10:15","124.49"
"2019-09-17 10:30","124.63"
"2019-09-17 10:45","124.72"
"2019-09-17 11:00","124.77"
"2019-09-17 11:15","124.63"
"2019-09-17 11:30","124.75"
"2019-09-17 11:45","124.83"
"2019-09-17 12:00","124.75"
"2019-09-17 12:15","124.14"
"2019-09-17 12:30","124.19"
"2019-09-17 12:45","124.56"
"2019-09-17 13:00","124.21"
"2019-09-17 13:15","123.64"
"2019-09-17 13:30","123.61"
"2019-09-17 13:45","123.26"
"2019-09-17 14:00","123.37"
"2019-09-17 14:15","123.15"
"2019-09-17 14:30","123.32"
"2019-09-17 14:45","122.64"
"2019-09-17 15:00","122.28"
"2019-09-17 15:15","122.56"
"2019-09-17 15:30","122.87"
"2019-09-17 15:45","122.9"
"2019-09-17 16:00","122.96"
"2019-09-17 16:15","123.49"
"2019-09-17 16:30","123.72"
"2019-09-17 16:45","123.37"
"2019-09-17 17:00","123.79"
"2019-09-17 17:15","123.68"
"2019-09-17 17:30","123.5"
"2019-09-17 17:45","123.43"
"2019-09-17 18:00","124.27"
"2019-09-17 18:15","123.9"
"2019-09-17 18:30","124.58"
"2019-09-17 18:45","125.37"
"2019-09-17 19:00","125.04"
"2019-09-17 19:15","124.92"
"2019-09-17 19:30","124.52"
"2019-09-17 19:45","125.45"
"2019-09-17 20:00","126.02"
"2019-09-17 20:15","125.97"
"2019-09-17 20:30","126.16"
"2019-09-17 20:45","126.75"
"2019-09-17 21:00","127.04"
"2019-09-17 21:15","127.0"
"2019-09-17 21:30","126.95"
"2019-09-17 21:45","126.92"
"2019-09-17 22:00","127.22"
"2019-09-17 22:15","127.15"
"2019-09-17 22:30","127.24"
"2019-09-17 22:45","127.33"
"2019-09-17 23:00","127.26"
"2019-09-17 23:15","127.47"
"2019-09-17 23:30","127.3"
"2019-09-17 23:45","127.56"
"2019-09-18 00:00","127.46"
"2019-09-18 00:15","127.6"
"2019-09-18 00:30","127.65"
"2019-09-18 00:45","127.65"
"2019-09-18 01:00","127.74"
"2019-09-18 01:15","127.82"
"2019-09-18 01:30","127.59"
"2019-09-18 01:45","127.81"
"2019-09-18 02:00","127.74"
"2019-09-18 02:15","127.93"
"2019-09-18 02:30","127.8"
"2019-09-18 02:45","127.7"
"2019-09-18 03:00","127.87"
"2019-09-18 03:15","127.81"
"2019-09-18 03:30","127.9"
"2019-09-18 03:45","127.88"
"2019-09-18 04:00","127.79"
"2019-09-18 04:15","127.8"
"2019-09-18 04:30","127.77"
"2019-09-18 04:45","127.63"
"2019-09-18 05:00","127.48"
"2019-09-18 05:15","127.38"
"2019-09-18 05:30","127.35"
"2019-09-18 05:45","127.29"
"2019-09-18 06:00","127.24"
"2019-09-18 06:15","126.98"
"2019-09-18 06:30","127.16"
"2019-09-18 06:45","127.28"
"2019-09-18 07:00","127.28"
"2019-09-18 07:15","126.96"
"2019-09-18 07:30","126.54"
"2019-09-18 07:45","126.31"
"2019-09-18 08:00","126.04"
"2019-09-18 08:15","125.5"
"2019-09-18 08:30","125.43"
"2019-09-18 08:45","125.85"
"2019-09-18 09:00","126.01"
"2019-09-18 09:15","126.39"
"2019-09-18 09:30","125.95"
"2019-09-18 09:45","126.28"
"2019-09-18 10:00","125.9"
"2019-09-18 10:15","125.84"
"2019-09-18 10:30","126.09"
"2019-09-18 10:45","125.92"
"2019-09-18 11:00","126.09"
"2019-09-18 11:15","125.88"
"2019-09-18 11:30","125.68"
"2019-09-18 11:45","125.75"
"2019-09-18 12:00","125.98"
"2019-09-18 12:15","125.53"
"2019-09-18 12:30","124.71"
"2019-09-18 12:45","124.52"
"2019-09-18 13:00","124.68"
"2019-09-18 13:15","123.98"
"2019-09-18 13:30","123.71"
"2019-09-18 13:45","123.9"
"2019-09-18 14:00","123.73"
"2019-09-18 14:15","123.69"
"2019-09-18 14:30","124.23"
"2019-09-18 14:45","123.77"
"2019-09-18 15:00","123.83"
"2019-09-18 15:15","123.92"
"2019-09-18 15:30","123.69"
"2019-09-18 15:45","123.76"
"2019-09-18 16:00","124.05"
"2019-09-18 16:15","124.17"
"2019-09-18 16:30","124.53"
"2019-09-18 16:45","124.09"
"2019-09-18 17:00","125.08"
"2019-09-18 17:15","125.14"
"2019-09-18 17:30","125.44"
"2019-09-18 17:45","124.81"
"2019-09-18 18:00","124.95"
"2019-09-18 18:15","125.28"
"2019-09-18 18:30","125.75"
"2019-09-18 18:45","124.98"
"2019-09-18 19:00","125.74"
"2019-09-18 19:15","126.1"
"2019-09-18 19:30","125.71"
"2019-09-18 19:45","126.41"
"2019-09-18 20:00","125.85"
"2019-09-18 20:15","126.8"
"2019-09-18 20:30","127.58"
"2019-09-18 20:45","127.72"
"2019-09-18 21:00","128.27"
"2019-09-18 21:15","128.3"
"2019-09-18 21:30","128.38"
"2019-09-18 21:45","128.63"
"2019-09-18 22:00","128.72"
"2019-09-18 22:15","127.61"
"2019-09-18 22:30","126.68"
"2019-09-18 22:45","127.03"
"2019-09-18 23:00","126.68"
"2019-09-18 23:15","126.86"
"2019-09-18 23:30","127.01"
"2019-09-18 23:45","127.02"
"2019-09-19 00:00","127.02"
"2019-09-19 00:15","127.21"
"2019-09-19 00:30","127.06"
"2019-09-19 00:45","127.08"
"2019-09-19 01:00","126.97"
"2019-09-19 01:15","127.25"
"2019-09-19 01:30","127.42"
"2019-09-19 01:45","127.28"
"2019-09-19 02:00","127.34"
"2019-09-19 02:15","127.38"
"2019-09-19 02:30","127.32"
"2019-09-19 02:45","127.35"
"2019-09-19 03:00","127.44"
"2019-09-19 03:15","127.3"
"2019-09-19 03:30","127.31"
"2019-09-19 03:45","127.35"
"2019-09-19 04:00","127.36"
"2019-09-19 04:15","127.51"
"2019-09-19 04:30","127.38"
"2019-09-19 04:45","127.48"
"2019-09-19 05:00","127.37"
"2019-09-19 05:15","127.23"
"2019-09-19 05:30","127.07"
"2019-09-19 05:45","127.22"
"2019-09-19 06:00","127.01"
"2019-09-19 06:15","126.72"
"2019-09-19 06:30","126.64"
"2019-09-19 06:45","126.41"
"2019-09-19 07:00","125.91"
"2019-09-19 07:15","125.94"
"2019-09-19 07:30","125.88"
"2019-09-19 07:45","125.53"
"2019-09-19 08:00","125.09"
"2019-09-19 08:15","124.36"
"2019-09-19 08:30","124.13"
"2019-09-19 08:45","124.48"
"2019-09-19 09:00","124.96"
"2019-09-19 09:15","124.74"
"2019-09-19 09:30","124.56"
"2019-09-19 09:45","125.18"
"2019-09-19 10:00","125.92"
"2019-09-19 10:15","125.47"
"2019-09-19 10:30","124.85"
"2019-09-19 10:45","124.27"
"2019-09-19 11:00","123.93"
"2019-09-19 11:15","124.12"
"2019-09-19 11:30","124.29"
"2019-09-19 11:45","123.74"
"2019-09-19 12:00","124.07"
"2019-09-19 12:15","123.91"
"2019-09-19 12:30","123.96"
"2019-09-19 12:45","124.37"
"2019-09-19 13:00","123.49"
"2019-09-19 13:15","123.05"
"2019-09-19 13:30","123.15"
"2019-09-19 13:45","124.07"
"2019-09-19 14:00","123.75"
"2019-09-19 14:15","123.86"
"2019-09-19 14:30","124.16"
"2019-09-19 14:45","123.97"
"2019-09-19 15:00","123.86"
"2019-09-19 15:15","123.55"
"2019-09-19 15:30","123.68"
"2019-09-19 15:45","124.31"
"2019-09-19 16:00","124.16"
"2019-09-19 16:15","124.16"
"2019-09-19 16:30","123.7"
"2019-09-19 16:45","124.14"
"2019-09-19 17:00","124.59"
"2019-09-19 17:15","124.52"
"2019-09-19 17:30","125.34"
"2019-09-19 17:45","124.69"
"2019-09-19 18:00","125.13"
"2019-09-19 18:15","124.37"
"2019-09-19 18:30","124.84"
"2019-09-19 18:45","124.76"
"2019-09-19 19:00","124.94"
"2019-09-19 19:15","124.82"
"2019-09-19 19:30","124.66"
"2019-09-19 19:45","124.71"
"2019-09-19 20:00","125.63"
"2019-09-19 20:15","126.42"
"2019-09-19 20:30","125.89"
"2019-09-19 20:45","126.13"
"2019-09-19 21:00","126.81"
"2019-09-19 21:15","126.87"
"2019-09-19 21:30","126.99"
"2019-09-19 21:45","126.89"
"2019-09-19 22:00","126.56"
"2019-09-19 22:15","126.5"
"2019-09-19 22:30","126.86"
"2019-09-19 22:45","126.83"
"2019-09-19 23:00","127.05"
"2019-09-19 23:15","126.88"
"2019-09-19 23:30","127.05"
"2019-09-19 23:45","127.25"
"2019-09-20 00:00","127.39"
"2019-09-20 00:15","127.53"
"2019-09-20 00:30","127.44"
"2019-09-20 00:45","127.51"
"2019-09-20 01:00","127.62"
"2019-09-20 01:15","127.41"
"2019-09-20 01:30","127.42"
"2019-09-20 01:45","127.37"
"2019-09-20 02:00","127.33"
"2019-09-20 02:15","127.35"
"2019-09-20 02:30","127.43"
"2019-09-20 02:45","127.32"
"2019-09-20 03:00","127.28"
"2019-09-20 03:15","127.35"
"2019-09-20 03:30","127.26"
"2019-09-20 03:45","127.38"
"2019-09-20 04:00","127.33"
"2019-09-20 04:15","127.35"
"2019-09-20 04:30","127.41"
"2019-09-20 04:45","127.29"
"2019-09-20 05:00","127.23"
"2019-09-20 05:15","127.52"
"2019-09-20 05:30","127.36"
"2019-09-20 05:45","127.13"
"2019-09-20 06:00","126.81"
"2019-09-20 06:15","126.69"
"2019-09-20 06:30","126.92"
"2019-09-20 06:45","126.97"
"2019-09-20 07:00","126.64"
"2019-09-20 07:15","126.91"
"2019-09-20 07:30","126.4"
"2019-09-20 07:45","126.05"
"2019-09-20 08:00","125.24"
"2019-09-20 08:15","124.29"
"2019-09-20 08:30","125.31"
"2019-09-20 08:45","125.38"
"2019-09-20 09:00","125.5"
"2019-09-20 09:15","125.49"
"2019-09-20 09:30","125.39"
"2019-09-20 09:45","125.01"
"2019-09-20 10:00","124.64"
"2019-09-20 10:15","124.42"
"2019-09-20 10:30","124.29"
"2019-09-20 10:45","124.61"
"2019-09-20 11:00","124.38"
"2019-09-20 11:15","124.45"
"2019-09-20 11:30","124.15"
"2019-09-20 11:45","124.27"
"2019-09-20 12:00","123.82"
"2019-09-20 12:15","124.17"
"2019-09-20 12:30","123.85"
"2019-09-20 12:45","124.14"
"2019-09-20 13:00","123.44"
"2019-09-20 13:15","123.27"
"2019-09-20 13:30","123.61"
"2019-09-20 13:45","123.77"
"2019-09-20 14:00","123.05"
"2019-09-20 14:15","122.84"
"2019-09-20 14:30","122.28"
"2019-09-20 14:45","122.19"
"2019-09-20 15:00","122.55"
"2019-09-20 15:15","122.26"
"2019-09-20 15:30","122.66"
"2019-09-20 15:45","122.86"
"2019-09-20 16:00","122.33"
"2019-09-20 16:15","122.73"
"2019-09-20 16:30","123.2"
"2019-09-20 16:45","123.24"
"2019-09-20 17:00","124.09"
"2019-09-20 17:15","124.28"
"2019-09-20 17:30","123.68"
"2019-09-20 17:45","124.48"
"2019-09-20 18:00","124.74"
"2019-09-20 18:15","124.99"
"2019-09-20 18:30","124.83"
"2019-09-20 18:45","125.08"
"2019-09-20 19:00","125.43"
"2019-09-20 19:15","124.76"
"2019-09-20 19:30","124.68"
"2019-09-20 19:45","124.92"
"2019-09-20 20:00","125.03"
"2019-09-20 20:15","124.49"
"2019-09-20 20:30","124.57"
"2019-09-20 20:45","126.12"
"2019-09-20 21:00","126.15"
"2019-09-20 21:15","126.77"
"2019-09-20 21:30","126.94"
"2019-09-20 21:45","126.86"
"2019-09-20 22:00","126.98"
"2019-09-20 22:15","127.08"
"2019-09-20 22:30","127.33"
"2019-09-20 22:45","127.38"
"2019-09-20 23:00","127.77"
"2019-09-20 23:15","127.86"
"2019-09-20 23:30","127.94"
"2019-09-20 23:45","127.85"
"2019-09-21 00:00","128.02"
"2019-09-21 00:15","128.13"
"2019-09-21 00:30","128.13"
"2019-09-21 00:45","127.8"
"2019-09-21 01:00","127.71"
"2019-09-21 01:15","127.98"
"2019-09-21 01:30","128.05"
"2019-09-21 01:45","127.89"
"2019-09-21 02:00","127.85"
"2019-09-21 02:15","127.95"
"2019-09-21 02:30","128.12"
"2019-09-21 02:45","128.06"
"2019-09-21 03:00","128.47"
"2019-09-21 03:15","128.24"
"2019-09-21 03:30","128.18"
"2019-09-21 03:45","128.27"
"2019-09-21 04:00","128.37"
"2019-09-21 04:15","128.21"
"2019-09-21 04:30","128.08"
"2019-09-21 04:45","127.99"
"2019-09-21 05:00","127.96"
"2019-09-21 05:15","127.94"
"2019-09-21 05:30","128.06"
"2019-09-21 05:45","127.8"
"2019-09-21 06:00","127.97"
"2019-09-21 06:15","127.97"
"2019-09-21 06:30","128.0"
"2019-09-21 06:45","127.88"
"2019-09-21 07:00","127.45"
"2019-09-21 07:15","127.28"
"2019-09-21 07:30","127.4"
"2019-09-21 07:45","127.55"
"2019-09-21 08:00","127.03"
"2019-09-21 08:15","126.76"
"2019-09-21 08:30","126.78"
"2019-09-21 08:45","127.38"
"2019-09-21 09:00","127.28"
"2019-09-21 09:15","126.9"
"2019-09-21 09:30","126.5"
"2019-09-21 09:45","126.44"
"2019-09-21 10:00","126.53"
"2019-09-21 10:15","126.31"
"2019-09-21 10:30","126.4"
"2019-09-21 10:45","126.3"
"2019-09-21 11:00","126.35"
"2019-09-21 11:15","126.35"
"2019-09-21 11:30","126.11"
"2019-09-21 11:45","125.65"
"2019-09-21 12:00","125.34"
"2019-09-21 12:15","125.39"
"2019-09-21 12:30","124.64"
"2019-09-21 12:45","124.98"
"2019-09-21 13:00","125.11"
"2019-09-21 13:15","125.15"
"2019-09-21 13:30","125.65"
"2019-09-21 13:45","125.32"
"2019-09-21 14:00","125.49"
"2019-09-21 14:15","125.23"
"2019-09-21 14:30","125.07"
"2019-09-21 14:45","124.91"
"2019-09-21 15:00","124.71"
"2019-09-21 15:15","124.71"
"2019-09-21 15:30","124.55"
"2019-09-21 15:45","124.29"
"2019-09-21 16:00","124.4"
"2019-09-21 16:15","124.75"
"2019-09-21 16:30","124.77"
"2019-09-21 16:45","124.42"
"2019-09-21 17:00","124.17"
"2019-09-21 17:15","123.77"
"2019-09-21 17:30","124.19"
"2019-09-21 17:45","124.58"
"2019-09-21 18:00","124.6"
"2019-09-21 18:15","124.88"
"2019-09-21 18:30","124.65"
"2019-09-21 18:45","124.9"
"2019-09-21 19:00","124.16"
"2019-09-21 19:15","124.1"
"2019-09-21 19:30","124.2"
"2019-09-21 19:45","124.01"
"2019-09-21 20:00","124.32"
"2019-09-21 20:15","125.46"
"2019-09-21 20:30","125.96"
"2019-09-21 20:45","126.96"
"2019-09-21 21:00","127.03"
"2019-09-21 21:15","127.29"
"2019-09-21 21:30","127.29"
"2019-09-21 21:45","127.49"
"2019-09-21 22:00","127.3"
"2019-09-21 22:15","127.38"
"2019-09-21 22:30","127.61"
"2019-09-21 22:45","127.56"
"2019-09-21 23:00","127.58"
"2019-09-21 23:15","127.79"
"2019-09-21 23:30","127.93"
"2019-09-21 23:45","127.86"
"2019-09-22 00:00","127.91"
"2019-09-22 00:15","128.19"
"2019-09-22 00:30","128.15"
"2019-09-22 00:45","128.16"
"2019-09-22 01:00","128.13"
"2019-09-22 01:15","128.37"
"2019-09-22 01:30","128.13"
"2019-09-22 01:45","128.29"
"2019-09-22 02:00","128.43"
"2019-09-22 02:15","128.62"
"2019-09-22 02:30","128.56"
"2019-09-22 02:45","128.56"
"2019-09-22 03:00","128.7"
"2019-09-22 03:15","128.65"
"2019-09-22 03:30","128.59"
"2019-09-22 03:45","128.56"
"2019-09-22 04:00","128.65"
"2019-09-22 04:15","128.63"
"2019-09-22 04:30","128.77"
"2019-09-22 04:45","128.78"
"2019-09-22 05:00","128.46"
"2019-09-22 05:15","127.97"
"2019-09-22 05:30","128.06"
"2019-09-22 05:45","128.1"
"2019-09-22 06:00","128.28"
"2019-09-22 06:15","128.37"
"2019-09-22 06:30","128.23"
"2019-09-22 06:45","128.35"
"2019-09-22 07:00","127.93"
"2019-09-22 07:15","128.08"
"2019-09-22 07:30","128.02"
"2019-09-22 07:45","127.76"
"2019-09-22 08:00","127.66"
"2019-09-22 08:15","127.24"
"2019-09-22 08:30","126.95"
"2019-09-22 08:45","126.63"
"2019-09-22 09:00","126.65"
"2019-09-22 09:15","126.43"
"2019-09-22 09:30","127.07"
"2019-09-22 09:45","127.21"
"2019-09-22 10:00","126.79"
"2019-09-22 10:15","126.82"
"2019-09-22 10:30","126.57"
"2019-09-22 10:45","126.36"
"2019-09-22 11:00","126.3"
"2019-09-22 11:15","126.33"
"2019-09-22 11:30","125.9"
"2019-09-22 11:45","125.59"
"2019-09-22 12:00","125.25"
"2019-09-22 12:15","124.56"
"2019-09-22 12:30","125.04"
"2019-09-22 12:45","125.09"
"2019-09-22 13:00","124.16"
"2019-09-22 13:15","123.84"
"2019-09-22 13:30","124.25"
"2019-09-22 13:45","124.79"
"2019-09-22 14:00","124.55"
"2019-09-22 14:15","124.6"
"2019-09-22 14:30","123.88"
"2019-09-22 14:45","123.89"
"2019-09-22 15:00","124.39"
"2019-09-22 15:15","123.75"
"2019-09-22 15:30","123.51"
"2019-09-22 15:45","123.8"
"2019-09-22 16:00","123.35"
"2019-09-22 16:15","123.61"
"2019-09-22 16:30","123.69"
"2019-09-22 16:45","124.24"
"2019-09-22 17:00","124.1"
"2019-09-22 17:15","124.05"
"2019-09-22 17:30","124.22"
"2019-09-22 17:45","124.56"
"2019-09-22 18:00","124.26"
"2019-09-22 18:15","124.43"
"2019-09-22 18:30","123.88"
"2019-09-22 18:45","123.48"
"2019-09-22 19:00","123.99"
"2019-09-22 19:15","123.74"
"2019-09-22 19:30","124.72"
"2019-09-22 19:45","125.3"
"2019-09-22 20:00","125.2"
"2019-09-22 20:15","125.77"
"2019-09-22 20:30","126.81"
"2019-09-22 20:45","126.75"
"2019-09-22 21:00","126.99"
"2019-09-22 21:15","127.24"
"2019-09-22 21:30","127.88"
"2019-09-22 21:45","128.61"
"2019-09-22 22:00","128.19"
"2019-09-22 22:15","128.27"
"2019-09-22 22:30","127.02"
"2019-09-22 22:45","126.43"
"2019-09-22 23:00","126.7"
"2019-09-22 23:15","127.01"
"2019-09-22 23:30","126.81"
"2019-09-22 23:45","126.87"
"2019-09-23 00:00","126.76"
"2019-09-23 00:15","127.12"
"2019-09-23 00:30","127.27"
"2019-09-23 00:45","127.21"
"2019-09-23 01:00","127.22"
"2019-09-23 01:15","127.15"
"2019-09-23 01:30","126.76"
"2019-09-23 01:45","126.63"
"2019-09-23 02:00","126.44"
"2019-09-23 02:15","126.5"
"2019-09-23 02:30","126.6"
"2019-09-23 02:45","126.81"
"2019-09-23 03:00","126.61"
"2019-09-23 03:15","126.68"
"2019-09-23 03:30","126.77"
"2019-09-23 03:45","126.89"
"2019-09-23 04:00","126.77"
"2019-09-23 04:15","126.52"
"2019-09-23 04:30","126.78"
"2019-09-23 04:45","126.56"
"2019-09-23 05:00","126.42"
"2019-09-23 05:15","126.73"
"2019-09-23 05:30","126.84"
"2019-09-23 05:45","126.64"
"2019-09-23 06:00","126.56"
"2019-09-23 06:15","126.54"
"2019-09-23 06:30","126.73"
"2019-09-23 06:45","126.47"
"2019-09-23 07:00","125.86"
"2019-09-23 07:15","125.84"
"2019-09-23 07:30","125.63"
"2019-09-23 07:45","125.34"
"2019-09-23 08:00","125.05"
"2019-09-23 08:15","125.32"
"2019-09-23 08:30","125.93"
"2019-09-23 08:45","125.88"
"2019-09-23 09:00","125.22"
"2019-09-23 09:15","125.35"
"2019-09-23 09:30","125.57"
"2019-09-23 09:45","125.42"
"2019-09-23 10:00","124.56"
"2019-09-23 10:15","124.81"
"2019-09-23 10:30","124.9"
"2019-09-23 10:45","124.69"
"2019-09-23 11:00","124.88"
"2019-09-23 11:15","125.02"
"2019-09-23 11:30","124.75"
"2019-09-23 11:45","124.66"
"2019-09-23 12:00","124.33"
"2019-09-23 12:15","124.07"
"2019-09-23 12:30","123.82"
"2019-09-23 12:45","124.12"
"2019-09-23 13:00","123.77"
"2019-09-23 13:15","123.8"
"2019-09-23 13:30","123.66"
"2019-09-23 13:45","124.07"
"2019-09-23 14:00","123.19"
"2019-09-23 14:15","123.39"
"2019-09-23 14:30","122.87"
"2019-09-23 14:45","122.41"
"2019-09-23 15:00","122.31"
"2019-09-23 15:15","122.72"
"2019-09-23 15:30","122.74"
"2019-09-23 15:45","122.5"
"2019-09-23 16:00","122.81"
"2019-09-23 16:15","123.35"
"2019-09-23 16:30","123.3"
"2019-09-23 16:45","123.49"
"2019-09-23 17:00","124.06"
"2019-09-23 17:15","124.31"
"2019-09-23 17:30","124.41"
"2019-09-23 17:45","124.37"
"2019-09-23 18:00","124.77"
"2019-09-23 18:15","124.06"
"2019-09-23 18:30","124.6"
"2019-09-23 18:45","124.25"
"2019-09-23 19:00","124.46"
"2019-09-23 19:15","124.49"
"2019-09-23 19:30","124.77"
"2019-09-23 19:45","124.68"
"2019-09-23 20:00","125.2"
"2019-09-23 20:15","125.05"
"2019-09-23 20:30","126.39"
"2019-09-23 20:45","126.41"
"2019-09-23 21:00","126.71"
"2019-09-23 21:15","126.86"
"2019-09-23 21:30","127.13"
"2019-09-23 21:45","126.4"
"2019-09-23 22:00","126.56"
"2019-09-23 22:15","126.76"
"2019-09-23 22:30","126.76"
"2019-09-23 22:45","126.63"
"2019-09-23 23:00","127.04"
"2019-09-23 23:15","127.34"
"2019-09-23 23:30","127.16"
"2019-09-23 23:45","127.38"
"2019-09-24 00:00","127.36"
"2019-09-24 00:15","126.99"
"2019-09-24 00:30","126.78"
"2019-09-24 00:45","126.49"
"2019-09-24 01:00","126.34"
"2019-09-24 01:15","126.43"
"2019-09-24 01:30","126.61"
"2019-09-24 01:45","126.59"
"2019-09-24 02:00","126.68"
"2019-09-24 02:15","126.53"
"2019-09-24 02:30","126.74"
"2019-09-24 02:45","126.67"
"2019-09-24 03:00","126.68"
"2019-09-24 03:15","126.63"
"2019-09-24 03:30","126.59"
"2019-09-24 03:45","126.55"
"2019-09-24 04:00","126.55"
"2019-09-24 04:15","126.65"
"2019-09-24 04:30","126.53"
"2019-09-24 04:45","126.52"
"2019-09-24 05:00","126.54"
"2019-09-24 05:15","126.46"
"2019-09-24 05:30","126.19"
"2019-09-24 05:45","126.21"
"2019-09-24 06:00","125.94"
"2019-09-24 06:15","125.82"
"2019-09-24 06:30","125.28"
"2019-09-24 06:45","125.49"
"2019-09-24 07:00","125.58"
"2019-09-24 07:15","125.49"
"2019-09-24 07:30","125.41"
"2019-09-24 07:45","125.2"
"2019-09-24 08:00","125.14"
"2019-09-24 08:15","124.86"
"2019-09-24 08:30","124.83"
"2019-09-24 08:45","124.82"
"2019-09-24 09:00","124.86"
"2019-09-24 09:15","124.45"
"2019-09-24 09:30","124.96"
"2019-09-24 09:45","124.88"
"2019-09-24 10:00","124.85"
"2019-09-24 10:15","124.63"
"2019-09-24 10:30","124.39"
"2019-09-24 10:45","124.39"
"2019-09-24 11:00","124.23"
"2019-09-24 11:15","124.37"
"2019-09-24 11:30","124.44"
"2019-09-24 11:45","124.76"
"2019-09-24 12:00","124.76"
"2019-09-24 12:15","123.7"
"2019-09-24 12:30","123.5"
"2019-09-24 12:45","123.66"
"2019-09-24 13:00","123.29"
"2019-09-24 13:15","122.87"
"2019-09-24 13:30","122.91"
"2019-09-24 13:45","122.79"
"2019-09-24 14:00","123.29"
"2019-09-24 14:15","123.3"
"2019-09-24 14:30","122.88"
"2019-09-24 14:45","122.78"
"2019-09-24 15:00","122.47"
"2019-09-24 15:15","122.84"
"2019-09-24 15:30","123.0"
"2019-09-24 15:45","123.06"
"2019-09-24 16:00","123.3"
"2019-09-24 16:15","123.34"
"2019-09-24 16:30","122.95"
"2019-09-24 16:45","123.67"
"2019-09-24 17:00","123.94"
"2019-09-24 17:15","123.62"
"2019-09-24 17:30","123.82"
"2019-09-24 17:45","124.55"
"2019-09-24 18:00","124.73"
"2019-09-24 18:15","124.69"
"2019-09-24 18:30","124.55"
"2019-09-24 18:45","124.87"
"2019-09-24 19:00","124.86"
"2019-09-24 19:15","125.51"
"2019-09-24 19:30","125.92"
"2019-09-24 19:45","126.33"
"2019-09-24 20:00","127.64"
"2019-09-24 20:15","127.97"
"2019-09-24 20:30","127.98"
"2019-09-24 20:45","128.09"
"2019-09-24 21:00","128.13"
"2019-09-24 21:15","128.11"
"2019-09-24 21:30","128.37"
"2019-09-24 21:45","126.91"
"2019-09-24 22:00","126.51"
"2019-09-24 22:15","126.16"
"2019-09-24 22:30","125.74"
"2019-09-24 22:45","125.95"
"2019-09-24 23:00","126.31"
"2019-09-24 23:15","126.44"
"2019-09-24 23:30","126.41"
"2019-09-24 23:45","126.54"
"2019-09-25 00:00","126.4"
"2019-09-25 00:15","126.64"
"2019-09-25 00:30","126.65"
"2019-09-25 00:45","126.86"
"2019-09-25 01:00","126.75"
"2019-09-25 01:15","126.79"
"2019-09-25 01:30","126.76"
"2019-09-25 01:45","126.84"
"2019-09-25 02:00","126.95"
"2019-09-25 02:15","126.99"
"2019-09-25 02:30","127.21"
"2019-09-25 02:45","127.23"
"2019-09-25 03:00","127.15"
"2019-09-25 03:15","127.21"
"2019-09-25 03:30","127.08"
"2019-09-25 03:45","127.21"
"2019-09-25 04:00","126.92"
"2019-09-25 04:15","126.93"
"2019-09-25 04:30","126.86"
"2019-09-25 04:45","126.84"
"2019-09-25 05:00","126.82"
"2019-09-25 05:15","126.77"
"2019-09-25 05:30","126.66"
"2019-09-25 05:45","126.46"
"2019-09-25 06:00","126.58"
"2019-09-25 06:15","126.8"
"2019-09-25 06:30","126.42"
"2019-09-25 06:45","126.62"
"2019-09-25 07:00","126.51"
"2019-09-25 07:15","126.66"
"2019-09-25 07:30","126.54"
"2019-09-25 07:45","126.26"
"2019-09-25 08:00","125.64"
"2019-09-25 08:15","125.32"
"2019-09-25 08:30","125.06"
"2019-09-25 08:45","125.52"
"2019-09-25 09:00","125.5"
"2019-09-25 09:15","124.89"
"2019-09-25 09:30","125.58"
"2019-09-25 09:45","125.98"
"2019-09-25 10:00","125.99"
"2019-09-25 10:15","125.59"
"2019-09-25 10:30","125.61"
"2019-09-25 10:45","125.36"
"2019-09-25 11:00","125.16"
"2019-09-25 11:15","125.04"
"2019-09-25 11:30","125.43"
"2019-09-25 11:45","125.68"
"2019-09-25 12:00","124.75"
"2019-09-25 12:15","124.93"
"2019-09-25 12:30","123.91"
"2019-09-25 12:45","124.16"
"2019-09-25 13:00","124.68"
"2019-09-25 13:15","125.11"
"2019-09-25 13:30","124.75"
"2019-09-25 13:45","124.85"
"2019-09-25 14:00","124.14"
"2019-09-25 14:15","124.32"
"2019-09-25 14:30","124.28"
"2019-09-25 14:45","124.54"
"2019-09-25 15:00","124.33"
"2019-09-25 15:15","125.0"
"2019-09-25 15:30","125.07"
"2019-09-25 15:45","124.3"
"2019-09-25 16:00","124.81"
"2019-09-25 16:15","124.79"
"2019-09-25 16:30","124.97"
"2019-09-25 16:45","125.24"
"2019-09-25 17:00","126.0"
"2019-09-25 17:15","126.45"
"2019-09-25 17:30","126.03"
"2019-09-25 17:45","126.47"
"2019-09-25 18:00","126.61"
"2019-09-25 18:15","125.51"
"2019-09-25 18:30","124.49"
"2019-09-25 18:45","125.22"
"2019-09-25 19:00","125.07"
"2019-09-25 19:15","125.01"
"2019-09-25 19:30","124.69"
"2019-09-25 19:45","125.35"
"2019-09-25 20:00","125.59"
"2019-09-25 20:15","125.56"
"2019-09-25 20:30","125.56"
"2019-09-25 20:45","125.99"
"2019-09-25 21:00","126.16"
"2019-09-25 21:15","126.88"
"2019-09-25 21:30","127.54"
"2019-09-25 21:45","127.24"
"2019-09-25 22:00","127.27"
"2019-09-25 22:15","127.2"
"2019-09-25 22:30","127.12"
"2019-09-25 22:45","127.32"
"2019-09-25 23:00","127.67"
"2019-09-25 23:15","127.87"
"2019-09-25 23:30","128.07"
"2019-09-25 23:45","128.27"
"2019-09-26 00:00","128.06"
"2019-09-26 00:15","128.37"
"2019-09-26 00:30","128.23"
"2019-09-26 00:45","128.43"
"2019-09-26 01:00","128.12"
"2019-09-26 01:15","128.21"
"2019-09-26 01:30","128.29"
"2019-09-26 01:45","128.27"
"2019-09-26 02:00","128.18"
"2019-09-26 02:15","128.45"
"2019-09-26 02:30","128.45"
"2019-09-26 02:45","128.35"
"2019-09-26 03:00","128.35"
"2019-09-26 03:15","128.33"
"2019-09-26 03:30","128.49"
"2019-09-26 03:45","128.5"
"2019-09-26 04:00","128.39"
"2019-09-26 04:15","128.43"
"2019-09-26 04:30","128.37"
"2019-09-26 04:45","128.32"
"2019-09-26 05:00","128.2"
"2019-09-26 05:15","128.15"
"2019-09-26 05:30","128.03"
"2019-09-26 05:45","127.99"
"2019-09-26 06:00","127.9"
"2019-09-26 06:15","127.73"
"2019-09-26 06:30","127.59"
"2019-09-26 06:45","127.33"
"2019-09-26 07:00","126.96"
"2019-09-26 07:15","126.85"
"2019-09-26 07:30","126.83"
"2019-09-26 07:45","126.55"
"2019-09-26 08:00","125.94"
"2019-09-26 08:15","126.4"
"2019-09-26 08:30","126.01"
"2019-09-26 08:45","125.86"
"2019-09-26 09:00","126.2"
"2019-09-26 09:15","125.95"
"2019-09-26 09:30","125.85"
"2019-09-26 09:45","125.7"
"2019-09-26 10:00","125.65"
"2019-09-26 10:15","125.38"
"2019-09-26 10:30","125.83"
"2019-09-26 10:45","125.69"
"2019-09-26 11:00","125.66"
"2019-09-26 11:15","125.63"
"2019-09-26 11:30","125.81"
"2019-09-26 11:45","125.37"
"2019-09-26 12:00","125.23"
"2019-09-26 12:15","125.22"
"2019-09-26 12:30","124.68"
"2019-09-26 12:45","124.57"
"2019-09-26 13:00","124.41"
"2019-09-26 13:15","124.46"
"2019-09-26 13:30","124.08"
"2019-09-26 13:45","124.03"
"2019-09-26 14:00","124.5"
"2019-09-26 14:15","123.96"
"2019-09-26 14:30","123.88"
"2019-09-26 14:45","123.47"
"2019-09-26 15:00","123.65"
"2019-09-26 15:15","123.47"
"2019-09-26 15:30","123.37"
"2019-09-26 15:45","124.14"
"2019-09-26 16:00","123.68"
"2019-09-26 16:15","123.88"
"2019-09-26 16:30","124.06"
"2019-09-26 16:45","124.11"
"2019-09-26 17:00","125.19"
"2019-09-26 17:15","125.01"
"2019-09-26 17:30","125.25"
"2019-09-26 17:45","125.48"
"2019-09-26 18:00","125.7"
"2019-09-26 18:15","125.74"
"2019-09-26 18:30","126.0"
"2019-09-26 18:45","125.89"
"2019-09-26 19:00","126.3"
"2019-09-26 19:15","126.34"
"2019-09-26 19:30","126.0"
"2019-09-26 19:45","126.14"
"2019-09-26 20:00","126.39"
"2019-09-26 20:15","128.05"
"2019-09-26 20:30","127.99"
"2019-09-26 20:45","128.24"
"2019-09-26 21:00","128.4"
"2019-09-26 21:15","128.45"
"2019-09-26 21:30","128.53"
"2019-09-26 21:45","126.9"
"2019-09-26 22:00","126.04"
"2019-09-26 22:15","126.04"
"2019-09-26 22:30","125.95"
"2019-09-26 22:45","126.09"
"2019-09-26 23:00","126.29"
"2019-09-26 23:15","126.41"
"2019-09-26 23:30","126.53"
"2019-09-26 23:45","126.61"
"2019-09-27 00:00","126.67"
"2019-09-27 00:15","127.03"
"2019-09-27 00:30","127.04"
"2019-09-27 00:45","126.61"
"2019-09-27 01:00","126.46"
"2019-09-27 01:15","126.79"
"2019-09-27 01:30","126.98"
"2019-09-27 01:45","126.85"
"2019-09-27 02:00","126.97"
"2019-09-27 02:15","127.25"
"2019-09-27 02:30","127.4"
"2019-09-27 02:45","127.07"
"2019-09-27 03:00","127.09"
"2019-09-27 03:15","127.06"
"2019-09-27 03:30","126.99"
"2019-09-27 03:45","127.08"
"2019-09-27 04:00","127.02"
"2019-09-27 04:15","127.05"
"2019-09-27 04:30","126.9"
"2019-09-27 04:45","126.97"
"2019-09-27 05:00","127.05"
"2019-09-27 05:15","126.85"
"2019-09-27 05:30","126.69"
"2019-09-27 05:45","126.64"
"2019-09-27 06:00","126.99"
"2019-09-27 06:15","127.2"
"2019-09-27 06:30","126.73"
"2019-09-27 06:45","126.64"
"2019-09-27 07:00","126.6"
"2019-09-27 07:15","126.79"
"2019-09-27 07:30","126.68"
"2019-09-27 07:45","126.23"
"2019-09-27 08:00","126.26"
"2019-09-27 08:15","125.74"
"2019-09-27 08:30","125.91"
"2019-09-27 08:45","125.89"
"2019-09-27 09:00","125.22"
"2019-09-27 09:15","125.47"
"2019-09-27 09:30","125.41"
"2019-09-27 09:45","125.31"
"2019-09-27 10:00","125.54"
"2019-09-27 10:15","125.34"
"2019-09-27 10:30","124.76"
"2019-09-27 10:45","124.62"
"2019-09-27 11:00","124.56"
"2019-09-27 11:15","124.33"
"2019-09-27 11:30","124.62"
"2019-09-27 11:45","124.83"
"2019-09-27 12:00","124.51"
"2019-09-27 12:15","123.69"
"2019-09-27 12:30","123.13"
"2019-09-27 12:45","123.22"
"2019-09-27 13:00","123.41"
"2019-09-27 13:15","123.62"
"2019-09-27 13:30","123.39"
"2019-09-27 13:45","122.75"
"2019-09-27 14:00","123.19"
"2019-09-27 14:15","122.97"
"2019-09-27 14:30","122.57"
"2019-09-27 14:45","122.69"
"2019-09-27 15:00","122.59"
"2019-09-27 15:15","122.97"
"2019-09-27 15:30","123.55"
"2019-09-27 15:45","123.73"
"2019-09-27 16:00","123.58"
"2019-09-27 16:15","123.47"
"2019-09-27 16:30","123.87"
"2019-09-27 16:45","124.08"
"2019-09-27 17:00","124.28"
"2019-09-27 17:15","124.92"
"2019-09-27 17:30","125.11"
"2019-09-27 17:45","124.98"
"2019-09-27 18:00","125.54"
"2019-09-27 18:15","124.84"
"2019-09-27 18:30","125.04"
"2019-09-27 18:45","124.82"
"2019-09-27 19:00","125.64"
"2019-09-27 19:15","125.78"
"2019-09-27 19:30","126.05"
"2019-09-27 19:45","126.88"
"2019-09-27 20:00","125.16"
"2019-09-27 20:15","124.71"
"2019-09-27 20:30","124.81"
"2019-09-27 20:45","125.35"
"2019-09-27 21:00","126.65"
"2019-09-27 21:15","127.1"
"2019-09-27 21:30","126.9"
"2019-09-27 21:45","126.91"
"2019-09-27 22:00","127.05"
"2019-09-27 22:15","127.06"
"2019-09-27 22:30","127.1"
"2019-09-27 22:45","126.98"
"2019-09-27 23:00","127.05"
"2019-09-27 23:15","127.3"
"2019-09-27 23:30","127.39"
"2019-09-27 23:45","127.4"
"2019-09-28 00:00","127.18"
"2019-09-28 00:15","127.02"
"2019-09-28 00:30","127.37"
"2019-09-28 00:45","127.6"
"2019-09-28 01:00","127.57"
"2019-09-28 01:15","127.62"
"2019-09-28 01:30","127.66"
"2019-09-28 01:45","127.41"
"2019-09-28 02:00","127.5"
"2019-09-28 02:15","127.51"
"2019-09-28 02:30","127.7"
"2019-09-28 02:45","127.53"
"2019-09-28 03:00","127.7"
"2019-09-28 03:15","127.61"
"2019-09-28 03:30","127.72"
"2019-09-28 03:45","127.57"
"2019-09-28 04:00","127.62"
"2019-09-28 04:15","127.46"
"2019-09-28 04:30","127.68"
"2019-09-28 04:45","127.76"
"2019-09-28 05:00","127.7"
"2019-09-28 05:15","127.46"
"2019-09-28 05:30","127.99"
"2019-09-28 05:45","128.07"
"2019-09-28 06:00","127.9"
"2019-09-28 06:15","127.65"
"2019-09-28 06:30","127.6"
"2019-09-28 06:45","127.42"
"2019-09-28 07:00","127.16"
"2019-09-28 07:15","127.14"
"2019-09-28 07:30","127.44"
"2019-09-28 07:45","127.26"
"2019-09-28 08:00","127.06"
"2019-09-28 08:15","127.18"
"2019-09-28 08:30","126.71"
"2019-09-28 08:45","126.54"
"2019-09-28 09:00","126.72"
"2019-09-28 09:15","126.42"
"2019-09-28 09:30","126.35"
"2019-09-28 09:45","126.5"
"2019-09-28 10:00","126.27"
"2019-09-28 10:15","126.28"
"2019-09-28 10:30","126.01"
"2019-09-28 10:45","126.24"
"2019-09-28 11:00","126.18"
"2019-09-28 11:15","126.22"
"2019-09-28 11:30","125.97"
"2019-09-28 11:45","125.42"
"2019-09-28 12:00","124.95"
"2019-09-28 12:15","124.63"
"2019-09-28 12:30","124.75"
"2019-09-28 12:45","125.46"
"2019-09-28 13:00","125.25"
"2019-09-28 13:15","124.51"
"2019-09-28 13:30","124.77"
"2019-09-28 13:45","125.69"
"2019-09-28 14:00","125.55"
"2019-09-28 14:15","125.19"
"2019-09-28 14:30","125.55"
"2019-09-28 14:45","125.14"
"2019-09-28 15:00","125.58"
"2019-09-28 15:15","125.6"
"2019-09-28 15:30","124.78"
"2019-09-28 15:45","125.45"
"2019-09-28 16:00","125.7"
"2019-09-28 16:15","125.68"
"2019-09-28 16:30","125.07"
"2019-09-28 16:45","125.39"
"2019-09-28 17:00","125.48"
"2019-09-28 17:15","125.43"
"2019-09-28 17:30","125.37"
"2019-09-28 17:45","125.42"
"2019-09-28 18:00","125.41"
"2019-09-28 18:15","126.02"
"2019-09-28 18:30","125.41"
"2019-09-28 18:45","125.61"
"2019-09-28 19:00","126.0"
"2019-09-28 19:15","126.09"
"2019-09-28 19:30","125.9"
"2019-09-28 19:45","126.5"
"2019-09-28 20:00","126.22"
"2019-09-28 20:15","126.72"
"2019-09-28 20:30","127.58"
"2019-09-28 20:45","128.04"
"2019-09-28 21:00","127.8"
"2019-09-28 21:15","128.25"
"2019-09-28 21:30","128.29"
"2019-09-28 21:45","128.44"
"2019-09-28 22:00","128.38"
"2019-09-28 22:15","128.35"
"2019-09-28 22:30","128.55"
"2019-09-28 22:45","128.54"
"2019-09-28 23:00","128.66"
"2019-09-28 23:15","127.76"
"2019-09-28 23:30","126.82"
"2019-09-28 23:45","126.47"
"2019-09-29 00:00","126.64"
"2019-09-29 00:15","126.68"
"2019-09-29 00:30","126.82"
"2019-09-29 00:45","126.82"
"2019-09-29 01:00","126.99"
"2019-09-29 01:15","126.98"
"2019-09-29 01:30","126.96"
"2019-09-29 01:45","126.91"
"2019-09-29 02:00","127.19"
"2019-09-29 02:15","127.41"
"2019-09-29 02:30","127.42"
"2019-09-29 02:45","127.21"
"2019-09-29 03:00","127.06"
"2019-09-29 03:15","127.25"
"2019-09-29 03:30","127.23"
"2019-09-29 03:45","127.07"
"2019-09-29 04:00","127.08"
"2019-09-29 04:15","127.04"
"2019-09-29 04:30","127.39"
"2019-09-29 04:45","127.23"
"2019-09-29 05:00","127.32"
"2019-09-29 05:15","127.26"
"2019-09-29 05:30","127.41"
"2019-09-29 05:45","127.32"
"2019-09-29 06:00","127.18"
"2019-09-29 06:15","126.95"
"2019-09-29 06:30","127.27"
"2019-09-29 06:45","127.18"
"2019-09-29 07:00","127.0"
"2019-09-29 07:15","127.01"
"2019-09-29 07:30","127.06"
"2019-09-29 07:45","127.01"
"2019-09-29 08:00","126.79"
"2019-09-29 08:15","126.5"
"2019-09-29 08:30","126.94"
"2019-09-29 08:45","126.89"
"2019-09-29 09:00","126.48"
"2019-09-29 09:15","125.88"
"2019-09-29 09:30","126.19"
"2019-09-29 09:45","126.09"
"2019-09-29 10:00","125.55"
"2019-09-29 10:15","125.49"
"2019-09-29 10:30","125.34"
"2019-09-29 10:45","125.39"
"2019-09-29 11:00","125.1"
"2019-09-29 11:15","124.96"
"2019-09-29 11:30","124.69"
"2019-09-29 11:45","125.43"
"2019-09-29 12:00","125.46"
"2019-09-29 12:15","125.25"
"2019-09-29 12:30","125.04"
"2019-09-29 12:45","124.48"
"2019-09-29 13:00","125.11"
"2019-09-29 13:15","124.91"
"2019-09-29 13:30","124.97"
"2019-09-29 13:45","125.1"
"2019-09-29 14:00","124.93"
"2019-09-29 14:15","124.37"
"2019-09-29 14:30","124.47"
"2019-09-29 14:45","124.48"
"2019-09-29 15:00","124.45"
"2019-09-29 15:15","124.17"
"2019-09-29 15:30","124.52"
"2019-09-29 15:45","124.23"
"2019-09-29 16:00","124.46"
"2019-09-29 16:15","124.75"
"2019-09-29 16:30","124.52"
"2019-09-29 16:45","124.63"
"2019-09-29 17:00","124.85"
"2019-09-29 17:15","124.58"
"2019-09-29 17:30","124.22"
"2019-09-29 17:45","124.2"
"2019-09-29 18:00","124.34"
"2019-09-29 18:15","124.63"
"2019-09-29 18:30","124.33"
"2019-09-29 18:45","124.09"
"2019-09-29 19:00","125.46"
"2019-09-29 19:15","124.8"
"2019-09-29 19:30","125.06"
"2019-09-29 19:45","125.04"
"2019-09-29 20:00","124.93"
"2019-09-29 20:15","125.31"
"2019-09-29 20:30","125.73"
"2019-09-29 20:45","125.37"
"2019-09-29 21:00","126.06"
"2019-09-29 21:15","125.87"
"2019-09-29 21:30","125.61"
"2019-09-29 21:45","126.33"
"2019-09-29 22:00","126.79"
"2019-09-29 22:15","127.28"
"2019-09-29 22:30","126.88"
"2019-09-29 22:45","126.83"
"2019-09-29 23:00","126.78"
"2019-09-29 23:15","127.14"
"2019-09-29 23:30","127.25"
"2019-09-29 23:45","127.2"
"2019-09-30 00:00","127.26"
"2019-09-30 00:15","126.51"
"2019-09-30 00:30","126.59"
"2019-09-30 00:45","126.88"
"2019-09-30 01:00","126.75"
"2019-09-30 01:15","126.76"
"2019-09-30 01:30","126.86"
"2019-09-30 01:45","126.8"
"2019-09-30 02:00","126.79"
"2019-09-30 02:15","126.75"
"2019-09-30 02:30","126.87"
"2019-09-30 02:45","126.81"
"2019-09-30 03:00","126.73"
"2019-09-30 03:15","126.72"
"2019-09-30 03:30","126.66"
"2019-09-30 03:45","126.74"
"2019-09-30 04:00","126.77"
"2019-09-30 04:15","126.85"
"2019-09-30 04:30","126.7"
"2019-09-30 04:45","126.75"
"2019-09-30 05:00","126.42"
"2019-09-30 05:15","126.31"
"2019-09-30 05:30","125.98"
"2019-09-30 05:45","125.78"
"2019-09-30 06:00","125.43"
"2019-09-30 06:15","125.93"
"2019-09-30 06:30","125.8"
"2019-09-30 06:45","125.42"
"2019-09-30 07:00","125.44"
"2019-09-30 07:15","125.95"
"2019-09-30 07:30","126.14"
"2019-09-30 07:45","125.97"
"2019-09-30 08:00","124.73"
"2019-09-30 08:15","124.84"
"2019-09-30 08:30","125.25"
"2019-09-30 08:45","125.42"
"2019-09-30 09:00","125.29"
"2019-09-30 09:15","125.1"
"2019-09-30 09:30","125.34"
"2019-09-30 09:45","125.43"
"2019-09-30 10:00","125.33"
"2019-09-30 10:15","125.2"
"2019-09-30 10:30","125.03"
"2019-09-30 10:45","124.69"
"2019-09-30 11:00","124.49"
"2019-09-30 11:15","124.42"
"2019-09-30 11:30","124.32"
"2019-09-30 11:45","124.36"
"2019-09-30 12:00","124.56"
"2019-09-30 12:15","124.15"
"2019-09-30 12:30","124.31"
"2019-09-30 12:45","124.47"
"2019-09-30 13:00","124.06"
"2019-09-30 13:15","123.67"
"2019-09-30 13:30","123.78"
"2019-09-30 13:45","123.2"
"2019-09-30 14:00","123.23"
"2019-09-30 14:15","122.75"
"2019-09-30 14:30","123.35"
"2019-09-30 14:45","122.95"
"2019-09-30 15:00","122.8"
"2019-09-30 15:15","123.24"
"2019-09-30 15:30","123.51"
"2019-09-30 15:45","124.08"
"2019-09-30 16:00","124.45"
"2019-09-30 16:15","123.94"
"2019-09-30 16:30","124.6"
"2019-09-30 16:45","124.39"
"2019-09-30 17:00","124.46"
"2019-09-30 17:15","124.89"
"2019-09-30 17:30","125.39"
"2019-09-30 17:45","124.64"
"2019-09-30 18:00","124.38"
"2019-09-30 18:15","125.04"
"2019-09-30 18:30","125.47"
"2019-09-30 18:45","125.08"
"2019-09-30 19:00","124.77"
"2019-09-30 19:15","124.76"
"2019-09-30 19:30","125.17"
"2019-09-30 19:45","124.99"
"2019-09-30 20:00","125.82"
"2019-09-30 20:15","126.55"
"2019-09-30 20:30","126.91"
"2019-09-30 20:45","126.94"
"2019-09-30 21:00","126.94"
"2019-09-30 21:15","126.89"
"2019-09-30 21:30","126.92"
"2019-09-30 21:45","127.02"
"2019-09-30 22:00","127.07"
"2019-09-30 22:15","126.77"
"2019-09-30 22:30","127.14"
"2019-09-30 22:45","127.25"
"2019-09-30 23:00","127.49"
"2019-09-30 23:15","127.42"
"2019-09-30 23:30","127.14"
"2019-09-30 23:45","126.88"
