"Time stamp","Interruptor Principal   ()"
"2019-01-01 00:00","0.8396"
"2019-01-01 00:15","0.8403"
"2019-01-01 00:30","0.8359"
"2019-01-01 00:45","0.8286"
"2019-01-01 01:00","0.8267"
"2019-01-01 01:15","0.823"
"2019-01-01 01:30","0.8305"
"2019-01-01 01:45","0.8366"
"2019-01-01 02:00","0.8377"
"2019-01-01 02:15","0.8161"
"2019-01-01 02:30","0.8312"
"2019-01-01 02:45","0.8415"
"2019-01-01 03:00","0.8626"
"2019-01-01 03:15","0.8889"
"2019-01-01 03:30","0.8586"
"2019-01-01 03:45","0.8193"
"2019-01-01 04:00","0.813"
"2019-01-01 04:15","0.8113"
"2019-01-01 04:30","0.8355"
"2019-01-01 04:45","0.8094"
"2019-01-01 05:00","0.8343"
"2019-01-01 05:15","0.8275"
"2019-01-01 05:30","0.8187"
"2019-01-01 05:45","0.8185"
"2019-01-01 06:00","0.8342"
"2019-01-01 06:15","0.8182"
"2019-01-01 06:30","0.8383"
"2019-01-01 06:45","0.8243"
"2019-01-01 07:00","0.834"
"2019-01-01 07:15","0.8407"
"2019-01-01 07:30","0.8256"
"2019-01-01 07:45","0.8474"
"2019-01-01 08:00","0.8401"
"2019-01-01 08:15","0.8299"
"2019-01-01 08:30","0.8417"
"2019-01-01 08:45","0.8534"
"2019-01-01 09:00","0.8726"
"2019-01-01 09:15","0.9205"
"2019-01-01 09:30","0.9031"
"2019-01-01 09:45","0.8711"
"2019-01-01 10:00","0.8778"
"2019-01-01 10:15","0.8816"
"2019-01-01 10:30","0.8986"
"2019-01-01 10:45","0.9732"
"2019-01-01 11:00","0.9623"
"2019-01-01 11:15","0.963"
"2019-01-01 11:30","0.9573"
"2019-01-01 11:45","0.9591"
"2019-01-01 12:00","0.9558"
"2019-01-01 12:15","0.9565"
"2019-01-01 12:30","0.9865"
"2019-01-01 12:45","0.9521"
"2019-01-01 13:00","0.9402"
"2019-01-01 13:15","0.9387"
"2019-01-01 13:30","0.9313"
"2019-01-01 13:45","0.937"
"2019-01-01 14:00","0.9174"
"2019-01-01 14:15","0.9241"
"2019-01-01 14:30","0.9197"
"2019-01-01 14:45","0.9037"
"2019-01-01 15:00","0.957"
"2019-01-01 15:15","0.9164"
"2019-01-01 15:30","0.9481"
"2019-01-01 15:45","0.9211"
"2019-01-01 16:00","0.9472"
"2019-01-01 16:15","0.9419"
"2019-01-01 16:30","0.9616"
"2019-01-01 16:45","0.9421"
"2019-01-01 17:00","0.9538"
"2019-01-01 17:15","0.9482"
"2019-01-01 17:30","0.9403"
"2019-01-01 17:45","0.9631"
"2019-01-01 18:00","0.9649"
"2019-01-01 18:15","0.9602"
"2019-01-01 18:30","0.9349"
"2019-01-01 18:45","0.9643"
"2019-01-01 19:00","0.9615"
"2019-01-01 19:15","0.9519"
"2019-01-01 19:30","0.9436"
"2019-01-01 19:45","0.972"
"2019-01-01 20:00","0.985"
"2019-01-01 20:15","0.9668"
"2019-01-01 20:30","0.9619"
"2019-01-01 20:45","0.96"
"2019-01-01 21:00","0.9629"
"2019-01-01 21:15","0.9224"
"2019-01-01 21:30","0.8993"
"2019-01-01 21:45","0.8825"
"2019-01-01 22:00","0.8763"
"2019-01-01 22:15","0.8782"
"2019-01-01 22:30","0.875"
"2019-01-01 22:45","0.8769"
"2019-01-01 23:00","0.8775"
"2019-01-01 23:15","0.8809"
"2019-01-01 23:30","0.8632"
"2019-01-01 23:45","0.8774"
"2019-01-02 00:00","0.8724"
"2019-01-02 00:15","0.8763"
"2019-01-02 00:30","0.8734"
"2019-01-02 00:45","0.8726"
"2019-01-02 01:00","0.8789"
"2019-01-02 01:15","0.8734"
"2019-01-02 01:30","0.878"
"2019-01-02 01:45","0.8755"
"2019-01-02 02:00","0.8667"
"2019-01-02 02:15","0.8696"
"2019-01-02 02:30","0.8619"
"2019-01-02 02:45","0.8599"
"2019-01-02 03:00","0.8876"
"2019-01-02 03:15","0.9024"
"2019-01-02 03:30","0.8687"
"2019-01-02 03:45","0.8572"
"2019-01-02 04:00","0.8613"
"2019-01-02 04:15","0.8905"
"2019-01-02 04:30","0.8874"
"2019-01-02 04:45","0.9075"
"2019-01-02 05:00","0.9179"
"2019-01-02 05:15","0.9085"
"2019-01-02 05:30","0.913"
"2019-01-02 05:45","0.9131"
"2019-01-02 06:00","0.9211"
"2019-01-02 06:15","0.9092"
"2019-01-02 06:30","0.9161"
"2019-01-02 06:45","0.9081"
"2019-01-02 07:00","0.929"
"2019-01-02 07:15","0.9059"
"2019-01-02 07:30","0.8913"
"2019-01-02 07:45","0.9012"
"2019-01-02 08:00","0.9229"
"2019-01-02 08:15","0.9078"
"2019-01-02 08:30","0.922"
"2019-01-02 08:45","0.9163"
"2019-01-02 09:00","0.9219"
"2019-01-02 09:15","0.9596"
"2019-01-02 09:30","0.9871"
"2019-01-02 09:45","0.9716"
"2019-01-02 10:00","0.9776"
"2019-01-02 10:15","0.9504"
"2019-01-02 10:30","0.9581"
"2019-01-02 10:45","0.9723"
"2019-01-02 11:00","0.9541"
"2019-01-02 11:15","0.9654"
"2019-01-02 11:30","0.9514"
"2019-01-02 11:45","0.8918"
"2019-01-02 12:00","0.8881"
"2019-01-02 12:15","0.9408"
"2019-01-02 12:30","0.9385"
"2019-01-02 12:45","0.9492"
"2019-01-02 13:00","0.956"
"2019-01-02 13:15","0.9602"
"2019-01-02 13:30","0.9562"
"2019-01-02 13:45","0.9416"
"2019-01-02 14:00","0.9369"
"2019-01-02 14:15","0.9709"
"2019-01-02 14:30","0.9679"
"2019-01-02 14:45","0.9498"
"2019-01-02 15:00","0.9703"
"2019-01-02 15:15","0.9523"
"2019-01-02 15:30","0.9428"
"2019-01-02 15:45","0.9572"
"2019-01-02 16:00","0.9389"
"2019-01-02 16:15","0.9501"
"2019-01-02 16:30","0.9314"
"2019-01-02 16:45","0.9562"
"2019-01-02 17:00","0.9737"
"2019-01-02 17:15","0.9098"
"2019-01-02 17:30","0.9108"
"2019-01-02 17:45","0.9084"
"2019-01-02 18:00","0.8817"
"2019-01-02 18:15","0.8794"
"2019-01-02 18:30","0.9061"
"2019-01-02 18:45","0.9716"
"2019-01-02 19:00","0.969"
"2019-01-02 19:15","0.9737"
"2019-01-02 19:30","0.9673"
"2019-01-02 19:45","0.934"
"2019-01-02 20:00","0.8966"
"2019-01-02 20:15","0.8838"
"2019-01-02 20:30","0.8754"
"2019-01-02 20:45","0.9581"
"2019-01-02 21:00","0.9504"
"2019-01-02 21:15","0.9106"
"2019-01-02 21:30","0.887"
"2019-01-02 21:45","0.8764"
"2019-01-02 22:00","0.8843"
"2019-01-02 22:15","0.8833"
"2019-01-02 22:30","0.8784"
"2019-01-02 22:45","0.8823"
"2019-01-02 23:00","0.8773"
"2019-01-02 23:15","0.8722"
"2019-01-02 23:30","0.8799"
"2019-01-02 23:45","0.8715"
"2019-01-03 00:00","0.8574"
"2019-01-03 00:15","0.859"
"2019-01-03 00:30","0.8627"
"2019-01-03 00:45","0.851"
"2019-01-03 01:00","0.8638"
"2019-01-03 01:15","0.9092"
"2019-01-03 01:30","0.9053"
"2019-01-03 01:45","0.8829"
"2019-01-03 02:00","0.8854"
"2019-01-03 02:15","0.9091"
"2019-01-03 02:30","0.8916"
"2019-01-03 02:45","0.8992"
"2019-01-03 03:00","0.8985"
"2019-01-03 03:15","0.9152"
"2019-01-03 03:30","0.8957"
"2019-01-03 03:45","0.8784"
"2019-01-03 04:00","0.9098"
"2019-01-03 04:15","0.9166"
"2019-01-03 04:30","0.9052"
"2019-01-03 04:45","0.9213"
"2019-01-03 05:00","0.9173"
"2019-01-03 05:15","0.9157"
"2019-01-03 05:30","0.9102"
"2019-01-03 05:45","0.9207"
"2019-01-03 06:00","0.9215"
"2019-01-03 06:15","0.8987"
"2019-01-03 06:30","0.9189"
"2019-01-03 06:45","0.9149"
"2019-01-03 07:00","0.9149"
"2019-01-03 07:15","0.9253"
"2019-01-03 07:30","0.9225"
"2019-01-03 07:45","0.9143"
"2019-01-03 08:00","0.9088"
"2019-01-03 08:15","0.9143"
"2019-01-03 08:30","0.9139"
"2019-01-03 08:45","0.9161"
"2019-01-03 09:00","0.9188"
"2019-01-03 09:15","0.9656"
"2019-01-03 09:30","0.9212"
"2019-01-03 09:45","0.9878"
"2019-01-03 10:00","0.9742"
"2019-01-03 10:15","0.9705"
"2019-01-03 10:30","0.9689"
"2019-01-03 10:45","0.9645"
"2019-01-03 11:00","0.9677"
"2019-01-03 11:15","0.9665"
"2019-01-03 11:30","0.9712"
"2019-01-03 11:45","0.9764"
"2019-01-03 12:00","0.9785"
"2019-01-03 12:15","0.9874"
"2019-01-03 12:30","0.9652"
"2019-01-03 12:45","0.9605"
"2019-01-03 13:00","0.9715"
"2019-01-03 13:15","0.9868"
"2019-01-03 13:30","0.9869"
"2019-01-03 13:45","0.96"
"2019-01-03 14:00","0.9644"
"2019-01-03 14:15","0.9608"
"2019-01-03 14:30","0.9577"
"2019-01-03 14:45","0.9615"
"2019-01-03 15:00","0.9685"
"2019-01-03 15:15","0.9531"
"2019-01-03 15:30","0.9522"
"2019-01-03 15:45","0.968"
"2019-01-03 16:00","0.9651"
"2019-01-03 16:15","0.9732"
"2019-01-03 16:30","0.9702"
"2019-01-03 16:45","0.9669"
"2019-01-03 17:00","0.9593"
"2019-01-03 17:15","0.9186"
"2019-01-03 17:30","0.9676"
"2019-01-03 17:45","0.9599"
"2019-01-03 18:00","0.9395"
"2019-01-03 18:15","0.879"
"2019-01-03 18:30","0.9299"
"2019-01-03 18:45","0.9381"
"2019-01-03 19:00","0.9569"
"2019-01-03 19:15","0.9376"
"2019-01-03 19:30","0.9452"
"2019-01-03 19:45","0.9265"
"2019-01-03 20:00","0.9371"
"2019-01-03 20:15","0.9445"
"2019-01-03 20:30","0.9144"
"2019-01-03 20:45","0.9869"
"2019-01-03 21:00","0.9286"
"2019-01-03 21:15","0.9226"
"2019-01-03 21:30","0.9187"
"2019-01-03 21:45","0.9253"
"2019-01-03 22:00","0.917"
"2019-01-03 22:15","0.9286"
"2019-01-03 22:30","0.9153"
"2019-01-03 22:45","0.9247"
"2019-01-03 23:00","0.9155"
"2019-01-03 23:15","0.9118"
"2019-01-03 23:30","0.9268"
"2019-01-03 23:45","0.915"
"2019-01-04 00:00","0.9151"
"2019-01-04 00:15","0.9188"
"2019-01-04 00:30","0.9226"
"2019-01-04 00:45","0.9249"
"2019-01-04 01:00","0.9046"
"2019-01-04 01:15","0.9249"
"2019-01-04 01:30","0.9222"
"2019-01-04 01:45","0.9109"
"2019-01-04 02:00","0.8973"
"2019-01-04 02:15","0.9127"
"2019-01-04 02:30","0.9061"
"2019-01-04 02:45","0.912"
"2019-01-04 03:00","0.9182"
"2019-01-04 03:15","0.9166"
"2019-01-04 03:30","0.9191"
"2019-01-04 03:45","0.9127"
"2019-01-04 04:00","0.9109"
"2019-01-04 04:15","0.9249"
"2019-01-04 04:30","0.9129"
"2019-01-04 04:45","0.9102"
"2019-01-04 05:00","0.9212"
"2019-01-04 05:15","0.9144"
"2019-01-04 05:30","0.9251"
"2019-01-04 05:45","0.9112"
"2019-01-04 06:00","0.9175"
"2019-01-04 06:15","0.9142"
"2019-01-04 06:30","0.9289"
"2019-01-04 06:45","0.9171"
"2019-01-04 07:00","0.9201"
"2019-01-04 07:15","0.9316"
"2019-01-04 07:30","0.9243"
"2019-01-04 07:45","0.9148"
"2019-01-04 08:00","0.9114"
"2019-01-04 08:15","0.9258"
"2019-01-04 08:30","0.9358"
"2019-01-04 08:45","0.9706"
"2019-01-04 09:00","0.9547"
"2019-01-04 09:15","0.973"
"2019-01-04 09:30","0.9482"
"2019-01-04 09:45","0.9664"
"2019-01-04 10:00","0.9815"
"2019-01-04 10:15","0.9733"
"2019-01-04 10:30","0.9881"
"2019-01-04 10:45","0.9754"
"2019-01-04 11:00","0.9827"
"2019-01-04 11:15","0.9554"
"2019-01-04 11:30","0.9404"
"2019-01-04 11:45","0.9254"
"2019-01-04 12:00","0.9283"
"2019-01-04 12:15","0.8861"
"2019-01-04 12:30","0.9467"
"2019-01-04 12:45","0.9261"
"2019-01-04 13:00","0.9538"
"2019-01-04 13:15","0.9585"
"2019-01-04 13:30","0.9302"
"2019-01-04 13:45","0.9575"
"2019-01-04 14:00","0.9535"
"2019-01-04 14:15","0.94"
"2019-01-04 14:30","0.9525"
"2019-01-04 14:45","0.9295"
"2019-01-04 15:00","0.9623"
"2019-01-04 15:15","0.9451"
"2019-01-04 15:30","0.9685"
"2019-01-04 15:45","0.9429"
"2019-01-04 16:00","0.9504"
"2019-01-04 16:15","0.9577"
"2019-01-04 16:30","0.9664"
"2019-01-04 16:45","0.9509"
"2019-01-04 17:00","0.9463"
"2019-01-04 17:15","0.9313"
"2019-01-04 17:30","0.9621"
"2019-01-04 17:45","0.9224"
"2019-01-04 18:00","0.9404"
"2019-01-04 18:15","0.9457"
"2019-01-04 18:30","0.96"
"2019-01-04 18:45","0.9437"
"2019-01-04 19:00","0.9509"
"2019-01-04 19:15","0.9616"
"2019-01-04 19:30","0.9393"
"2019-01-04 19:45","0.9666"
"2019-01-04 20:00","0.961"
"2019-01-04 20:15","0.9161"
"2019-01-04 20:30","0.9325"
"2019-01-04 20:45","0.9332"
"2019-01-04 21:00","0.9417"
"2019-01-04 21:15","0.9555"
"2019-01-04 21:30","0.9528"
"2019-01-04 21:45","0.9063"
"2019-01-04 22:00","0.905"
"2019-01-04 22:15","0.8972"
"2019-01-04 22:30","0.8997"
"2019-01-04 22:45","0.8957"
"2019-01-04 23:00","0.9063"
"2019-01-04 23:15","0.8966"
"2019-01-04 23:30","0.8957"
"2019-01-04 23:45","0.8993"
"2019-01-05 00:00","0.9004"
"2019-01-05 00:15","0.9024"
"2019-01-05 00:30","0.8845"
"2019-01-05 00:45","0.9037"
"2019-01-05 01:00","0.8914"
"2019-01-05 01:15","0.9056"
"2019-01-05 01:30","0.8994"
"2019-01-05 01:45","0.9212"
"2019-01-05 02:00","0.9251"
"2019-01-05 02:15","0.8818"
"2019-01-05 02:30","0.8739"
"2019-01-05 02:45","0.8798"
"2019-01-05 03:00","0.8783"
"2019-01-05 03:15","0.8994"
"2019-01-05 03:30","0.9082"
"2019-01-05 03:45","0.9203"
"2019-01-05 04:00","0.9132"
"2019-01-05 04:15","0.9092"
"2019-01-05 04:30","0.9207"
"2019-01-05 04:45","0.9069"
"2019-01-05 05:00","0.9235"
"2019-01-05 05:15","0.9065"
"2019-01-05 05:30","0.9139"
"2019-01-05 05:45","0.9248"
"2019-01-05 06:00","0.9114"
"2019-01-05 06:15","0.9146"
"2019-01-05 06:30","0.9222"
"2019-01-05 06:45","0.9169"
"2019-01-05 07:00","0.9243"
"2019-01-05 07:15","0.9104"
"2019-01-05 07:30","0.9158"
"2019-01-05 07:45","0.9231"
"2019-01-05 08:00","0.9244"
"2019-01-05 08:15","0.9159"
"2019-01-05 08:30","0.914"
"2019-01-05 08:45","0.9129"
"2019-01-05 09:00","0.8886"
"2019-01-05 09:15","0.905"
"2019-01-05 09:30","0.9097"
"2019-01-05 09:45","0.954"
"2019-01-05 10:00","0.9793"
"2019-01-05 10:15","0.9745"
"2019-01-05 10:30","0.9638"
"2019-01-05 10:45","0.957"
"2019-01-05 11:00","0.9398"
"2019-01-05 11:15","0.8904"
"2019-01-05 11:30","0.8784"
"2019-01-05 11:45","0.8756"
"2019-01-05 12:00","0.8829"
"2019-01-05 12:15","0.9304"
"2019-01-05 12:30","0.9304"
"2019-01-05 12:45","0.961"
"2019-01-05 13:00","0.9648"
"2019-01-05 13:15","0.9605"
"2019-01-05 13:30","0.9665"
"2019-01-05 13:45","0.9563"
"2019-01-05 14:00","0.9793"
"2019-01-05 14:15","0.983"
"2019-01-05 14:30","0.9786"
"2019-01-05 14:45","0.9657"
"2019-01-05 15:00","0.9609"
"2019-01-05 15:15","0.9787"
"2019-01-05 15:30","0.9763"
"2019-01-05 15:45","0.9672"
"2019-01-05 16:00","0.9821"
"2019-01-05 16:15","0.9693"
"2019-01-05 16:30","0.9718"
"2019-01-05 16:45","0.9631"
"2019-01-05 17:00","0.9736"
"2019-01-05 17:15","0.954"
"2019-01-05 17:30","0.9779"
"2019-01-05 17:45","0.9632"
"2019-01-05 18:00","0.9761"
"2019-01-05 18:15","0.9683"
"2019-01-05 18:30","0.9719"
"2019-01-05 18:45","0.9821"
"2019-01-05 19:00","0.972"
"2019-01-05 19:15","0.9441"
"2019-01-05 19:30","0.9885"
"2019-01-05 19:45","0.9634"
"2019-01-05 20:00","0.9704"
"2019-01-05 20:15","0.9257"
"2019-01-05 20:30","0.9302"
"2019-01-05 20:45","0.9499"
"2019-01-05 21:00","0.9197"
"2019-01-05 21:15","0.8766"
"2019-01-05 21:30","0.871"
"2019-01-05 21:45","0.8689"
"2019-01-05 22:00","0.8602"
"2019-01-05 22:15","0.8705"
"2019-01-05 22:30","0.8642"
"2019-01-05 22:45","0.8726"
"2019-01-05 23:00","0.8801"
"2019-01-05 23:15","0.8839"
"2019-01-05 23:30","0.9043"
"2019-01-05 23:45","0.9011"
"2019-01-06 00:00","0.8715"
"2019-01-06 00:15","0.8694"
"2019-01-06 00:30","0.8768"
"2019-01-06 00:45","0.8623"
"2019-01-06 01:00","0.8702"
"2019-01-06 01:15","0.868"
"2019-01-06 01:30","0.8733"
"2019-01-06 01:45","0.8685"
"2019-01-06 02:00","0.869"
"2019-01-06 02:15","0.8691"
"2019-01-06 02:30","0.8657"
"2019-01-06 02:45","0.8643"
"2019-01-06 03:00","0.866"
"2019-01-06 03:15","0.8911"
"2019-01-06 03:30","0.8725"
"2019-01-06 03:45","0.8468"
"2019-01-06 04:00","0.8553"
"2019-01-06 04:15","0.8565"
"2019-01-06 04:30","0.8576"
"2019-01-06 04:45","0.8439"
"2019-01-06 05:00","0.8543"
"2019-01-06 05:15","0.8693"
"2019-01-06 05:30","0.9071"
"2019-01-06 05:45","0.8911"
"2019-01-06 06:00","0.886"
"2019-01-06 06:15","0.888"
"2019-01-06 06:30","0.9087"
"2019-01-06 06:45","0.8719"
"2019-01-06 07:00","0.9039"
"2019-01-06 07:15","0.9062"
"2019-01-06 07:30","0.9189"
"2019-01-06 07:45","0.9013"
"2019-01-06 08:00","0.8942"
"2019-01-06 08:15","0.8881"
"2019-01-06 08:30","0.8829"
"2019-01-06 08:45","0.9525"
"2019-01-06 09:00","0.9749"
"2019-01-06 09:15","0.9391"
"2019-01-06 09:30","0.9739"
"2019-01-06 09:45","0.9645"
"2019-01-06 10:00","0.9674"
"2019-01-06 10:15","0.9854"
"2019-01-06 10:30","0.989"
"2019-01-06 10:45","0.9441"
"2019-01-06 11:00","0.9593"
"2019-01-06 11:15","0.9764"
"2019-01-06 11:30","0.9767"
"2019-01-06 11:45","0.9042"
"2019-01-06 12:00","0.9076"
"2019-01-06 12:15","0.8858"
"2019-01-06 12:30","0.9274"
"2019-01-06 12:45","0.9379"
"2019-01-06 13:00","0.9401"
"2019-01-06 13:15","0.9459"
"2019-01-06 13:30","0.9625"
"2019-01-06 13:45","0.9493"
"2019-01-06 14:00","0.9454"
"2019-01-06 14:15","0.9474"
"2019-01-06 14:30","0.9716"
"2019-01-06 14:45","0.9521"
"2019-01-06 15:00","0.9359"
"2019-01-06 15:15","0.9518"
"2019-01-06 15:30","0.966"
"2019-01-06 15:45","0.9437"
"2019-01-06 16:00","0.9535"
"2019-01-06 16:15","0.9687"
"2019-01-06 16:30","0.9582"
"2019-01-06 16:45","0.9287"
"2019-01-06 17:00","0.9578"
"2019-01-06 17:15","0.9435"
"2019-01-06 17:30","0.9652"
"2019-01-06 17:45","0.9439"
"2019-01-06 18:00","0.9443"
"2019-01-06 18:15","0.9437"
"2019-01-06 18:30","0.9663"
"2019-01-06 18:45","0.945"
"2019-01-06 19:00","0.8958"
"2019-01-06 19:15","0.9406"
"2019-01-06 19:30","0.9266"
"2019-01-06 19:45","0.9816"
"2019-01-06 20:00","0.991"
"2019-01-06 20:15","0.9831"
"2019-01-06 20:30","0.9956"
"2019-01-06 20:45","0.9909"
"2019-01-06 21:00","0.9831"
"2019-01-06 21:15","0.9755"
"2019-01-06 21:30","0.9371"
"2019-01-06 21:45","0.9592"
"2019-01-06 22:00","0.9424"
"2019-01-06 22:15","0.8837"
"2019-01-06 22:30","0.8876"
"2019-01-06 22:45","0.8791"
"2019-01-06 23:00","0.8842"
"2019-01-06 23:15","0.9003"
"2019-01-06 23:30","0.916"
"2019-01-06 23:45","0.9218"
"2019-01-07 00:00","0.8912"
"2019-01-07 00:15","0.8873"
"2019-01-07 00:30","0.8784"
"2019-01-07 00:45","0.8863"
"2019-01-07 01:00","0.8844"
"2019-01-07 01:15","0.8811"
"2019-01-07 01:30","0.8863"
"2019-01-07 01:45","0.892"
"2019-01-07 02:00","0.889"
"2019-01-07 02:15","0.8842"
"2019-01-07 02:30","0.8856"
"2019-01-07 02:45","0.8832"
"2019-01-07 03:00","0.888"
"2019-01-07 03:15","0.8817"
"2019-01-07 03:30","0.8922"
"2019-01-07 03:45","0.8815"
"2019-01-07 04:00","0.881"
"2019-01-07 04:15","0.885"
"2019-01-07 04:30","0.8901"
"2019-01-07 04:45","0.8825"
"2019-01-07 05:00","0.8724"
"2019-01-07 05:15","0.8784"
"2019-01-07 05:30","0.917"
"2019-01-07 05:45","0.9133"
"2019-01-07 06:00","0.8782"
"2019-01-07 06:15","0.8805"
"2019-01-07 06:30","0.8879"
"2019-01-07 06:45","0.8942"
"2019-01-07 07:00","0.9038"
"2019-01-07 07:15","0.8891"
"2019-01-07 07:30","0.9049"
"2019-01-07 07:45","0.901"
"2019-01-07 08:00","0.9159"
"2019-01-07 08:15","0.9288"
"2019-01-07 08:30","0.9165"
"2019-01-07 08:45","0.939"
"2019-01-07 09:00","0.974"
"2019-01-07 09:15","0.974"
"2019-01-07 09:30","0.9671"
"2019-01-07 09:45","0.9443"
"2019-01-07 10:00","0.9547"
"2019-01-07 10:15","0.9871"
"2019-01-07 10:30","0.9562"
"2019-01-07 10:45","0.9527"
"2019-01-07 11:00","0.9494"
"2019-01-07 11:15","0.973"
"2019-01-07 11:30","0.9772"
"2019-01-07 11:45","0.9651"
"2019-01-07 12:00","0.9679"
"2019-01-07 12:15","0.968"
"2019-01-07 12:30","0.9646"
"2019-01-07 12:45","0.9639"
"2019-01-07 13:00","0.9577"
"2019-01-07 13:15","0.984"
"2019-01-07 13:30","0.9734"
"2019-01-07 13:45","0.9717"
"2019-01-07 14:00","0.9566"
"2019-01-07 14:15","0.9767"
"2019-01-07 14:30","0.968"
"2019-01-07 14:45","0.9812"
"2019-01-07 15:00","0.976"
"2019-01-07 15:15","0.9751"
"2019-01-07 15:30","0.9816"
"2019-01-07 15:45","0.9632"
"2019-01-07 16:00","0.9751"
"2019-01-07 16:15","0.9642"
"2019-01-07 16:30","0.9599"
"2019-01-07 16:45","0.9631"
"2019-01-07 17:00","0.934"
"2019-01-07 17:15","0.9426"
"2019-01-07 17:30","0.913"
"2019-01-07 17:45","0.9625"
"2019-01-07 18:00","0.9671"
"2019-01-07 18:15","0.9802"
"2019-01-07 18:30","0.9785"
"2019-01-07 18:45","0.9847"
"2019-01-07 19:00","0.9539"
"2019-01-07 19:15","0.9483"
"2019-01-07 19:30","0.9331"
"2019-01-07 19:45","0.9373"
"2019-01-07 20:00","0.9613"
"2019-01-07 20:15","0.9637"
"2019-01-07 20:30","0.9356"
"2019-01-07 20:45","0.9015"
"2019-01-07 21:00","0.9056"
"2019-01-07 21:15","0.9027"
"2019-01-07 21:30","0.9026"
"2019-01-07 21:45","0.8932"
"2019-01-07 22:00","0.8968"
"2019-01-07 22:15","0.9089"
"2019-01-07 22:30","0.8975"
"2019-01-07 22:45","0.8998"
"2019-01-07 23:00","0.8992"
"2019-01-07 23:15","0.8961"
"2019-01-07 23:30","0.9059"
"2019-01-07 23:45","0.8978"
"2019-01-08 00:00","0.9237"
"2019-01-08 00:15","0.9329"
"2019-01-08 00:30","0.9101"
"2019-01-08 00:45","0.8936"
"2019-01-08 01:00","0.8991"
"2019-01-08 01:15","0.8975"
"2019-01-08 01:30","0.8964"
"2019-01-08 01:45","0.8889"
"2019-01-08 02:00","0.8974"
"2019-01-08 02:15","0.8909"
"2019-01-08 02:30","0.8838"
"2019-01-08 02:45","0.883"
"2019-01-08 03:00","0.8732"
"2019-01-08 03:15","0.8821"
"2019-01-08 03:30","0.8853"
"2019-01-08 03:45","0.8793"
"2019-01-08 04:00","0.9214"
"2019-01-08 04:15","0.9191"
"2019-01-08 04:30","0.9047"
"2019-01-08 04:45","0.9186"
"2019-01-08 05:00","0.9142"
"2019-01-08 05:15","0.9105"
"2019-01-08 05:30","0.9241"
"2019-01-08 05:45","0.9143"
"2019-01-08 06:00","0.9185"
"2019-01-08 06:15","0.9205"
"2019-01-08 06:30","0.9184"
"2019-01-08 06:45","0.9068"
"2019-01-08 07:00","0.9063"
"2019-01-08 07:15","0.9183"
"2019-01-08 07:30","0.9159"
"2019-01-08 07:45","0.9212"
"2019-01-08 08:00","0.9081"
"2019-01-08 08:15","0.925"
"2019-01-08 08:30","0.9283"
"2019-01-08 08:45","0.9731"
"2019-01-08 09:00","0.9795"
"2019-01-08 09:15","0.9304"
"2019-01-08 09:30","0.9745"
"2019-01-08 09:45","0.9858"
"2019-01-08 10:00","0.973"
"2019-01-08 10:15","0.9723"
"2019-01-08 10:30","0.9632"
"2019-01-08 10:45","0.9796"
"2019-01-08 11:00","0.9733"
"2019-01-08 11:15","0.9582"
"2019-01-08 11:30","0.9607"
"2019-01-08 11:45","0.9836"
"2019-01-08 12:00","0.9771"
"2019-01-08 12:15","0.9397"
"2019-01-08 12:30","0.9329"
"2019-01-08 12:45","0.939"
"2019-01-08 13:00","0.9706"
"2019-01-08 13:15","0.9727"
"2019-01-08 13:30","0.9644"
"2019-01-08 13:45","0.9779"
"2019-01-08 14:00","0.9788"
"2019-01-08 14:15","0.9802"
"2019-01-08 14:30","0.9716"
"2019-01-08 14:45","0.9808"
"2019-01-08 15:00","0.9582"
"2019-01-08 15:15","0.9603"
"2019-01-08 15:30","0.945"
"2019-01-08 15:45","0.9757"
"2019-01-08 16:00","0.9605"
"2019-01-08 16:15","0.9441"
"2019-01-08 16:30","0.9589"
"2019-01-08 16:45","0.9406"
"2019-01-08 17:00","0.9237"
"2019-01-08 17:15","0.9478"
"2019-01-08 17:30","0.9676"
"2019-01-08 17:45","0.9675"
"2019-01-08 18:00","0.9377"
"2019-01-08 18:15","0.9497"
"2019-01-08 18:30","0.9392"
"2019-01-08 18:45","0.9395"
"2019-01-08 19:00","0.9082"
"2019-01-08 19:15","0.9713"
"2019-01-08 19:30","0.9599"
"2019-01-08 19:45","0.9398"
"2019-01-08 20:00","0.9594"
"2019-01-08 20:15","0.9387"
"2019-01-08 20:30","0.9224"
"2019-01-08 20:45","0.9527"
"2019-01-08 21:00","0.9517"
"2019-01-08 21:15","0.953"
"2019-01-08 21:30","0.9051"
"2019-01-08 21:45","0.9148"
"2019-01-08 22:00","0.9223"
"2019-01-08 22:15","0.9122"
"2019-01-08 22:30","0.9212"
"2019-01-08 22:45","0.9026"
"2019-01-08 23:00","0.9107"
"2019-01-08 23:15","0.9172"
"2019-01-08 23:30","0.9064"
"2019-01-08 23:45","0.9132"
"2019-01-09 00:00","0.9189"
"2019-01-09 00:15","0.9117"
"2019-01-09 00:30","0.9089"
"2019-01-09 00:45","0.9005"
"2019-01-09 01:00","0.8947"
"2019-01-09 01:15","0.9116"
"2019-01-09 01:30","0.9209"
"2019-01-09 01:45","0.9149"
"2019-01-09 02:00","0.9094"
"2019-01-09 02:15","0.9242"
"2019-01-09 02:30","0.9078"
"2019-01-09 02:45","0.9204"
"2019-01-09 03:00","0.9155"
"2019-01-09 03:15","0.9072"
"2019-01-09 03:30","0.9261"
"2019-01-09 03:45","0.903"
"2019-01-09 04:00","0.9186"
"2019-01-09 04:15","0.9232"
"2019-01-09 04:30","0.9151"
"2019-01-09 04:45","0.9131"
"2019-01-09 05:00","0.9207"
"2019-01-09 05:15","0.9126"
"2019-01-09 05:30","0.9181"
"2019-01-09 05:45","0.9162"
"2019-01-09 06:00","0.9173"
"2019-01-09 06:15","0.9232"
"2019-01-09 06:30","0.9169"
"2019-01-09 06:45","0.9067"
"2019-01-09 07:00","0.9065"
"2019-01-09 07:15","0.9152"
"2019-01-09 07:30","0.913"
"2019-01-09 07:45","0.9254"
"2019-01-09 08:00","0.908"
"2019-01-09 08:15","0.9218"
"2019-01-09 08:30","0.9475"
"2019-01-09 08:45","0.953"
"2019-01-09 09:00","0.9244"
"2019-01-09 09:15","0.9818"
"2019-01-09 09:30","0.9877"
"2019-01-09 09:45","0.979"
"2019-01-09 10:00","0.9628"
"2019-01-09 10:15","0.9546"
"2019-01-09 10:30","0.9824"
"2019-01-09 10:45","0.973"
"2019-01-09 11:00","0.9874"
"2019-01-09 11:15","0.9668"
"2019-01-09 11:30","0.976"
"2019-01-09 11:45","0.9592"
"2019-01-09 12:00","0.9657"
"2019-01-09 12:15","0.9574"
"2019-01-09 12:30","0.9673"
"2019-01-09 12:45","0.9617"
"2019-01-09 13:00","0.9536"
"2019-01-09 13:15","0.9598"
"2019-01-09 13:30","0.9471"
"2019-01-09 13:45","0.9638"
"2019-01-09 14:00","0.9495"
"2019-01-09 14:15","0.9462"
"2019-01-09 14:30","0.9595"
"2019-01-09 14:45","0.9535"
"2019-01-09 15:00","0.9618"
"2019-01-09 15:15","0.9542"
"2019-01-09 15:30","0.9314"
"2019-01-09 15:45","0.9461"
"2019-01-09 16:00","0.9538"
"2019-01-09 16:15","0.9444"
"2019-01-09 16:30","0.9107"
"2019-01-09 16:45","0.8783"
"2019-01-09 17:00","0.8937"
"2019-01-09 17:15","0.9473"
"2019-01-09 17:30","0.9419"
"2019-01-09 17:45","0.9277"
"2019-01-09 18:00","0.9274"
"2019-01-09 18:15","0.9213"
"2019-01-09 18:30","0.949"
"2019-01-09 18:45","0.9591"
"2019-01-09 19:00","0.9338"
"2019-01-09 19:15","0.9467"
"2019-01-09 19:30","0.9357"
"2019-01-09 19:45","0.9562"
"2019-01-09 20:00","0.9308"
"2019-01-09 20:15","0.9579"
"2019-01-09 20:30","0.9337"
"2019-01-09 20:45","0.8968"
"2019-01-09 21:00","0.8933"
"2019-01-09 21:15","0.8875"
"2019-01-09 21:30","0.8935"
"2019-01-09 21:45","0.8858"
"2019-01-09 22:00","0.8855"
"2019-01-09 22:15","0.8799"
"2019-01-09 22:30","0.8792"
"2019-01-09 22:45","0.8862"
"2019-01-09 23:00","0.8804"
"2019-01-09 23:15","0.8794"
"2019-01-09 23:30","0.8743"
"2019-01-09 23:45","0.871"
"2019-01-10 00:00","0.8833"
"2019-01-10 00:15","0.8886"
"2019-01-10 00:30","0.9134"
"2019-01-10 00:45","0.9137"
"2019-01-10 01:00","0.8739"
"2019-01-10 01:15","0.8816"
"2019-01-10 01:30","0.8723"
"2019-01-10 01:45","0.8803"
"2019-01-10 02:00","0.8699"
"2019-01-10 02:15","0.8652"
"2019-01-10 02:30","0.8707"
"2019-01-10 02:45","0.8671"
"2019-01-10 03:00","0.8712"
"2019-01-10 03:15","0.8651"
"2019-01-10 03:30","0.8518"
"2019-01-10 03:45","0.854"
"2019-01-10 04:00","0.8579"
"2019-01-10 04:15","0.8508"
"2019-01-10 04:30","0.8559"
"2019-01-10 04:45","0.8587"
"2019-01-10 05:00","0.8698"
"2019-01-10 05:15","0.8875"
"2019-01-10 05:30","0.8903"
"2019-01-10 05:45","0.8894"
"2019-01-10 06:00","0.8828"
"2019-01-10 06:15","0.8991"
"2019-01-10 06:30","0.9222"
"2019-01-10 06:45","0.9198"
"2019-01-10 07:00","0.9113"
"2019-01-10 07:15","0.9022"
"2019-01-10 07:30","0.9166"
"2019-01-10 07:45","0.916"
"2019-01-10 08:00","0.9126"
"2019-01-10 08:15","0.9067"
"2019-01-10 08:30","0.9046"
"2019-01-10 08:45","0.9176"
"2019-01-10 09:00","0.9217"
"2019-01-10 09:15","0.9167"
"2019-01-10 09:30","0.9378"
"2019-01-10 09:45","0.9523"
"2019-01-10 10:00","0.969"
"2019-01-10 10:15","0.9715"
"2019-01-10 10:30","0.9652"
"2019-01-10 10:45","0.9645"
"2019-01-10 11:00","0.9847"
"2019-01-10 11:15","0.9657"
"2019-01-10 11:30","0.9576"
"2019-01-10 11:45","0.9644"
"2019-01-10 12:00","0.9778"
"2019-01-10 12:15","0.9529"
"2019-01-10 12:30","0.9333"
"2019-01-10 12:45","0.9327"
"2019-01-10 13:00","0.9238"
"2019-01-10 13:15","0.9598"
"2019-01-10 13:30","0.9774"
"2019-01-10 13:45","0.946"
"2019-01-10 14:00","0.959"
"2019-01-10 14:15","0.9649"
"2019-01-10 14:30","0.976"
"2019-01-10 14:45","0.9717"
"2019-01-10 15:00","0.9817"
"2019-01-10 15:15","0.981"
"2019-01-10 15:30","0.965"
"2019-01-10 15:45","0.9757"
"2019-01-10 16:00","0.9483"
"2019-01-10 16:15","0.9599"
"2019-01-10 16:30","0.9659"
"2019-01-10 16:45","0.9665"
"2019-01-10 17:00","0.9323"
"2019-01-10 17:15","0.9304"
"2019-01-10 17:30","0.8908"
"2019-01-10 17:45","0.9472"
"2019-01-10 18:00","0.9766"
"2019-01-10 18:15","0.9523"
"2019-01-10 18:30","0.9729"
"2019-01-10 18:45","0.9765"
"2019-01-10 19:00","0.9131"
"2019-01-10 19:15","0.9094"
"2019-01-10 19:30","0.9598"
"2019-01-10 19:45","0.9819"
"2019-01-10 20:00","0.9811"
"2019-01-10 20:15","0.9536"
"2019-01-10 20:30","0.9765"
"2019-01-10 20:45","0.9605"
"2019-01-10 21:00","0.9629"
"2019-01-10 21:15","0.8868"
"2019-01-10 21:30","0.8993"
"2019-01-10 21:45","0.9014"
"2019-01-10 22:00","0.884"
"2019-01-10 22:15","0.9006"
"2019-01-10 22:30","0.8929"
"2019-01-10 22:45","0.8942"
"2019-01-10 23:00","0.9019"
"2019-01-10 23:15","0.9112"
"2019-01-10 23:30","0.9211"
"2019-01-10 23:45","0.9242"
"2019-01-11 00:00","0.9111"
"2019-01-11 00:15","0.8996"
"2019-01-11 00:30","0.8992"
"2019-01-11 00:45","0.9282"
"2019-01-11 01:00","0.932"
"2019-01-11 01:15","0.9077"
"2019-01-11 01:30","0.9045"
"2019-01-11 01:45","0.9047"
"2019-01-11 02:00","0.9295"
"2019-01-11 02:15","0.9042"
"2019-01-11 02:30","0.8999"
"2019-01-11 02:45","0.9185"
"2019-01-11 03:00","0.9096"
"2019-01-11 03:15","0.9207"
"2019-01-11 03:30","0.9166"
"2019-01-11 03:45","0.9207"
"2019-01-11 04:00","0.9215"
"2019-01-11 04:15","0.9086"
"2019-01-11 04:30","0.9252"
"2019-01-11 04:45","0.9291"
"2019-01-11 05:00","0.9049"
"2019-01-11 05:15","0.9349"
"2019-01-11 05:30","0.926"
"2019-01-11 05:45","0.908"
"2019-01-11 06:00","0.9312"
"2019-01-11 06:15","0.9331"
"2019-01-11 06:30","0.9008"
"2019-01-11 06:45","0.9252"
"2019-01-11 07:00","0.9198"
"2019-01-11 07:15","0.905"
"2019-01-11 07:30","0.901"
"2019-01-11 07:45","0.9086"
"2019-01-11 08:00","0.9251"
"2019-01-11 08:15","0.966"
"2019-01-11 08:30","0.9703"
"2019-01-11 08:45","0.9447"
"2019-01-11 09:00","0.9704"
"2019-01-11 09:15","0.9617"
"2019-01-11 09:30","0.9736"
"2019-01-11 09:45","0.9742"
"2019-01-11 10:00","0.9628"
"2019-01-11 10:15","0.9692"
"2019-01-11 10:30","0.9765"
"2019-01-11 10:45","0.9901"
"2019-01-11 11:00","0.977"
"2019-01-11 11:15","0.9672"
"2019-01-11 11:30","0.9709"
"2019-01-11 11:45","0.9477"
"2019-01-11 12:00","0.9519"
"2019-01-11 12:15","0.9166"
"2019-01-11 12:30","0.905"
"2019-01-11 12:45","0.928"
"2019-01-11 13:00","0.9345"
"2019-01-11 13:15","0.9643"
"2019-01-11 13:30","0.9712"
"2019-01-11 13:45","0.9491"
"2019-01-11 14:00","0.9409"
"2019-01-11 14:15","0.9419"
"2019-01-11 14:30","0.9317"
"2019-01-11 14:45","0.9553"
"2019-01-11 15:00","0.944"
"2019-01-11 15:15","0.9693"
"2019-01-11 15:30","0.9629"
"2019-01-11 15:45","0.9314"
"2019-01-11 16:00","0.9465"
"2019-01-11 16:15","0.9507"
"2019-01-11 16:30","0.9675"
"2019-01-11 16:45","0.9444"
"2019-01-11 17:00","0.9232"
"2019-01-11 17:15","0.9425"
"2019-01-11 17:30","0.9166"
"2019-01-11 17:45","0.9637"
"2019-01-11 18:00","0.9191"
"2019-01-11 18:15","0.9596"
"2019-01-11 18:30","0.9679"
"2019-01-11 18:45","0.9559"
"2019-01-11 19:00","0.9425"
"2019-01-11 19:15","0.9735"
"2019-01-11 19:30","0.9654"
"2019-01-11 19:45","0.9512"
"2019-01-11 20:00","0.9358"
"2019-01-11 20:15","0.9454"
"2019-01-11 20:30","0.9615"
"2019-01-11 20:45","0.9424"
"2019-01-11 21:00","0.9098"
"2019-01-11 21:15","0.8932"
"2019-01-11 21:30","0.8921"
"2019-01-11 21:45","0.8923"
"2019-01-11 22:00","0.8917"
"2019-01-11 22:15","0.8991"
"2019-01-11 22:30","0.8851"
"2019-01-11 22:45","0.8956"
"2019-01-11 23:00","0.8902"
"2019-01-11 23:15","0.8935"
"2019-01-11 23:30","0.8885"
"2019-01-11 23:45","0.8875"
"2019-01-12 00:00","0.8943"
"2019-01-12 00:15","0.896"
"2019-01-12 00:30","0.8892"
"2019-01-12 00:45","0.8908"
"2019-01-12 01:00","0.9217"
"2019-01-12 01:15","0.9165"
"2019-01-12 01:30","0.8967"
"2019-01-12 01:45","0.8869"
"2019-01-12 02:00","0.8875"
"2019-01-12 02:15","0.8921"
"2019-01-12 02:30","0.8869"
"2019-01-12 02:45","0.891"
"2019-01-12 03:00","0.9185"
"2019-01-12 03:15","0.9174"
"2019-01-12 03:30","0.911"
"2019-01-12 03:45","0.9147"
"2019-01-12 04:00","0.9183"
"2019-01-12 04:15","0.9152"
"2019-01-12 04:30","0.9114"
"2019-01-12 04:45","0.9238"
"2019-01-12 05:00","0.9169"
"2019-01-12 05:15","0.9157"
"2019-01-12 05:30","0.913"
"2019-01-12 05:45","0.921"
"2019-01-12 06:00","0.924"
"2019-01-12 06:15","0.91"
"2019-01-12 06:30","0.9094"
"2019-01-12 06:45","0.9254"
"2019-01-12 07:00","0.9213"
"2019-01-12 07:15","0.9253"
"2019-01-12 07:30","0.9132"
"2019-01-12 07:45","0.9075"
"2019-01-12 08:00","0.917"
"2019-01-12 08:15","0.9205"
"2019-01-12 08:30","0.9042"
"2019-01-12 08:45","0.9232"
"2019-01-12 09:00","0.9037"
"2019-01-12 09:15","0.9294"
"2019-01-12 09:30","0.9713"
"2019-01-12 09:45","0.9542"
"2019-01-12 10:00","0.9089"
"2019-01-12 10:15","0.9638"
"2019-01-12 10:30","0.9694"
"2019-01-12 10:45","0.9582"
"2019-01-12 11:00","0.942"
"2019-01-12 11:15","0.9659"
"2019-01-12 11:30","0.9529"
"2019-01-12 11:45","0.9721"
"2019-01-12 12:00","0.9372"
"2019-01-12 12:15","0.9197"
"2019-01-12 12:30","0.9465"
"2019-01-12 12:45","0.9385"
"2019-01-12 13:00","0.9506"
"2019-01-12 13:15","0.9456"
"2019-01-12 13:30","0.9557"
"2019-01-12 13:45","0.9381"
"2019-01-12 14:00","0.9538"
"2019-01-12 14:15","0.9736"
"2019-01-12 14:30","0.9517"
"2019-01-12 14:45","0.9716"
"2019-01-12 15:00","0.9073"
"2019-01-12 15:15","0.9549"
"2019-01-12 15:30","0.9695"
"2019-01-12 15:45","0.9562"
"2019-01-12 16:00","0.9739"
"2019-01-12 16:15","0.9526"
"2019-01-12 16:30","0.9492"
"2019-01-12 16:45","0.9398"
"2019-01-12 17:00","0.9573"
"2019-01-12 17:15","0.9581"
"2019-01-12 17:30","0.9494"
"2019-01-12 17:45","0.9522"
"2019-01-12 18:00","0.9582"
"2019-01-12 18:15","0.8999"
"2019-01-12 18:30","0.9712"
"2019-01-12 18:45","0.9514"
"2019-01-12 19:00","0.9567"
"2019-01-12 19:15","0.9188"
"2019-01-12 19:30","0.932"
"2019-01-12 19:45","0.9657"
"2019-01-12 20:00","0.9458"
"2019-01-12 20:15","0.9489"
"2019-01-12 20:30","0.9843"
"2019-01-12 20:45","0.975"
"2019-01-12 21:00","0.9467"
"2019-01-12 21:15","0.9491"
"2019-01-12 21:30","0.9138"
"2019-01-12 21:45","0.8933"
"2019-01-12 22:00","0.8748"
"2019-01-12 22:15","0.879"
"2019-01-12 22:30","0.8822"
"2019-01-12 22:45","0.8809"
"2019-01-12 23:00","0.8741"
"2019-01-12 23:15","0.8791"
"2019-01-12 23:30","0.8799"
"2019-01-12 23:45","0.8843"
"2019-01-13 00:00","0.8824"
"2019-01-13 00:15","0.8674"
"2019-01-13 00:30","0.8821"
"2019-01-13 00:45","0.8761"
"2019-01-13 01:00","0.9049"
"2019-01-13 01:15","0.9177"
"2019-01-13 01:30","0.884"
"2019-01-13 01:45","0.8805"
"2019-01-13 02:00","0.8694"
"2019-01-13 02:15","0.8742"
"2019-01-13 02:30","0.8874"
"2019-01-13 02:45","0.8794"
"2019-01-13 03:00","0.9029"
"2019-01-13 03:15","0.9272"
"2019-01-13 03:30","0.922"
"2019-01-13 03:45","0.9121"
"2019-01-13 04:00","0.9151"
"2019-01-13 04:15","0.9218"
"2019-01-13 04:30","0.9145"
"2019-01-13 04:45","0.9315"
"2019-01-13 05:00","0.9155"
"2019-01-13 05:15","0.92"
"2019-01-13 05:30","0.906"
"2019-01-13 05:45","0.9186"
"2019-01-13 06:00","0.909"
"2019-01-13 06:15","0.9301"
"2019-01-13 06:30","0.9224"
"2019-01-13 06:45","0.9127"
"2019-01-13 07:00","0.921"
"2019-01-13 07:15","0.9139"
"2019-01-13 07:30","0.9116"
"2019-01-13 07:45","0.9056"
"2019-01-13 08:00","0.9014"
"2019-01-13 08:15","0.907"
"2019-01-13 08:30","0.9241"
"2019-01-13 08:45","0.9629"
"2019-01-13 09:00","0.9572"
"2019-01-13 09:15","0.9392"
"2019-01-13 09:30","0.9397"
"2019-01-13 09:45","0.9633"
"2019-01-13 10:00","0.9542"
"2019-01-13 10:15","0.9578"
"2019-01-13 10:30","0.9468"
"2019-01-13 10:45","0.9069"
"2019-01-13 11:00","0.9212"
"2019-01-13 11:15","0.8957"
"2019-01-13 11:30","0.9412"
"2019-01-13 11:45","0.9001"
"2019-01-13 12:00","0.924"
"2019-01-13 12:15","0.9381"
"2019-01-13 12:30","0.9271"
"2019-01-13 12:45","0.91"
"2019-01-13 13:00","0.9197"
"2019-01-13 13:15","0.9421"
"2019-01-13 13:30","0.9441"
"2019-01-13 13:45","0.972"
"2019-01-13 14:00","0.9534"
"2019-01-13 14:15","0.9684"
"2019-01-13 14:30","0.965"
"2019-01-13 14:45","0.9542"
"2019-01-13 15:00","0.9436"
"2019-01-13 15:15","0.9683"
"2019-01-13 15:30","0.9654"
"2019-01-13 15:45","0.9382"
"2019-01-13 16:00","0.9726"
"2019-01-13 16:15","0.9655"
"2019-01-13 16:30","0.9621"
"2019-01-13 16:45","0.9603"
"2019-01-13 17:00","0.947"
"2019-01-13 17:15","0.949"
"2019-01-13 17:30","0.953"
"2019-01-13 17:45","0.8838"
"2019-01-13 18:00","0.8845"
"2019-01-13 18:15","0.9559"
"2019-01-13 18:30","0.9225"
"2019-01-13 18:45","0.9662"
"2019-01-13 19:00","0.9232"
"2019-01-13 19:15","0.9515"
"2019-01-13 19:30","0.961"
"2019-01-13 19:45","0.9649"
"2019-01-13 20:00","0.9269"
"2019-01-13 20:15","0.9506"
"2019-01-13 20:30","0.9254"
"2019-01-13 20:45","0.9682"
"2019-01-13 21:00","0.978"
"2019-01-13 21:15","0.9668"
"2019-01-13 21:30","0.9295"
"2019-01-13 21:45","0.9367"
"2019-01-13 22:00","0.9657"
"2019-01-13 22:15","0.9679"
"2019-01-13 22:30","0.9387"
"2019-01-13 22:45","0.8935"
"2019-01-13 23:00","0.8866"
"2019-01-13 23:15","0.8897"
"2019-01-13 23:30","0.8861"
"2019-01-13 23:45","0.9016"
"2019-01-14 00:00","0.8976"
"2019-01-14 00:15","0.8948"
"2019-01-14 00:30","0.9049"
"2019-01-14 00:45","0.8911"
"2019-01-14 01:00","0.8932"
"2019-01-14 01:15","0.888"
"2019-01-14 01:30","0.8761"
"2019-01-14 01:45","0.883"
"2019-01-14 02:00","0.8854"
"2019-01-14 02:15","0.8849"
"2019-01-14 02:30","0.8822"
"2019-01-14 02:45","0.8956"
"2019-01-14 03:00","0.9156"
"2019-01-14 03:15","0.9132"
"2019-01-14 03:30","0.8738"
"2019-01-14 03:45","0.882"
"2019-01-14 04:00","0.8884"
"2019-01-14 04:15","0.8807"
"2019-01-14 04:30","0.8861"
"2019-01-14 04:45","0.8884"
"2019-01-14 05:00","0.892"
"2019-01-14 05:15","0.9039"
"2019-01-14 05:30","0.9045"
"2019-01-14 05:45","0.9188"
"2019-01-14 06:00","0.9159"
"2019-01-14 06:15","0.8912"
"2019-01-14 06:30","0.9185"
"2019-01-14 06:45","0.9183"
"2019-01-14 07:00","0.9073"
"2019-01-14 07:15","0.9112"
"2019-01-14 07:30","0.9151"
"2019-01-14 07:45","0.9042"
"2019-01-14 08:00","0.93"
"2019-01-14 08:15","0.9308"
"2019-01-14 08:30","0.9505"
"2019-01-14 08:45","0.9636"
"2019-01-14 09:00","0.9652"
"2019-01-14 09:15","0.966"
"2019-01-14 09:30","0.9803"
"2019-01-14 09:45","0.9668"
"2019-01-14 10:00","0.9582"
"2019-01-14 10:15","0.9699"
"2019-01-14 10:30","0.9666"
"2019-01-14 10:45","0.8842"
"2019-01-14 11:00","0.9055"
"2019-01-14 11:15","0.907"
"2019-01-14 11:30","0.8796"
"2019-01-14 11:45","0.8938"
"2019-01-14 12:00","0.9062"
"2019-01-14 12:15","0.9247"
"2019-01-14 12:30","0.9196"
"2019-01-14 12:45","0.8951"
"2019-01-14 13:00","0.9304"
"2019-01-14 13:15","0.9397"
"2019-01-14 13:30","0.9393"
"2019-01-14 13:45","0.9733"
"2019-01-14 14:00","0.9497"
"2019-01-14 14:15","0.9475"
"2019-01-14 14:30","0.9606"
"2019-01-14 14:45","0.9765"
"2019-01-14 15:00","0.9566"
"2019-01-14 15:15","0.9571"
"2019-01-14 15:30","0.925"
"2019-01-14 15:45","0.9245"
"2019-01-14 16:00","0.9443"
"2019-01-14 16:15","0.9632"
"2019-01-14 16:30","0.967"
"2019-01-14 16:45","0.9018"
"2019-01-14 17:00","0.9316"
"2019-01-14 17:15","0.967"
"2019-01-14 17:30","0.947"
"2019-01-14 17:45","0.8979"
"2019-01-14 18:00","0.8638"
"2019-01-14 18:15","0.9086"
"2019-01-14 18:30","0.9044"
"2019-01-14 18:45","0.9538"
"2019-01-14 19:00","0.9693"
"2019-01-14 19:15","0.9757"
"2019-01-14 19:30","0.9337"
"2019-01-14 19:45","0.8843"
"2019-01-14 20:00","0.8691"
"2019-01-14 20:15","0.8417"
"2019-01-14 20:30","0.9419"
"2019-01-14 20:45","0.9122"
"2019-01-14 21:00","0.9038"
"2019-01-14 21:15","0.9081"
"2019-01-14 21:30","0.9105"
"2019-01-14 21:45","0.9072"
"2019-01-14 22:00","0.9121"
"2019-01-14 22:15","0.9094"
"2019-01-14 22:30","0.9021"
"2019-01-14 22:45","0.9057"
"2019-01-14 23:00","0.9101"
"2019-01-14 23:15","0.8947"
"2019-01-14 23:30","0.9107"
"2019-01-14 23:45","0.9108"
"2019-01-15 00:00","0.914"
"2019-01-15 00:15","0.8995"
"2019-01-15 00:30","0.9228"
"2019-01-15 00:45","0.9164"
"2019-01-15 01:00","0.9028"
"2019-01-15 01:15","0.9113"
"2019-01-15 01:30","0.9013"
"2019-01-15 01:45","0.9066"
"2019-01-15 02:00","0.9074"
"2019-01-15 02:15","0.9016"
"2019-01-15 02:30","0.9062"
"2019-01-15 02:45","0.9209"
"2019-01-15 03:00","0.8993"
"2019-01-15 03:15","0.9005"
"2019-01-15 03:30","0.9168"
"2019-01-15 03:45","0.9052"
"2019-01-15 04:00","0.9112"
"2019-01-15 04:15","0.8978"
"2019-01-15 04:30","0.8919"
"2019-01-15 04:45","0.8982"
"2019-01-15 05:00","0.9052"
"2019-01-15 05:15","0.9046"
"2019-01-15 05:30","0.9065"
"2019-01-15 05:45","0.9099"
"2019-01-15 06:00","0.9239"
"2019-01-15 06:15","0.903"
"2019-01-15 06:30","0.9072"
"2019-01-15 06:45","0.9077"
"2019-01-15 07:00","0.9165"
"2019-01-15 07:15","0.9211"
"2019-01-15 07:30","0.9065"
"2019-01-15 07:45","0.9167"
"2019-01-15 08:00","0.9142"
"2019-01-15 08:15","0.9231"
"2019-01-15 08:30","0.915"
"2019-01-15 08:45","0.8861"
"2019-01-15 09:00","0.8879"
"2019-01-15 09:15","0.9476"
"2019-01-15 09:30","0.9532"
"2019-01-15 09:45","0.956"
"2019-01-15 10:00","0.9517"
"2019-01-15 10:15","0.9505"
"2019-01-15 10:30","0.9607"
"2019-01-15 10:45","0.9841"
"2019-01-15 11:00","0.9676"
"2019-01-15 11:15","0.9468"
"2019-01-15 11:30","0.9263"
"2019-01-15 11:45","0.8812"
"2019-01-15 12:00","0.9163"
"2019-01-15 12:15","0.9525"
"2019-01-15 12:30","0.9332"
"2019-01-15 12:45","0.8972"
"2019-01-15 13:00","0.9167"
"2019-01-15 13:15","0.938"
"2019-01-15 13:30","0.9453"
"2019-01-15 13:45","0.9327"
"2019-01-15 14:00","0.9462"
"2019-01-15 14:15","0.9646"
"2019-01-15 14:30","0.9638"
"2019-01-15 14:45","0.9534"
"2019-01-15 15:00","0.9512"
"2019-01-15 15:15","0.9615"
"2019-01-15 15:30","0.9682"
"2019-01-15 15:45","0.9641"
"2019-01-15 16:00","0.9723"
"2019-01-15 16:15","0.9291"
"2019-01-15 16:30","0.9059"
"2019-01-15 16:45","0.9507"
"2019-01-15 17:00","0.9265"
"2019-01-15 17:15","0.9585"
"2019-01-15 17:30","0.9594"
"2019-01-15 17:45","0.9541"
"2019-01-15 18:00","0.9652"
"2019-01-15 18:15","0.942"
"2019-01-15 18:30","0.95"
"2019-01-15 18:45","0.9461"
"2019-01-15 19:00","0.9624"
"2019-01-15 19:15","0.9459"
"2019-01-15 19:30","0.9338"
"2019-01-15 19:45","0.9505"
"2019-01-15 20:00","0.9898"
"2019-01-15 20:15","0.9735"
"2019-01-15 20:30","0.9495"
"2019-01-15 20:45","0.9508"
"2019-01-15 21:00","0.9101"
"2019-01-15 21:15","0.8745"
"2019-01-15 21:30","0.8672"
"2019-01-15 21:45","0.9021"
"2019-01-15 22:00","0.9089"
"2019-01-15 22:15","0.892"
"2019-01-15 22:30","0.8653"
"2019-01-15 22:45","0.8697"
"2019-01-15 23:00","0.8748"
"2019-01-15 23:15","0.8688"
"2019-01-15 23:30","0.8767"
"2019-01-15 23:45","0.8678"
"2019-01-16 00:00","0.8791"
"2019-01-16 00:15","0.8774"
"2019-01-16 00:30","0.879"
"2019-01-16 00:45","0.8692"
"2019-01-16 01:00","0.875"
"2019-01-16 01:15","0.8796"
"2019-01-16 01:30","0.8823"
"2019-01-16 01:45","0.8714"
"2019-01-16 02:00","0.882"
"2019-01-16 02:15","0.878"
"2019-01-16 02:30","0.8778"
"2019-01-16 02:45","0.8659"
"2019-01-16 03:00","0.8662"
"2019-01-16 03:15","0.8616"
"2019-01-16 03:30","0.8642"
"2019-01-16 03:45","0.8989"
"2019-01-16 04:00","0.9"
"2019-01-16 04:15","0.8818"
"2019-01-16 04:30","0.8671"
"2019-01-16 04:45","0.8847"
"2019-01-16 05:00","0.8791"
"2019-01-16 05:15","0.8838"
"2019-01-16 05:30","0.9102"
"2019-01-16 05:45","0.9053"
"2019-01-16 06:00","0.9097"
"2019-01-16 06:15","0.9188"
"2019-01-16 06:30","0.9046"
"2019-01-16 06:45","0.92"
"2019-01-16 07:00","0.9187"
"2019-01-16 07:15","0.9012"
"2019-01-16 07:30","0.9157"
"2019-01-16 07:45","0.9231"
"2019-01-16 08:00","0.9414"
"2019-01-16 08:15","0.9594"
"2019-01-16 08:30","0.9578"
"2019-01-16 08:45","0.916"
"2019-01-16 09:00","0.9169"
"2019-01-16 09:15","0.9028"
"2019-01-16 09:30","0.9244"
"2019-01-16 09:45","0.9462"
"2019-01-16 10:00","0.9553"
"2019-01-16 10:15","0.9637"
"2019-01-16 10:30","0.9727"
"2019-01-16 10:45","0.9563"
"2019-01-16 11:00","0.9845"
"2019-01-16 11:15","0.9919"
"2019-01-16 11:30","0.9799"
"2019-01-16 11:45","0.923"
"2019-01-16 12:00","0.906"
"2019-01-16 12:15","0.9015"
"2019-01-16 12:30","0.9175"
"2019-01-16 12:45","0.899"
"2019-01-16 13:00","0.966"
"2019-01-16 13:15","0.9595"
"2019-01-16 13:30","0.9442"
"2019-01-16 13:45","0.9461"
"2019-01-16 14:00","0.9556"
"2019-01-16 14:15","0.9693"
"2019-01-16 14:30","0.9682"
"2019-01-16 14:45","0.9621"
"2019-01-16 15:00","0.9694"
"2019-01-16 15:15","0.9623"
"2019-01-16 15:30","0.9388"
"2019-01-16 15:45","0.9632"
"2019-01-16 16:00","0.9661"
"2019-01-16 16:15","0.9659"
"2019-01-16 16:30","0.8993"
"2019-01-16 16:45","0.967"
"2019-01-16 17:00","0.9116"
"2019-01-16 17:15","0.9458"
"2019-01-16 17:30","0.8784"
"2019-01-16 17:45","0.8723"
"2019-01-16 18:00","0.9486"
"2019-01-16 18:15","0.9535"
"2019-01-16 18:30","0.9311"
"2019-01-16 18:45","0.9475"
"2019-01-16 19:00","0.9528"
"2019-01-16 19:15","0.9603"
"2019-01-16 19:30","0.9264"
"2019-01-16 19:45","0.972"
"2019-01-16 20:00","0.9303"
"2019-01-16 20:15","0.9367"
"2019-01-16 20:30","0.8703"
"2019-01-16 20:45","0.8819"
"2019-01-16 21:00","0.9655"
"2019-01-16 21:15","0.9425"
"2019-01-16 21:30","0.9541"
"2019-01-16 21:45","0.9499"
"2019-01-16 22:00","0.94"
"2019-01-16 22:15","0.8861"
"2019-01-16 22:30","0.8847"
"2019-01-16 22:45","0.881"
"2019-01-16 23:00","0.8856"
"2019-01-16 23:15","0.8784"
"2019-01-16 23:30","0.8934"
"2019-01-16 23:45","0.8851"
"2019-01-17 00:00","0.8823"
"2019-01-17 00:15","0.8855"
"2019-01-17 00:30","0.8832"
"2019-01-17 00:45","0.8826"
"2019-01-17 01:00","0.8872"
"2019-01-17 01:15","0.9178"
"2019-01-17 01:30","0.9096"
"2019-01-17 01:45","0.9013"
"2019-01-17 02:00","0.885"
"2019-01-17 02:15","0.886"
"2019-01-17 02:30","0.8788"
"2019-01-17 02:45","0.8842"
"2019-01-17 03:00","0.8841"
"2019-01-17 03:15","0.883"
"2019-01-17 03:30","0.886"
"2019-01-17 03:45","0.8788"
"2019-01-17 04:00","0.8707"
"2019-01-17 04:15","0.8728"
"2019-01-17 04:30","0.8639"
"2019-01-17 04:45","0.8717"
"2019-01-17 05:00","0.8625"
"2019-01-17 05:15","0.8703"
"2019-01-17 05:30","0.8642"
"2019-01-17 05:45","0.9101"
"2019-01-17 06:00","0.8899"
"2019-01-17 06:15","0.9057"
"2019-01-17 06:30","0.9242"
"2019-01-17 06:45","0.9273"
"2019-01-17 07:00","0.9132"
"2019-01-17 07:15","0.9143"
"2019-01-17 07:30","0.9162"
"2019-01-17 07:45","0.9014"
"2019-01-17 08:00","0.9162"
"2019-01-17 08:15","0.954"
"2019-01-17 08:30","0.9661"
"2019-01-17 08:45","0.9303"
"2019-01-17 09:00","0.9579"
"2019-01-17 09:15","0.9763"
"2019-01-17 09:30","0.9753"
"2019-01-17 09:45","0.9786"
"2019-01-17 10:00","0.9855"
"2019-01-17 10:15","0.9669"
"2019-01-17 10:30","0.9678"
"2019-01-17 10:45","0.9743"
"2019-01-17 11:00","0.9665"
"2019-01-17 11:15","0.9761"
"2019-01-17 11:30","0.9668"
"2019-01-17 11:45","0.9081"
"2019-01-17 12:00","0.9164"
"2019-01-17 12:15","0.9493"
"2019-01-17 12:30","0.9352"
"2019-01-17 12:45","0.9361"
"2019-01-17 13:00","0.9442"
"2019-01-17 13:15","0.97"
"2019-01-17 13:30","0.9403"
"2019-01-17 13:45","0.9224"
"2019-01-17 14:00","0.9611"
"2019-01-17 14:15","0.933"
"2019-01-17 14:30","0.9666"
"2019-01-17 14:45","0.9697"
"2019-01-17 15:00","0.9724"
"2019-01-17 15:15","0.9777"
"2019-01-17 15:30","0.9605"
"2019-01-17 15:45","0.9726"
"2019-01-17 16:00","0.9778"
"2019-01-17 16:15","0.9677"
"2019-01-17 16:30","0.967"
"2019-01-17 16:45","0.9449"
"2019-01-17 17:00","0.9101"
"2019-01-17 17:15","0.8693"
"2019-01-17 17:30","0.8755"
"2019-01-17 17:45","0.8624"
"2019-01-17 18:00","0.8747"
"2019-01-17 18:15","0.8913"
"2019-01-17 18:30","0.9552"
"2019-01-17 18:45","0.966"
"2019-01-17 19:00","0.9595"
"2019-01-17 19:15","0.9099"
"2019-01-17 19:30","0.9556"
"2019-01-17 19:45","0.9613"
"2019-01-17 20:00","0.9458"
"2019-01-17 20:15","0.9414"
"2019-01-17 20:30","0.8702"
"2019-01-17 20:45","0.9289"
"2019-01-17 21:00","0.9798"
"2019-01-17 21:15","0.9814"
"2019-01-17 21:30","0.9185"
"2019-01-17 21:45","0.9201"
"2019-01-17 22:00","0.9053"
"2019-01-17 22:15","0.9092"
"2019-01-17 22:30","0.914"
"2019-01-17 22:45","0.9112"
"2019-01-17 23:00","0.9106"
"2019-01-17 23:15","0.9142"
"2019-01-17 23:30","0.9043"
"2019-01-17 23:45","0.9082"
"2019-01-18 00:00","0.9173"
"2019-01-18 00:15","0.9073"
"2019-01-18 00:30","0.9081"
"2019-01-18 00:45","0.9234"
"2019-01-18 01:00","0.8974"
"2019-01-18 01:15","0.9229"
"2019-01-18 01:30","0.9162"
"2019-01-18 01:45","0.8975"
"2019-01-18 02:00","0.9048"
"2019-01-18 02:15","0.9096"
"2019-01-18 02:30","0.9015"
"2019-01-18 02:45","0.8989"
"2019-01-18 03:00","0.9081"
"2019-01-18 03:15","0.9103"
"2019-01-18 03:30","0.9191"
"2019-01-18 03:45","0.9031"
"2019-01-18 04:00","0.9093"
"2019-01-18 04:15","0.9262"
"2019-01-18 04:30","0.9037"
"2019-01-18 04:45","0.9196"
"2019-01-18 05:00","0.9188"
"2019-01-18 05:15","0.9027"
"2019-01-18 05:30","0.9194"
"2019-01-18 05:45","0.9143"
"2019-01-18 06:00","0.9051"
"2019-01-18 06:15","0.9212"
"2019-01-18 06:30","0.9137"
"2019-01-18 06:45","0.9118"
"2019-01-18 07:00","0.9147"
"2019-01-18 07:15","0.9145"
"2019-01-18 07:30","0.9098"
"2019-01-18 07:45","0.9195"
"2019-01-18 08:00","0.9173"
"2019-01-18 08:15","0.9349"
"2019-01-18 08:30","0.9478"
"2019-01-18 08:45","0.9328"
"2019-01-18 09:00","0.9616"
"2019-01-18 09:15","0.9844"
"2019-01-18 09:30","0.9225"
"2019-01-18 09:45","0.9624"
"2019-01-18 10:00","0.9808"
"2019-01-18 10:15","0.9612"
"2019-01-18 10:30","0.9618"
"2019-01-18 10:45","0.9574"
"2019-01-18 11:00","0.9655"
"2019-01-18 11:15","0.9459"
"2019-01-18 11:30","0.9476"
"2019-01-18 11:45","0.9585"
"2019-01-18 12:00","0.9383"
"2019-01-18 12:15","0.9322"
"2019-01-18 12:30","0.9377"
"2019-01-18 12:45","0.9261"
"2019-01-18 13:00","0.9235"
"2019-01-18 13:15","0.9258"
"2019-01-18 13:30","0.9332"
"2019-01-18 13:45","0.9359"
"2019-01-18 14:00","0.9342"
"2019-01-18 14:15","0.9452"
"2019-01-18 14:30","0.9416"
"2019-01-18 14:45","0.9729"
"2019-01-18 15:00","0.9598"
"2019-01-18 15:15","0.9534"
"2019-01-18 15:30","0.9719"
"2019-01-18 15:45","0.9603"
"2019-01-18 16:00","0.9652"
"2019-01-18 16:15","0.951"
"2019-01-18 16:30","0.9705"
"2019-01-18 16:45","0.9741"
"2019-01-18 17:00","0.952"
"2019-01-18 17:15","0.9562"
"2019-01-18 17:30","0.9749"
"2019-01-18 17:45","0.9612"
"2019-01-18 18:00","0.9142"
"2019-01-18 18:15","0.9182"
"2019-01-18 18:30","0.9507"
"2019-01-18 18:45","0.9353"
"2019-01-18 19:00","0.9536"
"2019-01-18 19:15","0.9674"
"2019-01-18 19:30","0.9496"
"2019-01-18 19:45","0.9419"
"2019-01-18 20:00","0.9604"
"2019-01-18 20:15","0.9663"
"2019-01-18 20:30","0.9674"
"2019-01-18 20:45","0.9726"
"2019-01-18 21:00","0.9787"
"2019-01-18 21:15","0.9712"
"2019-01-18 21:30","0.9822"
"2019-01-18 21:45","0.9803"
"2019-01-18 22:00","0.9314"
"2019-01-18 22:15","0.9508"
"2019-01-18 22:30","0.9227"
"2019-01-18 22:45","0.9022"
"2019-01-18 23:00","0.8831"
"2019-01-18 23:15","0.8778"
"2019-01-18 23:30","0.8872"
"2019-01-18 23:45","0.8914"
"2019-01-19 00:00","0.8972"
"2019-01-19 00:15","0.8762"
"2019-01-19 00:30","0.8961"
"2019-01-19 00:45","0.8872"
"2019-01-19 01:00","0.8835"
"2019-01-19 01:15","0.8865"
"2019-01-19 01:30","0.8865"
"2019-01-19 01:45","0.889"
"2019-01-19 02:00","0.8833"
"2019-01-19 02:15","0.8919"
"2019-01-19 02:30","0.8907"
"2019-01-19 02:45","0.8921"
"2019-01-19 03:00","0.8901"
"2019-01-19 03:15","0.8902"
"2019-01-19 03:30","0.8918"
"2019-01-19 03:45","0.8835"
"2019-01-19 04:00","0.8867"
"2019-01-19 04:15","0.9044"
"2019-01-19 04:30","0.9229"
"2019-01-19 04:45","0.9088"
"2019-01-19 05:00","0.8864"
"2019-01-19 05:15","0.8878"
"2019-01-19 05:30","0.895"
"2019-01-19 05:45","0.8853"
"2019-01-19 06:00","0.8936"
"2019-01-19 06:15","0.8862"
"2019-01-19 06:30","0.8731"
"2019-01-19 06:45","0.8697"
"2019-01-19 07:00","0.8808"
"2019-01-19 07:15","0.8762"
"2019-01-19 07:30","0.8695"
"2019-01-19 07:45","0.8766"
"2019-01-19 08:00","0.891"
"2019-01-19 08:15","0.8674"
"2019-01-19 08:30","0.8879"
"2019-01-19 08:45","0.8874"
"2019-01-19 09:00","0.9327"
"2019-01-19 09:15","0.9188"
"2019-01-19 09:30","0.9206"
"2019-01-19 09:45","0.956"
"2019-01-19 10:00","0.9425"
"2019-01-19 10:15","0.9535"
"2019-01-19 10:30","0.9617"
"2019-01-19 10:45","0.9712"
"2019-01-19 11:00","0.9646"
"2019-01-19 11:15","0.9432"
"2019-01-19 11:30","0.9296"
"2019-01-19 11:45","0.9544"
"2019-01-19 12:00","0.9557"
"2019-01-19 12:15","0.9506"
"2019-01-19 12:30","0.987"
"2019-01-19 12:45","0.9768"
"2019-01-19 13:00","0.9619"
"2019-01-19 13:15","0.9449"
"2019-01-19 13:30","0.9257"
"2019-01-19 13:45","0.9482"
"2019-01-19 14:00","0.9593"
"2019-01-19 14:15","0.9368"
"2019-01-19 14:30","0.9554"
"2019-01-19 14:45","0.9484"
"2019-01-19 15:00","0.9352"
"2019-01-19 15:15","0.9492"
"2019-01-19 15:30","0.9548"
"2019-01-19 15:45","0.965"
"2019-01-19 16:00","0.9633"
"2019-01-19 16:15","0.9587"
"2019-01-19 16:30","0.9629"
"2019-01-19 16:45","0.9751"
"2019-01-19 17:00","0.9418"
"2019-01-19 17:15","0.9641"
"2019-01-19 17:30","0.9753"
"2019-01-19 17:45","0.9657"
"2019-01-19 18:00","0.9616"
"2019-01-19 18:15","0.9512"
"2019-01-19 18:30","0.9593"
"2019-01-19 18:45","0.9434"
"2019-01-19 19:00","0.9464"
"2019-01-19 19:15","0.9608"
"2019-01-19 19:30","0.9651"
"2019-01-19 19:45","0.958"
"2019-01-19 20:00","0.9936"
"2019-01-19 20:15","0.984"
"2019-01-19 20:30","0.9927"
"2019-01-19 20:45","0.9642"
"2019-01-19 21:00","0.9754"
"2019-01-19 21:15","0.9483"
"2019-01-19 21:30","0.9002"
"2019-01-19 21:45","0.8944"
"2019-01-19 22:00","0.8823"
"2019-01-19 22:15","0.8982"
"2019-01-19 22:30","0.9038"
"2019-01-19 22:45","0.9136"
"2019-01-19 23:00","0.9106"
"2019-01-19 23:15","0.886"
"2019-01-19 23:30","0.8855"
"2019-01-19 23:45","0.8963"
"2019-01-20 00:00","0.8809"
"2019-01-20 00:15","0.888"
"2019-01-20 00:30","0.8907"
"2019-01-20 00:45","0.8903"
"2019-01-20 01:00","0.8842"
"2019-01-20 01:15","0.8815"
"2019-01-20 01:30","0.8818"
"2019-01-20 01:45","0.883"
"2019-01-20 02:00","0.8812"
"2019-01-20 02:15","0.886"
"2019-01-20 02:30","0.8794"
"2019-01-20 02:45","0.89"
"2019-01-20 03:00","0.8746"
"2019-01-20 03:15","0.8828"
"2019-01-20 03:30","0.8867"
"2019-01-20 03:45","0.8837"
"2019-01-20 04:00","0.8805"
"2019-01-20 04:15","0.8869"
"2019-01-20 04:30","0.899"
"2019-01-20 04:45","0.9051"
"2019-01-20 05:00","0.8988"
"2019-01-20 05:15","0.8805"
"2019-01-20 05:30","0.8799"
"2019-01-20 05:45","0.88"
"2019-01-20 06:00","0.8725"
"2019-01-20 06:15","0.8951"
"2019-01-20 06:30","0.8892"
"2019-01-20 06:45","0.8944"
"2019-01-20 07:00","0.8853"
"2019-01-20 07:15","0.8923"
"2019-01-20 07:30","0.8947"
"2019-01-20 07:45","0.892"
"2019-01-20 08:00","0.8871"
"2019-01-20 08:15","0.9002"
"2019-01-20 08:30","0.9156"
"2019-01-20 08:45","0.925"
"2019-01-20 09:00","0.8964"
"2019-01-20 09:15","0.9798"
"2019-01-20 09:30","0.9782"
"2019-01-20 09:45","0.965"
"2019-01-20 10:00","0.974"
"2019-01-20 10:15","0.9597"
"2019-01-20 10:30","0.9658"
"2019-01-20 10:45","0.9661"
"2019-01-20 11:00","0.9698"
"2019-01-20 11:15","0.98"
"2019-01-20 11:30","0.9501"
"2019-01-20 11:45","0.9402"
"2019-01-20 12:00","0.8991"
"2019-01-20 12:15","0.8808"
"2019-01-20 12:30","0.9235"
"2019-01-20 12:45","0.9256"
"2019-01-20 13:00","0.9276"
"2019-01-20 13:15","0.9297"
"2019-01-20 13:30","0.9298"
"2019-01-20 13:45","0.958"
"2019-01-20 14:00","0.9611"
"2019-01-20 14:15","0.9688"
"2019-01-20 14:30","0.9586"
"2019-01-20 14:45","0.9521"
"2019-01-20 15:00","0.9683"
"2019-01-20 15:15","0.9639"
"2019-01-20 15:30","0.9418"
"2019-01-20 15:45","0.936"
"2019-01-20 16:00","0.9529"
"2019-01-20 16:15","0.9623"
"2019-01-20 16:30","0.9606"
"2019-01-20 16:45","0.9394"
"2019-01-20 17:00","0.9488"
"2019-01-20 17:15","0.9635"
"2019-01-20 17:30","0.9284"
"2019-01-20 17:45","0.9658"
"2019-01-20 18:00","0.9597"
"2019-01-20 18:15","0.9204"
"2019-01-20 18:30","0.9543"
"2019-01-20 18:45","0.9424"
"2019-01-20 19:00","0.9522"
"2019-01-20 19:15","0.9714"
"2019-01-20 19:30","0.9553"
"2019-01-20 19:45","0.93"
"2019-01-20 20:00","0.9699"
"2019-01-20 20:15","0.9671"
"2019-01-20 20:30","0.9689"
"2019-01-20 20:45","0.9638"
"2019-01-20 21:00","0.9573"
"2019-01-20 21:15","0.9974"
"2019-01-20 21:30","0.9934"
"2019-01-20 21:45","0.9966"
"2019-01-20 22:00","0.9883"
"2019-01-20 22:15","0.9687"
"2019-01-20 22:30","0.9212"
"2019-01-20 22:45","0.9049"
"2019-01-20 23:00","0.9104"
"2019-01-20 23:15","0.8958"
"2019-01-20 23:30","0.9093"
"2019-01-20 23:45","0.8975"
"2019-01-21 00:00","0.9064"
"2019-01-21 00:15","0.8883"
"2019-01-21 00:30","0.8984"
"2019-01-21 00:45","0.9039"
"2019-01-21 01:00","0.8997"
"2019-01-21 01:15","0.891"
"2019-01-21 01:30","0.9017"
"2019-01-21 01:45","0.9311"
"2019-01-21 02:00","0.8891"
"2019-01-21 02:15","0.8832"
"2019-01-21 02:30","0.8915"
"2019-01-21 02:45","0.9004"
"2019-01-21 03:00","0.9099"
"2019-01-21 03:15","0.9043"
"2019-01-21 03:30","0.8865"
"2019-01-21 03:45","0.8787"
"2019-01-21 04:00","0.8859"
"2019-01-21 04:15","0.885"
"2019-01-21 04:30","0.8898"
"2019-01-21 04:45","0.8893"
"2019-01-21 05:00","0.8812"
"2019-01-21 05:15","0.8862"
"2019-01-21 05:30","0.8867"
"2019-01-21 05:45","0.8881"
"2019-01-21 06:00","0.8853"
"2019-01-21 06:15","0.8817"
"2019-01-21 06:30","0.8889"
"2019-01-21 06:45","0.8838"
"2019-01-21 07:00","0.8874"
"2019-01-21 07:15","0.8841"
"2019-01-21 07:30","0.8942"
"2019-01-21 07:45","0.8869"
"2019-01-21 08:00","0.8942"
"2019-01-21 08:15","0.9133"
"2019-01-21 08:30","0.9437"
"2019-01-21 08:45","0.9411"
"2019-01-21 09:00","0.9598"
"2019-01-21 09:15","0.9898"
"2019-01-21 09:30","0.9866"
"2019-01-21 09:45","0.9863"
"2019-01-21 10:00","0.9297"
"2019-01-21 10:15","0.9622"
"2019-01-21 10:30","0.9654"
"2019-01-21 10:45","0.9669"
"2019-01-21 11:00","0.965"
"2019-01-21 11:15","0.9521"
"2019-01-21 11:30","0.9451"
"2019-01-21 11:45","0.9675"
"2019-01-21 12:00","0.8955"
"2019-01-21 12:15","0.9327"
"2019-01-21 12:30","0.8873"
"2019-01-21 12:45","0.9315"
"2019-01-21 13:00","0.9214"
"2019-01-21 13:15","0.9289"
"2019-01-21 13:30","0.9259"
"2019-01-21 13:45","0.9543"
"2019-01-21 14:00","0.9569"
"2019-01-21 14:15","0.9341"
"2019-01-21 14:30","0.9545"
"2019-01-21 14:45","0.975"
"2019-01-21 15:00","0.953"
"2019-01-21 15:15","0.9711"
"2019-01-21 15:30","0.9729"
"2019-01-21 15:45","0.9384"
"2019-01-21 16:00","0.9747"
"2019-01-21 16:15","0.9531"
"2019-01-21 16:30","0.9618"
"2019-01-21 16:45","0.9685"
"2019-01-21 17:00","0.941"
"2019-01-21 17:15","0.9294"
"2019-01-21 17:30","0.8811"
"2019-01-21 17:45","0.8852"
"2019-01-21 18:00","0.8777"
"2019-01-21 18:15","0.8832"
"2019-01-21 18:30","0.9079"
"2019-01-21 18:45","0.9222"
"2019-01-21 19:00","0.9621"
"2019-01-21 19:15","0.9471"
"2019-01-21 19:30","0.9719"
"2019-01-21 19:45","0.9715"
"2019-01-21 20:00","0.9968"
"2019-01-21 20:15","0.9938"
"2019-01-21 20:30","0.9725"
"2019-01-21 20:45","0.9583"
"2019-01-21 21:00","0.9298"
"2019-01-21 21:15","0.8846"
"2019-01-21 21:30","0.8822"
"2019-01-21 21:45","0.8866"
"2019-01-21 22:00","0.8849"
"2019-01-21 22:15","0.881"
"2019-01-21 22:30","0.8929"
"2019-01-21 22:45","0.9171"
"2019-01-21 23:00","0.9116"
"2019-01-21 23:15","0.8815"
"2019-01-21 23:30","0.8794"
"2019-01-21 23:45","0.883"
"2019-01-22 00:00","0.8735"
"2019-01-22 00:15","0.8813"
"2019-01-22 00:30","0.8791"
"2019-01-22 00:45","0.8783"
"2019-01-22 01:00","0.8745"
"2019-01-22 01:15","0.8816"
"2019-01-22 01:30","0.8788"
"2019-01-22 01:45","0.8718"
"2019-01-22 02:00","0.8693"
"2019-01-22 02:15","0.8675"
"2019-01-22 02:30","0.8594"
"2019-01-22 02:45","0.8585"
"2019-01-22 03:00","0.8608"
"2019-01-22 03:15","0.8675"
"2019-01-22 03:30","0.8647"
"2019-01-22 03:45","0.8828"
"2019-01-22 04:00","0.8785"
"2019-01-22 04:15","0.8908"
"2019-01-22 04:30","0.8913"
"2019-01-22 04:45","0.9138"
"2019-01-22 05:00","0.9148"
"2019-01-22 05:15","0.888"
"2019-01-22 05:30","0.881"
"2019-01-22 05:45","0.8863"
"2019-01-22 06:00","0.8802"
"2019-01-22 06:15","0.8962"
"2019-01-22 06:30","0.8868"
"2019-01-22 06:45","0.8971"
"2019-01-22 07:00","0.89"
"2019-01-22 07:15","0.8897"
"2019-01-22 07:30","0.8918"
"2019-01-22 07:45","0.8974"
"2019-01-22 08:00","0.9089"
"2019-01-22 08:15","0.9697"
"2019-01-22 08:30","0.969"
"2019-01-22 08:45","0.9463"
"2019-01-22 09:00","0.9712"
"2019-01-22 09:15","0.9545"
"2019-01-22 09:30","0.984"
"2019-01-22 09:45","0.9702"
"2019-01-22 10:00","0.9671"
"2019-01-22 10:15","0.9714"
"2019-01-22 10:30","0.968"
"2019-01-22 10:45","0.9669"
"2019-01-22 11:00","0.9739"
"2019-01-22 11:15","0.9756"
"2019-01-22 11:30","0.9564"
"2019-01-22 11:45","0.9509"
"2019-01-22 12:00","0.9625"
"2019-01-22 12:15","0.9567"
"2019-01-22 12:30","0.9381"
"2019-01-22 12:45","0.9571"
"2019-01-22 13:00","0.9518"
"2019-01-22 13:15","0.951"
"2019-01-22 13:30","0.9736"
"2019-01-22 13:45","0.9703"
"2019-01-22 14:00","0.9698"
"2019-01-22 14:15","0.947"
"2019-01-22 14:30","0.97"
"2019-01-22 14:45","0.9648"
"2019-01-22 15:00","0.9571"
"2019-01-22 15:15","0.9659"
"2019-01-22 15:30","0.9621"
"2019-01-22 15:45","0.968"
"2019-01-22 16:00","0.9493"
"2019-01-22 16:15","0.9712"
"2019-01-22 16:30","0.9529"
"2019-01-22 16:45","0.9422"
"2019-01-22 17:00","0.8876"
"2019-01-22 17:15","0.8904"
"2019-01-22 17:30","0.9308"
"2019-01-22 17:45","0.8968"
"2019-01-22 18:00","0.9207"
"2019-01-22 18:15","0.9371"
"2019-01-22 18:30","0.9157"
"2019-01-22 18:45","0.9468"
"2019-01-22 19:00","0.9599"
"2019-01-22 19:15","0.9224"
"2019-01-22 19:30","0.9524"
"2019-01-22 19:45","0.9115"
"2019-01-22 20:00","0.9364"
"2019-01-22 20:15","0.8861"
"2019-01-22 20:30","0.8468"
"2019-01-22 20:45","0.8656"
"2019-01-22 21:00","0.924"
"2019-01-22 21:15","0.8734"
"2019-01-22 21:30","0.867"
"2019-01-22 21:45","0.8705"
"2019-01-22 22:00","0.8637"
"2019-01-22 22:15","0.8648"
"2019-01-22 22:30","0.8658"
"2019-01-22 22:45","0.8815"
"2019-01-22 23:00","0.892"
"2019-01-22 23:15","0.8899"
"2019-01-22 23:30","0.8636"
"2019-01-22 23:45","0.8607"
"2019-01-23 00:00","0.8493"
"2019-01-23 00:15","0.8591"
"2019-01-23 00:30","0.8537"
"2019-01-23 00:45","0.852"
"2019-01-23 01:00","0.8467"
"2019-01-23 01:15","0.8609"
"2019-01-23 01:30","0.8525"
"2019-01-23 01:45","0.8538"
"2019-01-23 02:00","0.853"
"2019-01-23 02:15","0.8514"
"2019-01-23 02:30","0.8596"
"2019-01-23 02:45","0.8471"
"2019-01-23 03:00","0.8555"
"2019-01-23 03:15","0.8549"
"2019-01-23 03:30","0.856"
"2019-01-23 03:45","0.8461"
"2019-01-23 04:00","0.8583"
"2019-01-23 04:15","0.8618"
"2019-01-23 04:30","0.8531"
"2019-01-23 04:45","0.8716"
"2019-01-23 05:00","0.8986"
"2019-01-23 05:15","0.8941"
"2019-01-23 05:30","0.8583"
"2019-01-23 05:45","0.8575"
"2019-01-23 06:00","0.8679"
"2019-01-23 06:15","0.8869"
"2019-01-23 06:30","0.8824"
"2019-01-23 06:45","0.8797"
"2019-01-23 07:00","0.8873"
"2019-01-23 07:15","0.9004"
"2019-01-23 07:30","0.8854"
"2019-01-23 07:45","0.908"
"2019-01-23 08:00","0.8999"
"2019-01-23 08:15","0.9382"
"2019-01-23 08:30","0.9643"
"2019-01-23 08:45","0.9045"
"2019-01-23 09:00","0.9717"
"2019-01-23 09:15","0.9435"
"2019-01-23 09:30","0.9455"
"2019-01-23 09:45","0.9757"
"2019-01-23 10:00","0.9753"
"2019-01-23 10:15","0.9773"
"2019-01-23 10:30","0.9806"
"2019-01-23 10:45","0.9842"
"2019-01-23 11:00","0.9718"
"2019-01-23 11:15","0.9612"
"2019-01-23 11:30","0.9302"
"2019-01-23 11:45","0.9439"
"2019-01-23 12:00","0.9344"
"2019-01-23 12:15","0.9182"
"2019-01-23 12:30","0.9551"
"2019-01-23 12:45","0.9286"
"2019-01-23 13:00","0.9239"
"2019-01-23 13:15","0.9466"
"2019-01-23 13:30","0.9547"
"2019-01-23 13:45","0.9347"
"2019-01-23 14:00","0.956"
"2019-01-23 14:15","0.9607"
"2019-01-23 14:30","0.9671"
"2019-01-23 14:45","0.9612"
"2019-01-23 15:00","0.9766"
"2019-01-23 15:15","0.9736"
"2019-01-23 15:30","0.9535"
"2019-01-23 15:45","0.9603"
"2019-01-23 16:00","0.9118"
"2019-01-23 16:15","0.9638"
"2019-01-23 16:30","0.9571"
"2019-01-23 16:45","0.9114"
"2019-01-23 17:00","0.9264"
"2019-01-23 17:15","0.8977"
"2019-01-23 17:30","0.8745"
"2019-01-23 17:45","0.8781"
"2019-01-23 18:00","0.8881"
"2019-01-23 18:15","0.8791"
"2019-01-23 18:30","0.8686"
"2019-01-23 18:45","0.9228"
"2019-01-23 19:00","0.9532"
"2019-01-23 19:15","0.9548"
"2019-01-23 19:30","0.9727"
"2019-01-23 19:45","0.936"
"2019-01-23 20:00","0.9284"
"2019-01-23 20:15","0.9614"
"2019-01-23 20:30","0.952"
"2019-01-23 20:45","0.9909"
"2019-01-23 21:00","0.9699"
"2019-01-23 21:15","0.9718"
"2019-01-23 21:30","0.9532"
"2019-01-23 21:45","0.8889"
"2019-01-23 22:00","0.8771"
"2019-01-23 22:15","0.8878"
"2019-01-23 22:30","0.8845"
"2019-01-23 22:45","0.8759"
"2019-01-23 23:00","0.8813"
"2019-01-23 23:15","0.8835"
"2019-01-23 23:30","0.8869"
"2019-01-23 23:45","0.8734"
"2019-01-24 00:00","0.88"
"2019-01-24 00:15","0.88"
"2019-01-24 00:30","0.8825"
"2019-01-24 00:45","0.8656"
"2019-01-24 01:00","0.8795"
"2019-01-24 01:15","0.8837"
"2019-01-24 01:30","0.9193"
"2019-01-24 01:45","0.9039"
"2019-01-24 02:00","0.8679"
"2019-01-24 02:15","0.8653"
"2019-01-24 02:30","0.8627"
"2019-01-24 02:45","0.8565"
"2019-01-24 03:00","0.8567"
"2019-01-24 03:15","0.8553"
"2019-01-24 03:30","0.8816"
"2019-01-24 03:45","0.8808"
"2019-01-24 04:00","0.8917"
"2019-01-24 04:15","0.8974"
"2019-01-24 04:30","0.8824"
"2019-01-24 04:45","0.8929"
"2019-01-24 05:00","0.8989"
"2019-01-24 05:15","0.8879"
"2019-01-24 05:30","0.8828"
"2019-01-24 05:45","0.898"
"2019-01-24 06:00","0.8969"
"2019-01-24 06:15","0.8993"
"2019-01-24 06:30","0.881"
"2019-01-24 06:45","0.8889"
"2019-01-24 07:00","0.8982"
"2019-01-24 07:15","0.9038"
"2019-01-24 07:30","0.8977"
"2019-01-24 07:45","0.9069"
"2019-01-24 08:00","0.8995"
"2019-01-24 08:15","0.906"
"2019-01-24 08:30","0.959"
"2019-01-24 08:45","0.9411"
"2019-01-24 09:00","0.9473"
"2019-01-24 09:15","0.9305"
"2019-01-24 09:30","0.9861"
"2019-01-24 09:45","0.9516"
"2019-01-24 10:00","0.9828"
"2019-01-24 10:15","0.962"
"2019-01-24 10:30","0.9596"
"2019-01-24 10:45","0.9531"
"2019-01-24 11:00","0.9564"
"2019-01-24 11:15","0.9585"
"2019-01-24 11:30","0.9792"
"2019-01-24 11:45","0.9714"
"2019-01-24 12:00","0.9475"
"2019-01-24 12:15","0.9424"
"2019-01-24 12:30","0.9363"
"2019-01-24 12:45","0.9434"
"2019-01-24 13:00","0.9385"
"2019-01-24 13:15","0.9544"
"2019-01-24 13:30","0.9658"
"2019-01-24 13:45","0.9429"
"2019-01-24 14:00","0.9646"
"2019-01-24 14:15","0.967"
"2019-01-24 14:30","0.9685"
"2019-01-24 14:45","0.9745"
"2019-01-24 15:00","0.9543"
"2019-01-24 15:15","0.9717"
"2019-01-24 15:30","0.9483"
"2019-01-24 15:45","0.9702"
"2019-01-24 16:00","0.9542"
"2019-01-24 16:15","0.9557"
"2019-01-24 16:30","0.9625"
"2019-01-24 16:45","0.9124"
"2019-01-24 17:00","0.9235"
"2019-01-24 17:15","0.9296"
"2019-01-24 17:30","0.9195"
"2019-01-24 17:45","0.863"
"2019-01-24 18:00","0.9099"
"2019-01-24 18:15","0.8859"
"2019-01-24 18:30","0.8695"
"2019-01-24 18:45","0.8581"
"2019-01-24 19:00","0.9383"
"2019-01-24 19:15","0.9625"
"2019-01-24 19:30","0.9624"
"2019-01-24 19:45","0.9198"
"2019-01-24 20:00","0.9708"
"2019-01-24 20:15","0.9926"
"2019-01-24 20:30","0.9968"
"2019-01-24 20:45","0.971"
"2019-01-24 21:00","0.9345"
"2019-01-24 21:15","0.9248"
"2019-01-24 21:30","0.937"
"2019-01-24 21:45","0.929"
"2019-01-24 22:00","0.9373"
"2019-01-24 22:15","0.8756"
"2019-01-24 22:30","0.8627"
"2019-01-24 22:45","0.8571"
"2019-01-24 23:00","0.8664"
"2019-01-24 23:15","0.8644"
"2019-01-24 23:30","0.8637"
"2019-01-24 23:45","0.8614"
"2019-01-25 00:00","0.874"
"2019-01-25 00:15","0.8867"
"2019-01-25 00:30","0.8611"
"2019-01-25 00:45","0.8564"
"2019-01-25 01:00","0.864"
"2019-01-25 01:15","0.8656"
"2019-01-25 01:30","0.8625"
"2019-01-25 01:45","0.8586"
"2019-01-25 02:00","0.8689"
"2019-01-25 02:15","0.8572"
"2019-01-25 02:30","0.9048"
"2019-01-25 02:45","0.8985"
"2019-01-25 03:00","0.8724"
"2019-01-25 03:15","0.8641"
"2019-01-25 03:30","0.8531"
"2019-01-25 03:45","0.8536"
"2019-01-25 04:00","0.8589"
"2019-01-25 04:15","0.878"
"2019-01-25 04:30","0.8685"
"2019-01-25 04:45","0.8642"
"2019-01-25 05:00","0.854"
"2019-01-25 05:15","0.8409"
"2019-01-25 05:30","0.8384"
"2019-01-25 05:45","0.838"
"2019-01-25 06:00","0.841"
"2019-01-25 06:15","0.8345"
"2019-01-25 06:30","0.8357"
"2019-01-25 06:45","0.8614"
"2019-01-25 07:00","0.8791"
"2019-01-25 07:15","0.8711"
"2019-01-25 07:30","0.8656"
"2019-01-25 07:45","0.888"
"2019-01-25 08:00","0.8856"
"2019-01-25 08:15","0.9523"
"2019-01-25 08:30","0.951"
"2019-01-25 08:45","0.9593"
"2019-01-25 09:00","0.9436"
"2019-01-25 09:15","0.9314"
"2019-01-25 09:30","0.9797"
"2019-01-25 09:45","0.9642"
"2019-01-25 10:00","0.9638"
"2019-01-25 10:15","0.963"
"2019-01-25 10:30","0.9487"
"2019-01-25 10:45","0.9521"
"2019-01-25 11:00","0.97"
"2019-01-25 11:15","0.9397"
"2019-01-25 11:30","0.9472"
"2019-01-25 11:45","0.9276"
"2019-01-25 12:00","0.9076"
"2019-01-25 12:15","0.9072"
"2019-01-25 12:30","0.9266"
"2019-01-25 12:45","0.9323"
"2019-01-25 13:00","0.9459"
"2019-01-25 13:15","0.9596"
"2019-01-25 13:30","0.9544"
"2019-01-25 13:45","0.9579"
"2019-01-25 14:00","0.9533"
"2019-01-25 14:15","0.9611"
"2019-01-25 14:30","0.9677"
"2019-01-25 14:45","0.9616"
"2019-01-25 15:00","0.9475"
"2019-01-25 15:15","0.9711"
"2019-01-25 15:30","0.9727"
"2019-01-25 15:45","0.9442"
"2019-01-25 16:00","0.9484"
"2019-01-25 16:15","0.9585"
"2019-01-25 16:30","0.9769"
"2019-01-25 16:45","0.9798"
"2019-01-25 17:00","0.9488"
"2019-01-25 17:15","0.9545"
"2019-01-25 17:30","0.9546"
"2019-01-25 17:45","0.9645"
"2019-01-25 18:00","0.9566"
"2019-01-25 18:15","0.9352"
"2019-01-25 18:30","0.8792"
"2019-01-25 18:45","0.9107"
"2019-01-25 19:00","0.8921"
"2019-01-25 19:15","0.9527"
"2019-01-25 19:30","0.9677"
"2019-01-25 19:45","0.9621"
"2019-01-25 20:00","0.9548"
"2019-01-25 20:15","0.9615"
"2019-01-25 20:30","0.9745"
"2019-01-25 20:45","0.9939"
"2019-01-25 21:00","0.9905"
"2019-01-25 21:15","0.9378"
"2019-01-25 21:30","0.9281"
"2019-01-25 21:45","0.8863"
"2019-01-25 22:00","0.8781"
"2019-01-25 22:15","0.869"
"2019-01-25 22:30","0.8816"
"2019-01-25 22:45","0.9075"
"2019-01-25 23:00","0.905"
"2019-01-25 23:15","0.8789"
"2019-01-25 23:30","0.8774"
"2019-01-25 23:45","0.8705"
"2019-01-26 00:00","0.8685"
"2019-01-26 00:15","0.8702"
"2019-01-26 00:30","0.8705"
"2019-01-26 00:45","0.8696"
"2019-01-26 01:00","0.8635"
"2019-01-26 01:15","0.8677"
"2019-01-26 01:30","0.8651"
"2019-01-26 01:45","0.8687"
"2019-01-26 02:00","0.8585"
"2019-01-26 02:15","0.8639"
"2019-01-26 02:30","0.8658"
"2019-01-26 02:45","0.8608"
"2019-01-26 03:00","0.8654"
"2019-01-26 03:15","0.8632"
"2019-01-26 03:30","0.8679"
"2019-01-26 03:45","0.8601"
"2019-01-26 04:00","0.868"
"2019-01-26 04:15","0.8568"
"2019-01-26 04:30","0.8705"
"2019-01-26 04:45","0.9004"
"2019-01-26 05:00","0.8986"
"2019-01-26 05:15","0.8691"
"2019-01-26 05:30","0.8676"
"2019-01-26 05:45","0.8659"
"2019-01-26 06:00","0.8568"
"2019-01-26 06:15","0.8672"
"2019-01-26 06:30","0.8658"
"2019-01-26 06:45","0.868"
"2019-01-26 07:00","0.8613"
"2019-01-26 07:15","0.8587"
"2019-01-26 07:30","0.8552"
"2019-01-26 07:45","0.8521"
"2019-01-26 08:00","0.8458"
"2019-01-26 08:15","0.8588"
"2019-01-26 08:30","0.857"
"2019-01-26 08:45","0.871"
"2019-01-26 09:00","0.8812"
"2019-01-26 09:15","0.9203"
"2019-01-26 09:30","0.8662"
"2019-01-26 09:45","0.905"
"2019-01-26 10:00","0.8902"
"2019-01-26 10:15","0.9241"
"2019-01-26 10:30","0.9637"
"2019-01-26 10:45","0.9595"
"2019-01-26 11:00","0.9546"
"2019-01-26 11:15","0.9577"
"2019-01-26 11:30","0.9561"
"2019-01-26 11:45","0.9653"
"2019-01-26 12:00","0.9714"
"2019-01-26 12:15","0.9863"
"2019-01-26 12:30","0.9568"
"2019-01-26 12:45","0.9283"
"2019-01-26 13:00","0.9499"
"2019-01-26 13:15","0.9379"
"2019-01-26 13:30","0.9346"
"2019-01-26 13:45","0.9113"
"2019-01-26 14:00","0.9287"
"2019-01-26 14:15","0.9445"
"2019-01-26 14:30","0.958"
"2019-01-26 14:45","0.9488"
"2019-01-26 15:00","0.9534"
"2019-01-26 15:15","0.9588"
"2019-01-26 15:30","0.9684"
"2019-01-26 15:45","0.9472"
"2019-01-26 16:00","0.9596"
"2019-01-26 16:15","0.9513"
"2019-01-26 16:30","0.9723"
"2019-01-26 16:45","0.963"
"2019-01-26 17:00","0.9737"
"2019-01-26 17:15","0.9566"
"2019-01-26 17:30","0.9622"
"2019-01-26 17:45","0.9629"
"2019-01-26 18:00","0.8885"
"2019-01-26 18:15","0.9191"
"2019-01-26 18:30","0.9231"
"2019-01-26 18:45","0.9059"
"2019-01-26 19:00","0.8806"
"2019-01-26 19:15","0.9118"
"2019-01-26 19:30","0.9466"
"2019-01-26 19:45","0.8905"
"2019-01-26 20:00","0.9847"
"2019-01-26 20:15","0.9903"
"2019-01-26 20:30","0.9955"
"2019-01-26 20:45","0.9962"
"2019-01-26 21:00","0.9876"
"2019-01-26 21:15","0.9314"
"2019-01-26 21:30","0.9025"
"2019-01-26 21:45","0.8798"
"2019-01-26 22:00","0.8644"
"2019-01-26 22:15","0.8737"
"2019-01-26 22:30","0.8652"
"2019-01-26 22:45","0.9083"
"2019-01-26 23:00","0.9005"
"2019-01-26 23:15","0.8805"
"2019-01-26 23:30","0.8719"
"2019-01-26 23:45","0.8719"
"2019-01-27 00:00","0.8733"
"2019-01-27 00:15","0.8651"
"2019-01-27 00:30","0.8717"
"2019-01-27 00:45","0.8737"
"2019-01-27 01:00","0.8726"
"2019-01-27 01:15","0.8737"
"2019-01-27 01:30","0.871"
"2019-01-27 01:45","0.8615"
"2019-01-27 02:00","0.8652"
"2019-01-27 02:15","0.862"
"2019-01-27 02:30","0.8564"
"2019-01-27 02:45","0.857"
"2019-01-27 03:00","0.856"
"2019-01-27 03:15","0.8576"
"2019-01-27 03:30","0.8778"
"2019-01-27 03:45","0.8784"
"2019-01-27 04:00","0.8725"
"2019-01-27 04:15","0.88"
"2019-01-27 04:30","0.8897"
"2019-01-27 04:45","0.9058"
"2019-01-27 05:00","0.9112"
"2019-01-27 05:15","0.8799"
"2019-01-27 05:30","0.8723"
"2019-01-27 05:45","0.8768"
"2019-01-27 06:00","0.8786"
"2019-01-27 06:15","0.8665"
"2019-01-27 06:30","0.8846"
"2019-01-27 06:45","0.8815"
"2019-01-27 07:00","0.8709"
"2019-01-27 07:15","0.8771"
"2019-01-27 07:30","0.8873"
"2019-01-27 07:45","0.8763"
"2019-01-27 08:00","0.8786"
"2019-01-27 08:15","0.8758"
"2019-01-27 08:30","0.8903"
"2019-01-27 08:45","0.9097"
"2019-01-27 09:00","0.9098"
"2019-01-27 09:15","0.9158"
"2019-01-27 09:30","0.8981"
"2019-01-27 09:45","0.8918"
"2019-01-27 10:00","0.9253"
"2019-01-27 10:15","0.965"
"2019-01-27 10:30","0.9573"
"2019-01-27 10:45","0.972"
"2019-01-27 11:00","0.9693"
"2019-01-27 11:15","0.9624"
"2019-01-27 11:30","0.9659"
"2019-01-27 11:45","0.9491"
"2019-01-27 12:00","0.9245"
"2019-01-27 12:15","0.9657"
"2019-01-27 12:30","0.9672"
"2019-01-27 12:45","0.9531"
"2019-01-27 13:00","0.9385"
"2019-01-27 13:15","0.9376"
"2019-01-27 13:30","0.9517"
"2019-01-27 13:45","0.944"
"2019-01-27 14:00","0.9553"
"2019-01-27 14:15","0.9562"
"2019-01-27 14:30","0.9584"
"2019-01-27 14:45","0.9451"
"2019-01-27 15:00","0.9616"
"2019-01-27 15:15","0.9659"
"2019-01-27 15:30","0.967"
"2019-01-27 15:45","0.9677"
"2019-01-27 16:00","0.9607"
"2019-01-27 16:15","0.9765"
"2019-01-27 16:30","0.9689"
"2019-01-27 16:45","0.9749"
"2019-01-27 17:00","0.9643"
"2019-01-27 17:15","0.9745"
"2019-01-27 17:30","0.9659"
"2019-01-27 17:45","0.9717"
"2019-01-27 18:00","0.9635"
"2019-01-27 18:15","0.9451"
"2019-01-27 18:30","0.9333"
"2019-01-27 18:45","0.8917"
"2019-01-27 19:00","0.9575"
"2019-01-27 19:15","0.9721"
"2019-01-27 19:30","0.9574"
"2019-01-27 19:45","0.9088"
"2019-01-27 20:00","0.9877"
"2019-01-27 20:15","0.9713"
"2019-01-27 20:30","0.9966"
"2019-01-27 20:45","0.9926"
"2019-01-27 21:00","0.9978"
"2019-01-27 21:15","0.9976"
"2019-01-27 21:30","0.9675"
"2019-01-27 21:45","0.9469"
"2019-01-27 22:00","0.9271"
"2019-01-27 22:15","0.9047"
"2019-01-27 22:30","0.8913"
"2019-01-27 22:45","0.9204"
"2019-01-27 23:00","0.9236"
"2019-01-27 23:15","0.905"
"2019-01-27 23:30","0.895"
"2019-01-27 23:45","0.8909"
"2019-01-28 00:00","0.8972"
"2019-01-28 00:15","0.893"
"2019-01-28 00:30","0.9018"
"2019-01-28 00:45","0.8916"
"2019-01-28 01:00","0.8989"
"2019-01-28 01:15","0.9086"
"2019-01-28 01:30","0.8899"
"2019-01-28 01:45","0.8778"
"2019-01-28 02:00","0.8701"
"2019-01-28 02:15","0.8609"
"2019-01-28 02:30","0.8699"
"2019-01-28 02:45","0.8648"
"2019-01-28 03:00","0.857"
"2019-01-28 03:15","0.8694"
"2019-01-28 03:30","0.8853"
"2019-01-28 03:45","0.8951"
"2019-01-28 04:00","0.9012"
"2019-01-28 04:15","0.8906"
"2019-01-28 04:30","0.8986"
"2019-01-28 04:45","0.9054"
"2019-01-28 05:00","0.9046"
"2019-01-28 05:15","0.8946"
"2019-01-28 05:30","0.8918"
"2019-01-28 05:45","0.8883"
"2019-01-28 06:00","0.8978"
"2019-01-28 06:15","0.8919"
"2019-01-28 06:30","0.899"
"2019-01-28 06:45","0.9007"
"2019-01-28 07:00","0.8899"
"2019-01-28 07:15","0.9039"
"2019-01-28 07:30","0.9043"
"2019-01-28 07:45","0.8993"
"2019-01-28 08:00","0.9372"
"2019-01-28 08:15","0.9408"
"2019-01-28 08:30","0.9541"
"2019-01-28 08:45","0.9333"
"2019-01-28 09:00","0.9291"
"2019-01-28 09:15","0.988"
"2019-01-28 09:30","0.9708"
"2019-01-28 09:45","0.9623"
"2019-01-28 10:00","0.9678"
"2019-01-28 10:15","0.9503"
"2019-01-28 10:30","0.942"
"2019-01-28 10:45","0.9487"
"2019-01-28 11:00","0.9388"
"2019-01-28 11:15","0.9472"
"2019-01-28 11:30","0.9661"
"2019-01-28 11:45","0.9398"
"2019-01-28 12:00","0.9343"
"2019-01-28 12:15","0.9477"
"2019-01-28 12:30","0.9157"
"2019-01-28 12:45","0.9447"
"2019-01-28 13:00","0.9556"
"2019-01-28 13:15","0.9602"
"2019-01-28 13:30","0.9689"
"2019-01-28 13:45","0.9766"
"2019-01-28 14:00","0.9606"
"2019-01-28 14:15","0.9601"
"2019-01-28 14:30","0.9698"
"2019-01-28 14:45","0.9691"
"2019-01-28 15:00","0.9739"
"2019-01-28 15:15","0.9708"
"2019-01-28 15:30","0.9804"
"2019-01-28 15:45","0.9785"
"2019-01-28 16:00","0.9709"
"2019-01-28 16:15","0.966"
"2019-01-28 16:30","0.9711"
"2019-01-28 16:45","0.9852"
"2019-01-28 17:00","0.9548"
"2019-01-28 17:15","0.9395"
"2019-01-28 17:30","0.9501"
"2019-01-28 17:45","0.941"
"2019-01-28 18:00","0.9365"
"2019-01-28 18:15","0.9322"
"2019-01-28 18:30","0.9673"
"2019-01-28 18:45","0.9736"
"2019-01-28 19:00","0.9831"
"2019-01-28 19:15","0.9679"
"2019-01-28 19:30","0.9625"
"2019-01-28 19:45","0.981"
"2019-01-28 20:00","0.9715"
"2019-01-28 20:15","0.9953"
"2019-01-28 20:30","0.9978"
"2019-01-28 20:45","0.9959"
"2019-01-28 21:00","0.9845"
"2019-01-28 21:15","0.9661"
"2019-01-28 21:30","0.9626"
"2019-01-28 21:45","0.9519"
"2019-01-28 22:00","0.9525"
"2019-01-28 22:15","0.8873"
"2019-01-28 22:30","0.8879"
"2019-01-28 22:45","0.8781"
"2019-01-28 23:00","0.8835"
"2019-01-28 23:15","0.9527"
"2019-01-28 23:30","0.9271"
"2019-01-28 23:45","0.9102"
"2019-01-29 00:00","0.9003"
"2019-01-29 00:15","0.8778"
"2019-01-29 00:30","0.8752"
"2019-01-29 00:45","0.8738"
"2019-01-29 01:00","0.8776"
"2019-01-29 01:15","0.8759"
"2019-01-29 01:30","0.8664"
"2019-01-29 01:45","0.8715"
"2019-01-29 02:00","0.8815"
"2019-01-29 02:15","0.8699"
"2019-01-29 02:30","0.8734"
"2019-01-29 02:45","0.8703"
"2019-01-29 03:00","0.8754"
"2019-01-29 03:15","0.8736"
"2019-01-29 03:30","0.8731"
"2019-01-29 03:45","0.8732"
"2019-01-29 04:00","0.8685"
"2019-01-29 04:15","0.8763"
"2019-01-29 04:30","0.8656"
"2019-01-29 04:45","0.8682"
"2019-01-29 05:00","0.864"
"2019-01-29 05:15","0.8579"
"2019-01-29 05:30","0.8882"
"2019-01-29 05:45","0.9065"
"2019-01-29 06:00","0.8867"
"2019-01-29 06:15","0.8596"
"2019-01-29 06:30","0.8833"
"2019-01-29 06:45","0.8825"
"2019-01-29 07:00","0.8832"
"2019-01-29 07:15","0.8831"
"2019-01-29 07:30","0.8862"
"2019-01-29 07:45","0.8901"
"2019-01-29 08:00","0.886"
"2019-01-29 08:15","0.9445"
"2019-01-29 08:30","0.9588"
"2019-01-29 08:45","0.9661"
"2019-01-29 09:00","0.9717"
"2019-01-29 09:15","0.9617"
"2019-01-29 09:30","0.9311"
"2019-01-29 09:45","0.9101"
"2019-01-29 10:00","0.9217"
"2019-01-29 10:15","0.9674"
"2019-01-29 10:30","0.9711"
"2019-01-29 10:45","0.9842"
"2019-01-29 11:00","0.9717"
"2019-01-29 11:15","0.97"
"2019-01-29 11:30","0.9633"
"2019-01-29 11:45","0.9619"
"2019-01-29 12:00","0.9696"
"2019-01-29 12:15","0.9329"
"2019-01-29 12:30","0.9345"
"2019-01-29 12:45","0.9213"
"2019-01-29 13:00","0.9467"
"2019-01-29 13:15","0.9689"
"2019-01-29 13:30","0.9508"
"2019-01-29 13:45","0.9625"
"2019-01-29 14:00","0.9448"
"2019-01-29 14:15","0.97"
"2019-01-29 14:30","0.9711"
"2019-01-29 14:45","0.9623"
"2019-01-29 15:00","0.9481"
"2019-01-29 15:15","0.9689"
"2019-01-29 15:30","0.956"
"2019-01-29 15:45","0.9569"
"2019-01-29 16:00","0.97"
"2019-01-29 16:15","0.9584"
"2019-01-29 16:30","0.9442"
"2019-01-29 16:45","0.9438"
"2019-01-29 17:00","0.8895"
"2019-01-29 17:15","0.9075"
"2019-01-29 17:30","0.8659"
"2019-01-29 17:45","0.887"
"2019-01-29 18:00","0.8828"
"2019-01-29 18:15","0.8831"
"2019-01-29 18:30","0.957"
"2019-01-29 18:45","0.9796"
"2019-01-29 19:00","0.9709"
"2019-01-29 19:15","0.9754"
"2019-01-29 19:30","0.9516"
"2019-01-29 19:45","0.9547"
"2019-01-29 20:00","0.9658"
"2019-01-29 20:15","0.9739"
"2019-01-29 20:30","0.9919"
"2019-01-29 20:45","0.9795"
"2019-01-29 21:00","0.9337"
"2019-01-29 21:15","0.8994"
"2019-01-29 21:30","0.8695"
"2019-01-29 21:45","0.8775"
"2019-01-29 22:00","0.8852"
"2019-01-29 22:15","0.9046"
"2019-01-29 22:30","0.9006"
"2019-01-29 22:45","0.8677"
"2019-01-29 23:00","0.8742"
"2019-01-29 23:15","0.8655"
"2019-01-29 23:30","0.8676"
"2019-01-29 23:45","0.8625"
"2019-01-30 00:00","0.8712"
"2019-01-30 00:15","0.859"
"2019-01-30 00:30","0.8791"
"2019-01-30 00:45","0.8792"
"2019-01-30 01:00","0.8627"
"2019-01-30 01:15","0.8605"
"2019-01-30 01:30","0.8671"
"2019-01-30 01:45","0.8644"
"2019-01-30 02:00","0.8642"
"2019-01-30 02:15","0.8682"
"2019-01-30 02:30","0.8588"
"2019-01-30 02:45","0.868"
"2019-01-30 03:00","0.8598"
"2019-01-30 03:15","0.8627"
"2019-01-30 03:30","0.855"
"2019-01-30 03:45","0.8652"
"2019-01-30 04:00","0.8786"
"2019-01-30 04:15","0.8946"
"2019-01-30 04:30","0.8945"
"2019-01-30 04:45","0.879"
"2019-01-30 05:00","0.872"
"2019-01-30 05:15","0.8701"
"2019-01-30 05:30","0.8632"
"2019-01-30 05:45","0.8607"
"2019-01-30 06:00","0.8658"
"2019-01-30 06:15","0.8728"
"2019-01-30 06:30","0.865"
"2019-01-30 06:45","0.8721"
"2019-01-30 07:00","0.8629"
"2019-01-30 07:15","0.8568"
"2019-01-30 07:30","0.8509"
"2019-01-30 07:45","0.8564"
"2019-01-30 08:00","0.8512"
"2019-01-30 08:15","0.9102"
"2019-01-30 08:30","0.9072"
"2019-01-30 08:45","0.9163"
"2019-01-30 09:00","0.9882"
"2019-01-30 09:15","0.9627"
"2019-01-30 09:30","0.9649"
"2019-01-30 09:45","0.9609"
"2019-01-30 10:00","0.9608"
"2019-01-30 10:15","0.9569"
"2019-01-30 10:30","0.9676"
"2019-01-30 10:45","0.9735"
"2019-01-30 11:00","0.9404"
"2019-01-30 11:15","0.9456"
"2019-01-30 11:30","0.9433"
"2019-01-30 11:45","0.9499"
"2019-01-30 12:00","0.9409"
"2019-01-30 12:15","0.9325"
"2019-01-30 12:30","0.9729"
"2019-01-30 12:45","0.9426"
"2019-01-30 13:00","0.9465"
"2019-01-30 13:15","0.9828"
"2019-01-30 13:30","0.9499"
"2019-01-30 13:45","0.9665"
"2019-01-30 14:00","0.9761"
"2019-01-30 14:15","0.9821"
"2019-01-30 14:30","0.9813"
"2019-01-30 14:45","0.9607"
"2019-01-30 15:00","0.9802"
"2019-01-30 15:15","0.9785"
"2019-01-30 15:30","0.9781"
"2019-01-30 15:45","0.9743"
"2019-01-30 16:00","0.9632"
"2019-01-30 16:15","0.9766"
"2019-01-30 16:30","0.9562"
"2019-01-30 16:45","0.9794"
"2019-01-30 17:00","0.946"
"2019-01-30 17:15","0.9092"
"2019-01-30 17:30","0.9162"
"2019-01-30 17:45","0.9302"
"2019-01-30 18:00","0.9543"
"2019-01-30 18:15","0.9281"
"2019-01-30 18:30","0.881"
"2019-01-30 18:45","0.8892"
"2019-01-30 19:00","0.8851"
"2019-01-30 19:15","0.9075"
"2019-01-30 19:30","0.9661"
"2019-01-30 19:45","0.941"
"2019-01-30 20:00","0.8685"
"2019-01-30 20:15","0.9759"
"2019-01-30 20:30","0.951"
"2019-01-30 20:45","0.9758"
"2019-01-30 21:00","0.9739"
"2019-01-30 21:15","0.9365"
"2019-01-30 21:30","0.9067"
"2019-01-30 21:45","0.8709"
"2019-01-30 22:00","0.8592"
"2019-01-30 22:15","0.872"
"2019-01-30 22:30","0.893"
"2019-01-30 22:45","0.8754"
"2019-01-30 23:00","0.8574"
"2019-01-30 23:15","0.8505"
"2019-01-30 23:30","0.8544"
"2019-01-30 23:45","0.849"
"2019-01-31 00:00","0.8497"
"2019-01-31 00:15","0.8512"
"2019-01-31 00:30","0.8493"
"2019-01-31 00:45","0.8456"
"2019-01-31 01:00","0.8497"
"2019-01-31 01:15","0.8515"
"2019-01-31 01:30","0.845"
"2019-01-31 01:45","0.846"
"2019-01-31 02:00","0.8473"
"2019-01-31 02:15","0.8507"
"2019-01-31 02:30","0.8473"
"2019-01-31 02:45","0.8421"
"2019-01-31 03:00","0.851"
"2019-01-31 03:15","0.8403"
"2019-01-31 03:30","0.8456"
"2019-01-31 03:45","0.8391"
"2019-01-31 04:00","0.8357"
"2019-01-31 04:15","0.8594"
"2019-01-31 04:30","0.8783"
"2019-01-31 04:45","0.8555"
"2019-01-31 05:00","0.844"
"2019-01-31 05:15","0.8376"
"2019-01-31 05:30","0.8481"
"2019-01-31 05:45","0.8502"
"2019-01-31 06:00","0.8685"
"2019-01-31 06:15","0.854"
"2019-01-31 06:30","0.8706"
"2019-01-31 06:45","0.8644"
"2019-01-31 07:00","0.8665"
"2019-01-31 07:15","0.8677"
"2019-01-31 07:30","0.8729"
"2019-01-31 07:45","0.8645"
"2019-01-31 08:00","0.8654"
"2019-01-31 08:15","0.8794"
"2019-01-31 08:30","0.9352"
"2019-01-31 08:45","0.9063"
"2019-01-31 09:00","0.9139"
"2019-01-31 09:15","0.925"
"2019-01-31 09:30","0.9731"
"2019-01-31 09:45","0.9739"
"2019-01-31 10:00","0.9571"
"2019-01-31 10:15","0.9594"
"2019-01-31 10:30","0.9639"
"2019-01-31 10:45","0.9613"
"2019-01-31 11:00","0.955"
"2019-01-31 11:15","0.9568"
"2019-01-31 11:30","0.9699"
"2019-01-31 11:45","0.953"
"2019-01-31 12:00","0.9801"
"2019-01-31 12:15","0.9629"
"2019-01-31 12:30","0.918"
"2019-01-31 12:45","0.9331"
"2019-01-31 13:00","0.9255"
"2019-01-31 13:15","0.9549"
"2019-01-31 13:30","0.9695"
"2019-01-31 13:45","0.9702"
"2019-01-31 14:00","0.9724"
"2019-01-31 14:15","0.959"
"2019-01-31 14:30","0.9696"
"2019-01-31 14:45","0.957"
"2019-01-31 15:00","0.9519"
"2019-01-31 15:15","0.9666"
"2019-01-31 15:30","0.9572"
"2019-01-31 15:45","0.9712"
"2019-01-31 16:00","0.9691"
"2019-01-31 16:15","0.9654"
"2019-01-31 16:30","0.9567"
"2019-01-31 16:45","0.9362"
"2019-01-31 17:00","0.9468"
"2019-01-31 17:15","0.9535"
"2019-01-31 17:30","0.9437"
"2019-01-31 17:45","0.9583"
"2019-01-31 18:00","0.9041"
"2019-01-31 18:15","0.883"
"2019-01-31 18:30","0.8876"
"2019-01-31 18:45","0.9294"
"2019-01-31 19:00","0.9396"
"2019-01-31 19:15","0.9462"
"2019-01-31 19:30","0.9625"
"2019-01-31 19:45","0.9312"
"2019-01-31 20:00","0.942"
"2019-01-31 20:15","0.8521"
"2019-01-31 20:30","0.8395"
"2019-01-31 20:45","0.9225"
"2019-01-31 21:00","0.9465"
"2019-01-31 21:15","0.9519"
"2019-01-31 21:30","0.9587"
"2019-01-31 21:45","0.9395"
"2019-01-31 22:00","0.9526"
"2019-01-31 22:15","0.9016"
"2019-01-31 22:30","0.8687"
"2019-01-31 22:45","0.8695"
"2019-01-31 23:00","0.8545"
"2019-01-31 23:15","0.8664"
"2019-01-31 23:30","0.8556"
"2019-01-31 23:45","0.8621"
